,i,sequence,s1,s2,search_width_multiplier,bp_dist,new_fp_mp_runtimes,new_fp_mp_results,new_fp_runtimes,new_fp_results,cpp_orig_runtimes,cpp_orig_results,py_runtimes,py_results
0,0,AAAAUAAUGUACCGGACAUUCGCGCACGACCACCAUAUGGCAGAGCAUGUGUCUGUGGACCCACUAUAGCUGGGGCGCUUAACCCCAGAAAAGUAUCUUCGGUCUAUGCCUCACACGCAGCCUCCUAUUAGCAGCUCUCCUGGCCCACAAUUUUAUUAAAAGUCCAAGUUGGACUGACAAAACGCGUGCGGUGUCCUAGG,...........(((((((((.((((.((....((....))....((.((((...(((((((.(((....((((((.......))))))...)))......)))))))....)))).)).(((...................)))...........((...((((((...))))))...))..)).)))))))))))..)),.............(((((.((((((.((..........(((...((.((((...(((((((........((((((.......))))))............)))))))....)))).)).)))...........(((.....)))................((((((...)))))).......)).)))))))))))....,2,22,0.0041,3.1000000000000014,0.029,3.1000000000000014,0.10289999999999999,3.1000000000000014,0.0069,3.1000000000000014
1,1,GAUUGGUGGCAUAACCAGCGGUUUAAAAGCUGUGUAUAUCCGCAGCAAAUCACCGGAAAGCGGCGUUAUUAGCACCACAAAUUGAUGGUUGGUACGAGUACAAUUGCGCCGCAUAAAACCAGAGAUUCUACCCUCAAUCGGUUCUUAAGACGUACUGCGCGUUUCACCAGACCACAAUGCAGGGCGGCACCGUUAGGCAA,...(((((.(....((.(.(((((....((((((......))))))))))).).))...((((((((((((..((((........)))))))))...........)))))))..................((((((...((.(((..((((((.....))))))....)))))....)).)))).).)))))........,...(((((.(....((.(.(((((....((((((......))))))))))).).))...(((((((((((.(.(((((.........)).))).).)))).....)))))))..................((((((...((((....((((((.....)))))).....))))....)).)))).).)))))........,2,24,0.0032,6.600000000000001,0.0056,6.600000000000001,0.1184,6.600000000000001,0.007,6.600000000000001
2,2,CACAACGAGACUACUCAUGCACAUAAGGAAGGUUAUCGCCAUAGACAUGGCGCGGCAGCGCAGAAUGUUUAAAUCUAAAUCUGGUAUGGGAGGCGUGCCCGUUGGUAUGAAGAAAUUUGCUGGGAGAAAAAGUCUAAGGCCUUGAAUCCGGCGGGUCUUAAUACUUACCUACAAAAUCAUCAGGCUGUACUUCCUGUAUC,......(((....))).........((((((......(((.(((((((.((((....))))...)))))))...........((((((.....)))))).((.(((((.((((..(((((((((.....(((.(....).)))...))))))))))))).))))).))..............)))....)))))).....,......(((....)))((((.....((((.(((.((.(((.(((((((...(((....)))...)))))))...........((((((.....)))))).((.(((((.((((..(((((((((.....(((((...)).)))...))))))))))))).))))).))..............))).))))))))))))).,2,21,0.0043,9.599999999999994,0.0059,9.599999999999994,0.1157,9.599999999999994,0.0077,9.599999999999994
3,3,GCCGCUAGAUCGAGAUGUUUAGGAUAUGCAAACAGGUCUGGGGGGUCAUGUCUUUAAAGGUCAUCAUGAGGCUCCGCCAAGACUAGAGUCCGGCCGAGCCUACCACGGCUCAUCAUGGCGCACCCUCUUAUUUUGUCAACUUGCUCUUAUCCGAACGACAACUAUCACUUGGUUACUCUGCAAUGAUUACGUACCUAGUU,...(((((.......((((..(((((.(((((((((...(((((((..((((......((((......((((((.(((..(((....))).))).)))))).....))))......)))).)))))))...)))))....))))...)))))....))))((((.....))))(((((......))....))).))))).,...(((((........((((.(((((.(((((((((...(((((((..((((......((((......((((((.(((..(((....))).))).)))))).....))))......)))).)))))))...)))))....))))...)))))))))((.(((((.....)))))..))(((.........))).))))).,2,19,0.0013,2.5,0.0018,2.5,0.1017,2.5,0.0021,2.5
4,4,GAGACAAGGAGACACGGCAUAACGGACGGGGCCGCAUUGAAACGCCGGUUGCAUUUAGUCAUCGCGCCGAUAAAGGUGACACGACGGCCAGGGCUUAUGUUCGAAAGCCCGUUUCUUUCUUACACCGCCAGUGCCUAAAUGGUUCAAUGUCAACGCGUGUACAGGAGAUCCAAAGCUCGCGCAGUGCCUUUAUGAUAUAC,..((((..((..((.(((((...((.(((.........(((((...(((((......((((((...........))))))....))))).((((((........))))))))))).........))))).)))))....))..))..)))).(((((((..(.((....))...)..))))).))...............,..((((..(((....(((((...((.(((((((((((((...(((.(((.((.....)).)))))).))))...........).))))).((((((........))))))..............))))).))))).......)))..))))...(((((..(.((....))...)..)))))..................,2,39,0.0306,15.299999999999997,0.0284,15.299999999999997,0.1289,15.299999999999997,0.0337,15.299999999999997
5,5,UAGCGCUUAGAUUAUUUAUCGCUGCCUGGCGGCGAAACUUAGGCGGGUCAGUCGCCGUACGAACACACGAGAGACCAUCCCUCAUUAGGGUUUCGAUGUUGACAGGUCCAAGAAUAUCUCAAACGUAAAAGUGAGUACCAUCCGAUAGUCUACGUGGUGCUUUAAUCAAACACCUAACGGAUCAUCGUACGCCGUCAGCA,.((((..((((...)))).))))((.((((((((.......(((((.....)))))((((...(((....((((((............)))))).(((((...((((........))))..)))))....))).))))....((((.((((....((((.((.....)).))))....)))).))))..)))))))))).,(((((..((((...)))).))))).((((((((........(((((.....)))))((((((......(((.(......)))).(((((((((.((((((............))))))....((......))((((((((..((........)))))))))).....)))).))))).......))))))))))))))..,2,78,0.2397,13.399999999999999,0.2423,13.399999999999999,0.3538,13.399999999999999,0.3152,13.399999999999999
6,6,UAAAAUGAUCACGGUUUCAGCUUUGGACAGGGCGUUCCACUAAACUCCUGGUGACAUAGAUAUAUUGGAUUGCAACUACUCGUCGGUCCGGUUGGCGUUCAACCCGCGAUAAGUUGGCGCUUGUCCCACUCCGUAAACCUGUGUCUCUCAGGCGGUUACCCGAUAGAAGGCAGUAGGAUGUAUCACCCCCCACCGACUCC,.....(((........))).....(((..(((.(((......))))))(((((.....((((((((..(((((..((..(((((((...(((((.....)))))...(((((((....))))))).......((.((((...((((...))))))))))))))).)))))))))..))))))))......)))))..))),.....(((........)))...((((...(((.((((((((.(((((((((.(((((((.......(((((((........).))))))(((((.....)))))...(((((((....))))))).............))))))).).)))).))))..((.......)).))).)))......)))))...))))....,2,86,0.2902,15.300000000000004,0.5181,15.300000000000004,0.5701,15.300000000000004,0.401,17.960000000000004
7,7,ACUAUACAACGAAACCGGCCCUUUGUGAAUAAACGCUCUCAGUUAGAUUGAGCGGCGCAACAGAACCAGAUCGAUUCCCGGGGCAGUAGUGUCCUACUGCCCAACCCGGUAGAGGGAUCGAGUGGUCUAGGCGAAUGAUACGAGAGGCUCACUGGGGACGAUGGGAGUGAUCUACUCGAUGUUGCGUCCGAUCACAUCCA,.......................(((((.....(((((...........)))))((((((((.....(((((.((((((((((((((((....)))))))))..((((((.(((...(((.....((.....))......)))....))))))))).....))))))))))))......))))))))....)))))....,.........((....))......(((((.....(((((...........)))))((((((((((...(((((.((((((((((((((((....)))))))))..((((((.(((...(((.((.((........)).)).)))....))))))))).....))))))))))))..))..))))))))....)))))....,2,10,0.0007,1.7999999999999972,0.0006,1.7999999999999972,0.09809999999999999,1.7999999999999972,0.0015,1.7999999999999972
8,8,AGCUUAAUGAUCCACGGGUUCGCUGCACUGCAGCUUUUCACGGACUCUGUGCCGUUUGGAGUGACCAGGUCUCUCCCGCUUCGCGCGAGGUGGGUCCACGCAAGCCGGCACGCGAAAGGGCGGCUAUGUACAGCUCUUAAAACCACCAGAGGUUUAGUGAUCACUGAGGCUUGUUCGCAAAUCACUGCAAUUAGAUAUGA,(((((..(((((.(((((((((((((...))))).......))))))(((((((((((..((((((.....((((.(((...))).))))..))).))).))))).))))))...((((((...........)))))).(((((......))))).)))))))...))))).....(((......)))..(((....))),...((((((((((((......(((((...))))).....((((.(.....)))))..((((.(((...))).))))(((.....)))..)))))))...((((((((((.(((......)))))).....(((.((...(((((......)))))...))...))).)))))))..(((......))).)))))......,2,96,0.4363,23.5,0.6436,23.5,0.7577,23.5,0.5625,23.5
9,9,CUCACGAUAUGGGGCACGGUGCAUACAUACAAGAAUUACUUGGCACCCCCGCGGAAAGUAGUCUCCUUGUACGCAUAUCGCUACAAAAUCGGGGAACUUCCAUACAUCCUGUUAUGUGAAAUGCGACGUAGAAGCCACACACUCGUCAUUGACAGAUCUACGAAUUAUGGGUCUACUAAGAAAUUUCACAUUCCGUAGAU,.(((((...(((((....((((.......((((.....))))))))))))).((.((((..((((((((((.((.....)))))))....)))))))))))..(((...))).(((((((((.(...((((.(.(((.....((((.(((....)))..))))....))).)))))...)..)))))))))..))).)).,.(((((.....(((...(((((.......((((.....))))))))))))..((((.((..((((((((((.((.....)))))))....)))))))))))............(((((((((.(...((((.(.(((.....((((.(((....)))..))))....))).)))))...)..)))))))))..))).)).,2,16,0.0016,6.399999999999999,0.0026,6.399999999999999,0.0888,6.399999999999999,0.0025,6.399999999999999
10,10,UCUUGUACAAGGAUAGUGACUCCGCAAUUAGGACUGAACAAUAACUUGGGCGUAAAGUAAGCGCAGGACUAGAGGAAGGCUGGUGCGCGAUAGGCCCCCGAUCAUUGAUCACGUCAAGGACACUCUUGUUGAUGAAGCUAAGGGGCGCCGCCUCCCAUCGCUUUGAAUGACGGCGCAAUGAGGCCCGGAUAUAACUCGGG,((((((.........(((....)))......((((((.((((...(((((.((.......((...(.(((((.......))))).))).....)).)))))..)))).))).))).......((((((((.....))).)))))((((((.(...((......))...).)))))).))))))(((((.......))))),((.(((((.((..((((...(((.......)))...........((((.((.........)).))))))))........)).))))).))..(((((((.....((.((((...(((((....))))).)))).)).....)))).)))(((((....((((.(.....).))))....)))))((((.......)))).,2,102,0.5033,15.7,0.7608,15.7,0.889,15.7,0.5759,17.9
11,11,GGAACAAGCAGCUGCAACAAGUUUGAACGGUUUCUCCUGCAGAAUGAGUGGUACCCUAACAUGCUAGGCUGCACUGGAAGCAAUGUCCCAUUGACCACUCCGCUCUCCCCUCUGGGAGUCGUGGGCCUGACCCCGAACUCACAUGAUCUAAUCAUUGCCUAAGGGACAUUUCCACGUGUAAGAAACCCGGAAACAUCGUU,.......((....)).....((((....(((((((((((....(((...((...))...)))..)))).(((((((((...((((((((.(((..((.(((((.(((((....)))))..)))))..(((....((.(......).))...))).))..))))))))))))))).))))))))))))...))))......,......((...)).......((((....(((((((((((((.....((.(....)))....))).))).(((((((((...((((((((...........((..(((((....))))).))(((((.(((....((.(......).))...)))..))))).)))))))))))).))))))))))))...))))......,2,33,0.0087,1.7999999999999972,0.015,1.7999999999999972,0.1241,1.7999999999999972,0.0175,1.7999999999999972
12,12,UGGCUUAGAAUGAACAGAUAGAUUGCCUACAACAAAAUACUGAUGACGGGGGAGCCGUGACAUGGCGGCCACCGCUAGUCGGCCUACGCUUUAAAACAUAUGCUGUUAUCAGACGCCAGUCCAUCUUCGGUCACGAGCGCCUGGUACCUUCUUAAGAAGUAGCGCUGGUGGAUAAUGUUUCUCAUGCCGGCAAGGCCUCC,.(((..(((...(((((((.(((((..............((((((((((((..(((((......)))))..))(((....)))...................))))))))))....))))).))))....((((.(((((....(((.(((....))))))))))).)))).....))))))...)))(((...)))...,.(((..(((((((..((((.(((((..............((((((((((.(((((.(((((.((((((...))))))))).))....)))).........).))))))))))....))))).))))))).((((.(((((....((.((((....))))))))))).)))).......))))...)))(((...)))...,2,35,0.0131,14.0,0.0238,14.0,0.1119,14.0,0.031,14.0
13,13,ACGUCUCCGGUCUUUGACGAGUCUCAUUCAAUGGCUGGUAGGCUGAUAGCAGCCUUACAUUCUCAGGCAACCUAUAAAUCCACGACUAUUACUCGAUGUAGUGCCUGUAGCCUGCACUUUCAAAUACAAGAUGCGAUCUGGUCCGACUAGAGUUCGCCGCAUUAAUCAUAGACAGAACCGUCGUUGCCUUGGGCACUUUA,.......(((((.((((..........)))).)))))((((((((....))))).)))...((((((((((...........(((.......))).(((((.((.....))))))).............(..((((((((((...))))))..))))..)..........(((......))))))))).)))).......,..((((..((.(..(((((..(((...((....((.(((((((((....))))))........((((((..(((((......(((.......))).)))))))))))..))).))..............((((((.((((((...))))))......)))))).......)).)))..)))))..)))..))))......,2,77,0.1791,20.700000000000003,0.3343,20.700000000000003,0.4128,20.700000000000003,0.3508,20.700000000000003
14,14,AAUCCAAUGCAGUCGAGUGAAGUACCGUCGUAGUAGCUAUAACCACCUUAUUCUUGCCCCCUGCAAGCGCUAGAUACUGAUCCAUGCUAAUAAAGUAGUCAUACGUCAAGCGAGACAUUGUUACGUGAUGGAUAAUGGUAUGCAUACACCUGGGCUGCACUCUAGCAGCAUACUCUUUGUUAUACAGCGCGUUUAUACUA,.....(((((.((.(((((.(((.(((..((.(((..((((.(((...(((((((((.....))))).....))))...((((((........(((.(((...(((...))).))))))........))))))..)))))))..))))).)))))).)))))((((((........))))))....))))))).......,...((((((((..(..((....((((((((..(((((...............(((((.....)))))((((.(((..((((...((((.....))))))))...))).)))).......))))).)))))).)))).)..))))).....)))(((((......)))))........((((....))))...........,2,103,0.3647,17.3,0.5862,17.3,0.7088,17.3,0.5979,17.3
15,15,GUUGGGGUAGGGGCCCGACUAAUAGCAGUUCUUUGACAAUUCUUCUGCGUUAUUCAUUUUGAUAACAAUUAUUAUAUAAGUGCUGGAAAGCCAACCAUAUCGGCCUUAAUCCCCAACAGAAAACCUUCACGAGUGGGGUCGGUUUCGCAAUUCCUUGCGUGAGAGCCGAGGUUGGUUACAUGAGAAUAACCACGCCGAAC,((((((((((.((((.........((((................))))((((((......)))))).............(((.(((....)))..)))...)))))))..)))))))......(((........))).((((((((((((....)))))...)))))))(((((((((........)))))).)))....,(((((((..((((((.((.((((.((((................)))))))).))((((..((((......))))..))))..(((....)))........))))))...))))))).......((.((((...((((..............)))).))))))...((..((.(((((........)))))))..))...,2,61,0.085,14.200000000000003,0.138,14.200000000000003,0.2415,14.200000000000003,0.1222,14.200000000000003
16,16,UAAGGAAACUGAUGAGGGCAAAGUCUCUUCAUUGGCGCAAAACGGGGUAGAUGUCGGCCUGCAGGUGAUGAUGUAUCCGUCCGGCGAUCAACGCCUAAUUCGCAUCUCUUUAGGGUAUGAAAUGUUAUAUGCUACGGGAACAAUGCCGACCUUCGGAGACCUAAGGAAUACGUCUUUCGAGCGGAAGGAUUCCUCGUUCA,.........(((((((((....((((((...(((((((((...((.((.((((((((.(((((........))))...).)))))).)).)).))...)).)).((((..(((.((((((....)))))).))).)))).....))))).....))))))...........(((((((.....)))))))))))))).)),..(((((.((((((((((.......))))))))))........((.((.(((((((((.((((........))))...).))))).))).)).))......((((.(((((((.((((((....)))))).))).))))...))))(..(((((((((((...........))).)))))).))..)..)))))......,2,74,0.1528,14.0,0.2911,14.0,0.3608,14.0,0.2893,14.0
17,17,AUGCCAACUUAUUCUUGUUGGUUAAGGCAACGAAUCCCCUACGUCUCAACACGAAGUGGAUGACCAGGGAUGAAACCACGCUGGGCCAGCUUCCUCCCUCCGAUGUGUGCUCAUUCCAUAAGAUCCAGGCGGUGCGCCUCAAUCACUCACCUGUUUAGAUCCUUUUAUCCAUGGGGGACAUUGCCGGAGCUGAUCUGUAA,..((((((........))))))...(((((.(..((((((((((......)))...(((((((...(((((((...((((((.((..((........)))).).))))).)))))))....((((((((.((((.........))).).))))....))))...))))))))))))))).)))))(((.....)))....,..((((((........))))))....((((.(..(((((((.((((.((((.....(((....)))(((((((...(((((((((..((....))...))))..))))).)))))))....(((..(((((...)))))..))).......)))).))))...........)))))))).))))((((.....))))...,2,54,0.0488,11.700000000000003,0.0818,11.700000000000003,0.1988,11.700000000000003,0.064,11.700000000000003
18,18,UUUAUUCAGCGAUCCCCUGAGAUCCUGGCUCUUCCGUUCGGCUCUAGUCGCUAUAUAAUCCCAGCGUAUUAGUUAUGGCCUGGAGGUAGAAGCGUUAGAGCAAUACUUCUACAGAGACCACGUGAGGUAGCUGUCUUAAGUCGUUGCUUACUGCGUGAGAUUGCAGCCAAUUAGCGGCUGUCUCAUCCGUACAUAAGGUA,......(((.((((......)))))))(((((.((.((.(((((((((((((..........)))).)))))....)))).)).)).))).))....(((((((((((..((((..(((......)))..))))...)))).)))))))..((.((((((...(((((.......))))))))))).))...........,(((((((((.((((......))))))))..((((((...(((((((((((((..........)))).)))))....)))))))))).....((((..(((((((((((..((((..(((......)))..))))...)))).)))))))...))))(((...((((((.......)))))))))........)))))...,2,31,0.0108,9.299999999999997,0.0203,9.299999999999997,0.1117,9.299999999999997,0.0194,9.299999999999997
19,19,UAUGUCUGAGAUUAAUUCUCCGUCGAAUGAUAUACGCACUCUGCCAGCGUCCCCAUAUUAUUUGUGCCUGGUUCUUGCGGUUAGGCACAGGGCUACGUUUGUAAAGCGACGGUCCGAAAUAAUCUUAACUCUAUGCCCGAAUUAGGGCCCCACCGAGCCAGCGAGGGUCAACGCUUCACACCAUCGGGCUUGAAAGUCUU,......((((((((.(((.((((((....(((...(((...))).(((((.(((........(((((((((.........))))))))))))..))))))))....))))))...))).)))))))).......((((......)))).....((((((..(((((..............)).)))))))))........,...((.((((((((.(((.((((((..........(((...)))((((((.(((........((((((((..((....)).)))))))))))..)))).)).....))))))...))).)))))))))).....((((......)))).....((((((..(((.(((...........))).)))))))))........,2,16,0.0018,3.5,0.0026,3.5,0.0897,3.5,0.0031,3.5
20,20,GGACCUCAGGGUAUCCGGGCCUGUAAUCACGGCUAGUGCAAUGCGGGUGUUUCGAGGGCCAGGGCUUGUUCGUUGGUCUGGUCGCCAGAGUUUGUAGAAGUAAGGUCCCACACCCCCACGGGAUUUAUGCCUCAUGCGAGACUCGAUUAUCUGACGCUUAGGAGCCUAAGUGGCGGAGUCUCGCGCUGAACCGAGCACAG,..(((....))).....((((((....)).)))).((((.....((((((...(.(((((...((((.(.((..(.(((((...))))).).)).).))))..))))))))))))...(((..((((.(.....((((((((((..........(((((((....)))))))...)))))))))))))))))).))))..,(((((....)))..)).((((((....)).)))).((((..((.((((((...(.(((((...((((.(.((..(.(((((...))))).).)).).))))..)))))))))))).)).((........))(((((((((((((..........(((((((....)))))))...)))))))))).))).....))))..,2,17,0.0013,1.6999999999999957,0.0017,1.6999999999999957,0.08929999999999999,1.6999999999999957,0.0031,1.6999999999999957
21,21,UCGCCGGGUACCCUCAAGUCUGGCCCUGACUAUAGCUAUCCCACGCUCGGUCCGACAUUAAGACACACCAGGGUCUCGUAUCCCUAGGGUAAGGUACGCGCGGACCGGCCAAUCGGGUAUUGCUGCAAACUAUGGCAAUAGUGCAUAGGUUCAGACGAAGUACGGGUGGAUAUUUGUAGCCAGUAUGCUGGGUCUCCGGG,...(((((.((((...(..(((((......(((((.((((.(((((.(((((((..........((.((((((........)))).))))..........))))))))).((((..((((((.(((........))).))))))...))))....((.....)).))))))).))))))))))..)...)))).))))).,...(((((.((((...(..(((((......(((((.(((.((((((.(((((((.............((((((........)))).))............)))))))))...(((....((((((.(..(((((.((....)))))))..)))).)))....)))))))))).))))))))))..)...)))).))))).,2,36,0.0142,11.899999999999999,0.0234,11.899999999999999,0.1101,11.899999999999999,0.0256,11.899999999999999
22,22,GAACCAGACCUUCCUCGUAGGUCACCAGCUCGAAUCUAGGGCGAGGACGAUCACUUACCAGGAAGGCUGUAUAAAAUGCGUCUGAAUGCACUUCCGUACACUCCAUAUUGCUAUCAGAGAGAAACCCUUGUAUUUACAGUAAAAUAAUUCAUAAGGCAGGUAUCUACCAGGCUCCGAGCCAUUCCAAACUGAACAGAUAU,....(((.(((((((.((((((..((.((((.......))))..))......)))))).)))))))))).......(((.(((((..(((..................)))..)))))(((.....)))..........................)))(((....))).((((...))))....................,........(((((((.((((((..((.((((.......))))..))......)))))).))))))).(((((....(((((....))))).....)))))....(((((....((((...(((..(((((((((...........)))..))))))..(((....))).((((...)))).)))....))))...))))),2,48,0.0511,6.5,0.0811,6.5,0.1609,6.5,0.072,6.5
23,23,CGAAUUGAGGAUGUACAGAGAAAUCCUGGGUGUGAAACGAGGCGGCGGUAGCUAUGAGGCAGGCAAAAUGGAUCACAGGGCUAAACCAGCCAUCAGUAGCUUGGGAAUCCAUCUUCGAGACAGUGUACAUAGAUACCAAUGAUCUAGAAACAAUUAUCAGCACUCCCGCUUCGUCGGGGAACCGGACGUAGUCUUAGAGA,...(((.(((((..........))))).))).....(((((((((.(((.((..(((...........(((((((..(((((.....))).........(((((((.....)).)))))................))..)))))))..........)))))))).)))))))))(((....)))................,((.(((.(((((..........))))).))).))..(((((((((.(((.(((..((((........((((((..(.((((((.............)))))).)..))))))))))..((.(((((...(((((.......)))))...))).)).)))))))).)))))))))(((....)))(((...))).......,2,57,0.0811,15.66,0.1293,15.66,0.22849999999999998,15.66,0.1072,15.66
24,24,ACAAUUCUUUCUACAAUUCGAAAAGCUACUACCGUGGUGGAAUCUAGAGAAACAUUUAUAGGCGUAUGACGGGGUUUCACAGCUAGAUCCAUGAUGUAAUUGUGAUAGUCUACGUAUCAACCGUACCCCCGGGGAAAUCCUGAAAUGUAGCGCGUCACGACUAAAGUAAUUCAGUAUCGUCGGUGGUAGGCGUCUCAAAU,...................((....((((((((((((((((.(((((.(((((..(((((....)))))....)))))....))))))))))........((((((.(.((((((.(((......(((...)))......))).)))))))..))))))((....))..........)).)))))))))...))......,...................((...(((((((((((.(((((.(((((.(((((..(((((....)))))....)))))....)))))))))).))......(((((.((((((((.(((......(((...)))......))).)))))).)))))))(((.................))))))))))).)...))....,2,19,0.0025,3.0999999999999943,0.0034,3.0999999999999943,0.1086,3.0999999999999943,0.0047,3.0999999999999943
25,25,AGCGGAGGGGUCUAGUGGUCACAUCCUACGAGUUCGGGGCACCGAACAAAUCGAAGUCUACCGAGAUAGGGCGUUCGUUAGGCGGACGCUAGCCCAUCAUUUCUCAUGGUUCAUUGAUACUGGACACCUAAUCUGCUAGUUAAUCCCCAGACUACGUAGACCGGGAGUCGUGAGUUCGUCGUAUGGCCAAAAAUUCUGAU,((((((((((((((((.((((...(((.(((((((((....))))))...)))..((((....)))))))((((((((...))))))))....((((........)))).....))))))))))).)))..))))))........(((.(.((....)).).))).((((.(((((.(((....)))....))))))))),((((((((((((((((((......)).....((((((....))))))..(((((.(...(((((((...(((((((((...)))))))))...........))))..))).).)))))))))))).)))..))))))..........((((.......(.(((...(.((......)).)...)))).......))))..,2,63,0.0948,10.299999999999997,0.168,10.299999999999997,0.2617,10.299999999999997,0.1399,10.299999999999997
26,26,AAGACUGUUUGAGUCCAGACAAUAUAAGUUGUGUCAGACCCUAGCACGGCCACCGAGUAUAGGGGAAACUUGGAUCGAAGAGCGUCAGGGGCGUAGCUCGAAGAUGGCGACGAUGUGCAGAGGAGUCGGAGCUACGCGAAUCGAUGUUCGGCGUCUUACAGGGUUGUCUCUCGGCCGGCCCUCAACAACCUGUUGGCUGC,..((((.....)))).(.(((((....))))).).......((((..((((.(((((....(((.(..((((...((..(((((((....(((((((((........((((.............))))))))))))).....)))))))..)).....))))..).))))))))..))))..(((((...))))))))).,..((((.....))))(((............((((.((...)).))))((((.(((((...(((.((..((((...((..(((((((....(((((((((((.....(((......))).......))).)))))))).....)))))))..)).....)))).)).))))))))..)))).((((((...))))))))).,2,40,0.018,7.200000000000003,0.0296,7.200000000000003,0.1154,7.200000000000003,0.0359,7.200000000000003
27,27,GUCUCUCUCGUGCUGGCUAUCUUCUAUGCUCAUACUAAUACUCUAUGCCAAUCUGCCAAUGCUACGUCAGUCUCAUCUAUGCCAUGACGUGGACUUAUUGAGGUUGGCGGUGCAGGACGCGGGGGGCAGAAGUAAGUACCUGCACAUGUGGGCACGUAGAUGAUCUGCAGUAUUAGGCGAGGGGCUAGGGCUCAGAAAAU,(((((((((((((((...(((.((((((((((((...........(((((((((......((((((((((.(........).).)))))))).)......)))))))))(((((((((.................)).))))))).)))))))..))))).)))...))))))..)).)))))))...............,(((((((((((((((...(((.((((((....((((..((((...((((..(((((...(((..(((((((((((((((((......)))))).....)))))))))))..)))....))))).))))..))))))))(((((....)))))..)))))).)))...))))))..)).)))))))...............,2,79,0.1782,24.0,0.3003,24.0,0.406,24.0,0.3201,24.0
28,28,ACAACAUGGUACGGUGCGUAUUCUAUCCAGCUGUAGCCGGUAUGAGCGCAUGGAAGAAACGGAGCACAUGCGUGCCACGGAAGUACUAGCAGAGUCUAGCACUCCCUUCGCGGAUCGCUAGCGUGUUUCUAUUAUCAGUACUACGAUUGUUGUGCUUGCCUAACACCUGACGCUGAGGACGAUCCUUACCGCAGGUCUGU,.......(((((.((((((..((...((.((....)).))...)))))))).).(((((((..((....(((..((.(((((((.((((......)))).)))...)))).))..)))..)).)))))))......(((((.((....)).)))))))))....(((((.((.((((((...)))))).)))))))....,((((((((((((...((((..((...((.((....)).))...))))))((((.(((((((..((....(((..((.(((((((.((((......)))).)))...)))).))..)))..)).))))))).))))..))))))....))))))...........(((((.((.((((((...)))))).)))))))....,2,30,0.0079,11.300000000000004,0.0126,11.300000000000004,0.10250000000000001,11.300000000000004,0.0103,11.300000000000004
29,29,UUUAAACUCAAAUCCGGGGAAGUACGGAUCUUGUAGGCGCUCGAACCUGCGAGUGACUGCUUUGCGCGGGGUCACGUAUAUCACUGCUCCGUUUUAACUCAAGUCUCCACACGAGACUAAACUACGAACGAACGAGUCCAGGGCUGUCGAACACACCUUAAAAGUCUCACGGGACCCAGGUCGGAGUCUCACAGUUUUGU,.......(((((..(((((.(((((((((((((((((((((((......))))....)))))...)))))))).))).....))).))))).)))......((((((.....))))))...........)).......(((((((((.((((.(((((.....((((....))))..)))).)..)).))))))))))).,.....((((..(((((........)))))...((((.((((((......)))))).)))).(((.((((((.((.((.....))))))))))..)))....((((((.....))))))...............)))).(((((((((.((...(((((.....((((....))))..)))).)...))..))))))))).,2,63,0.0954,11.299999999999997,0.1609,11.299999999999997,0.26030000000000003,11.299999999999997,0.1298,11.299999999999997
30,30,AAUCAUAAAACAGGCAACCGUCGGGCCACAAUGCGCCACUUUUAGGAAUAUACCAAUUUGACGACCGGCUUUGAGCUUGCGGCUGGUGACGUCCAUACCAUCCGGCGGGGUCGAACCGUAAUUUUACGCAAGAAGUACGACGGCGUCUGACAAGUUCAUUCACCGUGCGCGACAUGUCUCGGUAUGCUGCCUAUAAAGUA,...........(((((....(((((.....(((((((((......((((..((...((.((((.(((..(((((.(((((((.(((((.......))))).)).))))).))))).((((.((((.....)))).)))).))))))).))...))..))))...))).))).)))..))))).....)))))........,...........(((((((((..((((.....((((.(((......((((..((......((((.(((..(((((.(((((((.(((((.......))))).)).))))).))))).(((.(((((......)))))))).)))))))......))..))))...)))))))....))))))))....)))))........,2,35,0.0138,6.5,0.0199,6.5,0.11130000000000001,6.5,0.0279,6.5
31,31,AGUGCACUGAUCUACAAGCAUAAGCGGGACGCUUCGUGAGUACAUUCAGACUGCGCGACGACACUCGGCGUUCAUACCCGACGCAGCCAAAGGUGCCCUCUGUAACGUGGUGAACCCGCUGAGCAGAGGAUUAAUGGCGUAGAAUGAUAACGCAGGAAACUCUAAUUAUAUCGACGUCUCAUGGCUCAGCCGUAGGUAUA,.(((((((((........((((((((...))))).))).......))))..)))))((((....((((.((....)))))).(((.(....).)))(((((((...((((.....))))...))))))).......((((.........))))((....)).............))))..(((((...))))).......,.(((((((((..(((..((..(((((...))))).))..)))...))))..)))))........((((.((....)))))).(((.(....).)))(((((((...((((.....))))...)))))))......(((((.(((((((...(.((....)))..))))).)).)))))..(((((...))))).......,2,29,0.0067,8.299999999999997,0.0095,8.299999999999997,0.1,8.299999999999997,0.0107,8.299999999999997
32,32,UGGCCUGUUGGGGAUGUAUUAGAAUAAAAGAUGGAAUCUUUCCUUUUAGCACACCUAGAACCAUUCCCUGUCGGGCUCUAGCCCGCGCUCCACGAGUUCGCCCGGAGGGGCCUUACGUCACCUCAACAUGGUAAUAAUGAUGUGCGACCACGCUGAUGAACUCACUCUUCAGACUCGAUUGGCAGGAUCCUUCAUUCUGU,..((((((((((((((((((((((..((((((...))))))..))))))........((((..........(((((....)))))..........))))((((....))))..)))))).)).))))).)))........((((....))))((((.((......)).)))).........(((((((.....))))))),.((..(((((((..(((..(((((..((((((...))))))..))))))))..)))))...))..)).((.(((((....)))))))..(((((((((.((((....))))...((((((((.......)))......)))))(((....)))(((.((......)).)))))))))..)))((((((.....)))))).,2,61,0.0532,14.700000000000003,0.1002,14.700000000000003,0.1899,14.700000000000003,0.0909,14.700000000000003
33,33,AUCCUUGUCGCCCUGAAAUUUCGACUAAAGAACUGUAAAACCAAGCGAGGGAGCGCAGUGUACGCGUAUCAACCAAAGGCGGCCCAGUGGUUGCGCCGAGUACGCCAACGACAGACAGUCCCCGUUCGUCCGAUUAUCCAAGAACUAAUAUUAGAUAUGAGGUCGUAACAACCUCGCGUGAUAUCUCUAUUCAUGGUCAG,................................(((....((((....(((((((((.((((((.((...((((((..((....))..))))))...)).))))))........(((...........)))....((((.((.........)).)))).(((((.......)))))))))....))))).....))))))),......((((...........)))).......(((....((((....((((((((..(((((((((...((((((..((....))..)))))))))...))))))....(((.(((.......))).)))......((...)).(((....)))...((((((.......)))))))))....))))).....))))))),2,31,0.0091,3.8000000000000043,0.0151,3.8000000000000043,0.1031,3.8000000000000043,0.0096,3.8000000000000043
34,34,AACAUUGUUCUGCCCAAGUAAUGGAGGCAAUUUUCAGUCUCGAAAUCUUCCAGACGGUCCCCGGGUAAAAAUUUCAUACCCCUAAUUGCGUUGAAUACCUGGCGUCAACGUGUACCCGUCUUCUUAACUAAAUUGGUGGAUGCAUCCGGAAUGAUUGUUUCGGUAAUACAAGCACGAUCUCGUAUAUAAGAAAUAGUGAG,..((((((..(((.((.(((.(.((.((((((....((((.(((...))).))))((...))(((((.........)))))..)))))).)).).))).)))))...(((......))).((((((..((...(.(((..((...(((((((....))))))).....))..))).).....))..))))))))))))..,..((((((..(((((........).)))).......((((.(((...))).))))......((((((...................((((((((..........))))))))))))))..((((((.......(.(((..((...(((((((....))))))).....))..))).).........))))))))))))..,2,48,0.0344,11.600000000000001,0.0631,11.600000000000001,0.1527,11.600000000000001,0.0614,11.600000000000001
35,35,AACCGCAAAAGAUGUCGGGUGCUAUGAGGAGCACGAACAAGGUUGUCGGUGGUCUCGUCUUUUCUUUUUCGACUGGGCAACAGCCUAUUUUUAUUAUUUGAUAACUUGCGCAAUCCGGAUUGCUGCGCGUCACCGCCUCUAAUGUAACGAGGAACUGAGCGCUAUCGUAAAGCGUUCCCCAGUGGAUCCCUUGAUGAAUG,.(((((....(((((...(((((......)))))..)))...))....))))).(((((.........((.((((((.(((.((......(((((....))))).....(((((....))))).((((.(((...((((.........))))...))))))).........))))).)))))).))......)))))...,.(((((((....(((...(((((......)))))..)))...))).))))....(((((.........((.((((((........((....)).....((((.....(((((...........)))))))))...((((.........))))....(((((((.......))))))))))))).))......)))))...,2,54,0.038,8.600000000000001,0.0548,8.600000000000001,0.1666,8.600000000000001,0.0636,8.600000000000001
36,36,UCGGGCCAAGAUCUCAUGCGGCAAGUUGUCUAUCGAUUAGAGAAGAUAAAACUUUGGGCCACUCGAACAUAAGUGUACAGGCCAGGCUUAGCCGAGGUGUCGACGUUCUCCAUUAAUUUUCUAGCAUUCGUAUGGAGGACGAUAUAACACUAUAUCCAGCACACAGUCUGUUCGAAGUAAAAAAAAUCGUACCCGGAUCA,(((((....(((.......((((((((((((.((.....))..))))))..)))...)))(((((((((.........(.(((.(((...)))..))).)...((((((((((..........((....))))))))))))(((......)))...............)))))).))).......)))...)))))....,(((((....(((.....(.(((..(((((((.((.....))..)))))).....)..))).)(((((((...((((.(.((...(((...)))..(((((...((((((((((..................)))))))))).....)))))....)).).))))....)))))))..........)))...)))))....,2,30,0.0114,2.6000000000000014,0.0203,2.6000000000000014,0.1053,2.6000000000000014,0.0091,2.6000000000000014
37,37,CUAGACGGAUGCCACGUCCUUGCGAUUUAGCUCGGCAUCAUGUCUCAACGUUUUUGGUUACGGAUCCUCUGGCGACGAUACAGGAGUAAUGACACUUUGGCUUCCGGCCCGCGAGGACCUGGACGUCCAUCGCCUGAUUUUGUUGUUCCACGACUUAUCCAUAAGUGCCGUCAAUAGGCUGUUUGAUCUAUGAGCGGUGG,...((.((((((((.(((((((((....((((.((..((((..(((..((((....((..((((...))))))))))......)))..))))..))..)))).......))))))))).))).))))).))....(((......)))((((..(((((........(((.......)))..........)))))..)))),...((.((((((((.(((((((((.........((..((((..(((.......(((....((((...))))....))).....)))..))))..))..((((...))))))))))))).))).))))).))((.((..(..(((((...)))))..)..))...))(((((..((((((.....).)))))..)))))..,2,53,0.0497,7.699999999999996,0.081,7.699999999999996,0.18159999999999998,7.699999999999996,0.0793,7.699999999999996
38,38,GCAAACAACGUACAGCCUCACCGACUUGCCCAUCGUUCAAACAUUCGGCCACCCCCUGCCUAAACACCCGGCUGGCUUUGGACUUUGGAAAGCUUUCAUUAACUGACGGGUGUUAAGCAUUAAGCGAUUAUUUGCGGGCGCCUGGCCUCAGCGCAAAAAUCAUGGGCAAAUAUACCUAUCACCCGACUUCUUACAUUUGC,(((((....(((...(......)...)))(((..(((((((...((((((...................)))))).)))))))..))).......(((.....)))((((((....((.....))((((.(((((((((.....)))....))))))))))(((((........)))))))))))..........))))),(((((....((......((...)).((((((((.(((.........(((((..((((((...((((((((((((((....).))......))).............))))))))..)).....((((....))))))).)..)))))..........))).))))))))...........)).............))))),2,93,0.3238,30.700000000000003,0.5388,30.700000000000003,0.6392,30.700000000000003,0.5456,31.900000000000002
39,39,AAUAUAACAUUUGAGAGAUCAACGACACGGUACAUAGGUCAGUAAUGCUGUUGCUCUCCGACGAGCCGGCUUAUGGUCCCGGCAGGGUGGUGCCUUAAAAAAGGCACGAGGAUAUACUCACCACGCUCGCAGCCCAUACAACGGAACCGGGACGGUGGGACCGGAUCAAUUACGCAUAACCGACGCGAGUUUACAGGUCU,............(.((((.(((((.((...(((........))).)).))))).)))))(((((.(((((((((.(((((((.((.((((((((((....)))))..(((......)))))))).))......((.......))..))))))).))))).)))).))((((.(((.........))))))).....))).,............(((((.....(((((((.(((........))).)).)))))))))).(((((.(((((((((.((((((((((.((((((((((....)))))))(((......)))..))).)).))..((........))...)))))).))))).)))).))((((.(((.........))))))).....))).,2,35,0.0119,7.700000000000003,0.0199,7.700000000000003,0.1269,7.700000000000003,0.0272,7.700000000000003
40,40,CCGACAUACUAGCCAGGAGGAAGCCAAACCUCCAGCACGCAACCGAGCUGAUAGUCCAUAUACUCUAAUGGUGCCAGACCCCUCUUUGCUUGAGAGGACGGACCCGCCCGGUGCUUGGCCGCCUGACAUAGAGGUAGUCCUGUUCUUUGCGGAGAAAAUUGGGUGGGGUGUGAUAUAACCUGCCACUUGUAGAUCUAUUC,...((((........(((((........))))).((((.((...(((...(((.....))).)))...))))))......((((((.....)))))).....((((((((((..((..((((..((...(.(((....))).)))...))))..)).))))))))))))))........((((.....))))........,..((..(((.((...(((((........)))))..(((((....(..(((.....((((........))))...)))..)((((((.....)))))).....((((((((((....(((.((((.......)))).)))((((.....)))).....))))))))))))))).............)).)))..)).....,2,63,0.0705,10.299999999999997,0.143,10.299999999999997,0.2248,10.299999999999997,0.1156,10.299999999999997
41,41,UAAGUUGAUCGGCGGCUUUACCUGUUGAGGCAAAAGCGAGACAGCGGAAGUCGCAUGUGUACCUCAGUACGUUGAACAACAUCCUGUUCCCCAUACGGGUCCAACUCGAACAUGAACUACGUCUGACCUAUGCGCGGUGCCUUCGUCCUGAGAACAUCCGUGAAGGGUGACCGCCGGUUGCUCGCUUUAAAGAGGGCACC,...........((((((((.((((((...((....))..))))).))))))))).((((((..((((.((((.(((((......)))))(((....)))......((......))...))))))))..)))))).(((((((((.....(.((.((.(((.(...((...)).)))).)).)).)......))))))))),...........((((((((.((((((...((....))..))))).))))))))).((((((..((((.((((.(((((......)))))..(((.(((((...)))))...)))....))))))))..)))))).(((((((((.....(.((.((.(((.(..(.....)..)))).)).)).)......))))))))),2,16,0.0013,6.299999999999997,0.0017,6.299999999999997,0.0874,6.299999999999997,0.0022,6.299999999999997
42,42,UCCAAGAAUUAUGUAUCUGUGUGCAGCCAUACUUGAAGGUCCAUGGCUGAUCUACAAUUCCUGUUAACUAUAGUCUCGAGAACUGCGGAUUCAUCGACCUGUUUGCCCCGCUAUAAAGCCAUCUGAUACAUCCGCAACUAUGGCUUGUCAAAUACACCGCCCUUUCUGCAUCACAUCAGCAUGGAGGAACUCGGCCGCGU,...........(((((.((.....(((((((.(((.(((((.......))))).)))..........................(((((((..(((((...((((...........))))..)).)))..)))))))..)))))))...)).)))))..(((.(((((.((((......).))).)))))...))).....,.................((((..((((((((((....)))..)))))))..).)))....((((.....))))..(((((...(((((((..((((....((((((...))....))))....))))..))))))).....(((.(((.....)))..)))((((((((.........))).)))))..)))))......,2,76,0.1643,16.3,0.2572,16.3,0.3409,16.3,0.2943,16.3
43,43,UGCGUCCUGCGCUCAGGAUGGGGCCUUGCACUGUCUAGGAUUCCCCAGCCCUUGAGCUGAUAAGCUCGGUGGAUGCGCAGCAGUGAAUUGAUCCCGGAGGGAGUACCAUACGCUCAAUCUUCGCUAUCUGGUCAAUGACCUGGAAUUCAGCUAUGAACUCGCCGAUCGGAUACCCUAUGGUAUGUCCUGGCCAUUGGCCU,..(((((((....)))))))(((((...(((((.((..(..(((...(((...(((((....)))))))))))..)..)))))))....(((..((((((((((.......))))..))))))..))).((((...))))..((.((((....)))).))((((...(((((((....))))).)).))))....))))),..(((((((....)))))))(((((...(((((.((..(.....(((.((...(((((....))))))))))...)..)))))))....(((..((((((((((.......))))..))))))..))).((((...))))..((.((((....)))).))((((...(((((((....)))..))))))))....))))),2,15,0.0011,5.699999999999996,0.0012,5.699999999999996,0.0859,5.699999999999996,0.0015,5.699999999999996
44,44,CCCAGAUUUUGAAUCCUUUAAGGAGGGGUAGUUGCUUGUCCACGUCUCCGGCGUCUCCAGCAAUGAGCAACGGCCCCUCUACCCGAUGUGAAGGUCGGCUCUGUACGAUCACCGAGUUAGGAAAUAGACAAUCAGUCUUGAAAACGGGUAGACUCAGUGGAAUUCGUUCUUCUGAGACCCCUCGACCAUCUGAAACUGAU,..(((((......((((...))))(((((.(((((((((..(((.(....))))........))))))))).)))))((((((((.......(((((........))))).((......))....((((.....))))......))))))))(((((.((((....)))).)))))...........)))))........,..(((((.((((.((((...))))(((((.(((((((....(((((...)))))..........))))))).)))))((((((((..(.(..(((((........))))).))...((((((....((...))..))))))...))))))))(((((.((((....)))).))))).....))))..)))))........,2,25,0.0054,5.600000000000001,0.0084,5.600000000000001,0.095,5.600000000000001,0.0082,5.600000000000001
45,45,AACCGACUCAAUAAUCACCCAGGAUCAAGGACACCUUCUCCGGUAGAGACCAAAAACCAGGGGCGUCGAACCUACCGCUUGCGUUUGCCAAUGACCUGACGUUCAUUUGGGUUUUGGCUACAUUAUGGACGGGGGGAAUACCGUCAGUUGCCCAACCUGCGGUACCCAUAGGGGUCUACAGUGGAUCCCUUUGGACCGCA,..(((..((.(((((.(((..(((..((((...)))).))))))..((.(((((..((((((((((((........((........))........))))))))..))))..)))))))..))))).)))))(((.(((.......))).)))....((((((..(((.(((((((((...))))))))).))))))))),...(((((......((..((.(((..((((...)))).)))))..))..(((((..((((((((((((........((........))........)))))))..)))))..)))))..........(((((........)))))))))).......((((((.((...(((((((((...)))))))))..)))))))),2,42,0.0256,12.0,0.0481,12.0,0.1362,12.0,0.0546,12.0
46,46,AUCAUAAUUACUAUAACGCUCUGCCGGGGGGAUGGCCGUCUUAACCACUGGCGAUAAACCCCCCAUCAAUUUGCUAAGGCUAGGGUUUUUUGUGUAAGCCGUCAUGAAGUAAAACCGUUUAACCCGGGUUUGGAGGUAUCCGGUGCGGAGCGACCCGAAAUCACUGAGGGUCCAGACGAUCGUGCUCACUGACUUACUUC,.................((((((((((((((((.((((..........)))).))...)))))).......((((..(((...(((((.......))))))))....))))(((((..........)))))(((....))).).)))))))(((((...........)))))(((..((......)).))).........,.................(((((((.((((((((.((((..........)))).))...))))))........((....))..((...(((((((........))))))).....)).......((((((........)))))).)))))))(((((...........))))).........((........)).......,2,45,0.0289,10.599999999999994,0.0545,10.599999999999994,0.14229999999999998,10.599999999999994,0.0593,10.599999999999994
47,47,ACGAAUUCAAUGUACGACAGAGAGCCAAACCUGCGGAUGGGAGGUUUCAGACUUGGGGAUACUUUUUCGAUCCUCAGGCAUCGGGAUCUGCACUGCGAGUCAGUAAUCAUCCCCAUGGCACGACCGUCUAGUCAUCAGAAGGCGUACGGGUUAACUAACAUACAGCAGAGUUGAUAGCCGCAGCACUCCCUCGUACCGAA,...........((((((..(((.((.((((((.(.....).))))))......(((((((.(......))))))))((((((((..(((((..((...((.(((......(((...(..(((.((.(((.(....)))).))))).))))...))).)).))..))))).))))).)))...)).)))..))))))....,.....(((...((((((..(((.((.((((((.(.....).))))))......(((((((.(......))))))))(.(((.((((((((.(((...)))))).....))))).))).).((..(((((..........)))))..))(((((.(.................).)))))...)).)))..)))))).))),2,64,0.0858,14.100000000000001,0.141,14.100000000000001,0.2278,14.100000000000001,0.1114,15.100000000000001
48,48,GGUCGUAACGCCCUUUUAACGGCGGACGUUAAUACUCAACGAUCCGAAUGAUUGGGACAGCUUAAACCGCUAGCAUAGUGUGUAGGCACACUGCCUUGCAUUCCACUAGCUUAACUCGAUCCAAUACUCACUUGGGCUCACUGAUAAUAGAGAAGGCGAGGGAGUGCGGCUGGGAGUGGAGGAAUCACAACCGGCCCAUC,((((((..((((........))))((.((....)))).)))))).....(((((((.....((((...(((((...((((((.(((((...)))))))))))...))))))))))))))))...(((((.(((.(.((..((........)).)).).)))))))).((((((..((((.....))))..))))))....,(((((.....(((..(((....((((((((.......)))).))))..)))..)))............(((((...((((((.(((((...)))))))))))...)))))......)))))...(((((.(((.(.(((............).)).).)))))))).((((((..((((.....))))..))))))....,2,47,0.0359,10.400000000000006,0.0495,10.400000000000006,0.1351,10.400000000000006,0.0474,10.400000000000006
49,49,GACGACACGGGUCCGUACCCUUAAGACUAAAACGGUCCCCCGAAGAGUCAUCAUCCAAAGAACUCGUCAUGGGCGUCAACUUCAGUCGGUAAAGCUCACAGGUGACUUUGAUUUAAGCAAUGAGAUCUUGGACCUCUGCUAGAAGCUAUGACCUUGUCUGCCAAGCUUUUACUCAAAAAGACUCGUAUUCUCAAUCGUGA,((.((.(((((((...........((((.....))))(((.((.(((((..........).)))).))..))).((((.(((..((.(((...))).)))))))))(((((....((((..(((.((...)).)))))))(((((((.((........))...)))))))..)))))..)))))))..))))........,((.((.(((((((...........((((.....))))(((....(((((..........)).))).....))).(((.((((..((.(((...))).))))))))).........((((..(((.((...)).)))))))(((((((..(((...))).....))))))).........))))))).)).))........,2,20,0.0034,0.6000000000000014,0.0052,0.6000000000000014,0.09,0.6000000000000014,0.0036,0.6000000000000014
50,50,UGCUAUCGAAGCCUCGGUGAACGACCUAUCGAAAAUCAGGUUGAUAUGUUCUAUCAGAUGGAGUGGAAGAUUGCAUUUGCUCCAGGAUAACAAUCCAGCUCGUAAAGGACGUAUUCAUCGGGCCGAGCUCGCCUUCAGUGGUUCCGACUUUAGUCUUCGAUAACCUCAGGCCAAUAACCUGUUAUGAUCCCUCUUCGACA,.....((((((((.((((((.((((((...((...))))))))(((((((((....(((((((((((........)))))))))((((....))))...))....)))))))))))))))))).((((.(((.....))))))).(((....))).((.((((...((((.......))))))))))......)))))..,.....((((((...(((((((((((((((.....)).)))))).((((((((..(((.(((((((((........)))))))))((((....))))..)).)...)))))))))))))))((((((((.(((.....))))))).(((....))).............))))....................))))))..,2,29,0.01,8.900000000000006,0.0149,8.900000000000006,0.1021,8.900000000000006,0.0167,8.900000000000006
51,51,GGGGCUACACGCGGAGAGCUUAAGCAAUACCCAAGCCGGACGCGCAACGCGCCCCCUUUAGCACGCACGGUAGAGGGAGAGCAUUACAACUUCGAAUUGUAAGGGCGAUGACCUCAUGGAGAAAUUUUGGUUAUACUCAAUCUGGAACGUACUCAGGUUUUCUGGCAGCGGAAGUAAUGUGGUUUUUAAGAAUCGAAGAG,((.((....((((..(.((((...........)))))...))))....)).))(((((((.(......).)))))))............((((((....(((((((.((((((..((......))...))))......(((((((.......)))))))(((((....))))).....)).)))))))....))))))..,((.((....((((..(.((((...........)))))...))))....)).))(((((((.(......).)))))))............((((((.((.(((((((.((.((((....((((..((((((...........))))))..).)))))))((((((....))))))....)).))))))).)).))))))..,2,30,0.0063,9.700000000000003,0.0106,9.700000000000003,0.1013,9.700000000000003,0.0102,9.700000000000003
52,52,UAUCCCUCUUUGCAUCACCUAGGCUAGCAGUGUCUAUCUGAAUCAGCGCGCUUGGCGUAGAUAGGAGGGUCCAGCUCCGUCUUCCUCCUACUUCUCACAGGAUAUCAGCCAUUUUGCAUUGGGCAAGAGAUGGCCCUGGCACGCAGGUCCACGAAUCGAUAGCAUUGUAAGACAGACCGACUUACUCCCCUCCAGGGGUU,..........((((((..(((.((((((.((((............))))))).))).))).((((((((...((......))))))))))..(((....))).....(((...........)))......(((.((((.....)))).)))......))).)))..(((((.(.....).))))).((((....))))..,....(((((.........(((.((((((.((((..((....))..)))))).)))).)))...((((((...((.((.((((..........(((.((((..((((.((((((((((.....))))..))))))((((.....))))..........))))...)))).))).)))).)))).....)))))))))))..,2,79,0.1852,12.399999999999999,0.2933,12.399999999999999,0.3963,12.399999999999999,0.3328,12.399999999999999
53,53,CGAUGUGGUGGCCUUAAUAAAAUUACCUUAUAUUGACGCCUGGAUGUGUCGUACUCACAAGUAAGCCUUCGAACUGAGCUGGAAGAAGAGACCCCCUCGGUUUUGUGAAAUCCAGCUAAUUAAUUGUGUAUUAAUGAGCUUUAGGAGGGUUUUAUCACGUAUUUGUCUCUGAGCAAGAAGAUUACAAAUCCCAUUGUUAA,..(((((((((((((..((((............((((((......))))))..((((..((((.((..........(((((((....((((((.....))))))......)))))))........)).))))..)))).))))..))))))..)))))))....((((((.....)).)))).((((......))))...,(((((.((.(((.((((((.((.....)).)))))).)))..((((((.......))))...((((((((......(((((((....((((((.....))))))......)))))))........((..........)).....))))))))..))....((((((.(((........)))..)))))))))))))....,2,86,0.3325,15.099999999999998,0.4865,15.099999999999998,0.5589999999999999,15.099999999999998,0.4671,15.099999999999998
54,54,CGUGAGCGCUUUAGAAGGUGUAGUGUGCCACUUUUAACGCGCUGCAUUGGGCUAUAUCCGUAUGACAUAAGAACUUUCGAUUGUCAAUAAUGACUGAAUUAGCCAGCGUACAUCAUGAGAUGAUUAGCGGUCUACAGAAUCUCGCUUUAAACGCCUCAGCUCAUUUGGUGUUGCGGCGAGGUGCCCGGGUAAUGCUAUGA,.((.(((((.(((((((..(((...)))..))))))).)))))))....(((..((((((..(((((...((....))...))))).............(((((.((...((((....))))....)))).)))....((((((((...((((((...........))))))..))))))))...))))))..)))....,.((((((((.(((((((..(((...)))..))))))).))))).)))..(((..((((((..(((((...((....))...)))))...(((.(((.......))))))........((((........)))).....((((((((...((((((...........))))))..))))))))...))))))..)))....,2,26,0.0037,8.0,0.0059,8.0,0.09290000000000001,8.0,0.0061,8.0
55,55,UCAGUGGGAUAGUUAUACAUCCACACGUGGCACCUAUACCUAUCAUAUAACAUCUCGAGGCAAGAUAAAAUACCCAACUGGGUGGGCGCCCCUUGACAAUAGAUCGAUGAUUAAAUGGCUACGCCGCACACGAUGUUCACAGAUCGGAUAGGGGGACGUUUUGUGCGUAAGCUUGCAGUCGUUAAAUAUUGGAUCUUGGA,((((((((((.((...)))))).))).))).....................((.((((((...(......(((((....)))))..)...))))))..))(((((.(..(((.(((((((..((((((((.(((((((.(..((...))..).))))))).))))))...))....))))))).)))..).)))))....,...(((.(((((.((((...(((....)))....)))).))))).)))......((((((...(........((((......)))))...))))))....(((((.(..(((.(((((((..((((((((.(((((((.....((......))))))))).))))))...))....))))))).)))..).)))))....,2,43,0.0208,8.099999999999994,0.0314,8.099999999999994,0.11829999999999999,8.099999999999994,0.0362,8.099999999999994
56,56,UUCAUUCUUAAAUCAUAGAGCACGUCCAGAGUUUUCUGCAUGACCUUAUCGUCGAACCUGUAAACCACGGAACGACAUGCGCCCGUGUACAAACGCCUGUCCGUGGCUGGGCACCUGCGACGUCCCAUUUGAAACUGAAUUCGAUCAGGCUCCACGAAGUGCUGCCUAUCCUCAGAGCGAUGCGGGUGCACAGGCGACAC,.................(((..(((.((((....)))).)))..)))...((((..(((((...(((((....((((.(((............))).)))))))))....(((((((((.(((...........((((....(((.((((..(((...)))..))))))).)))).))).))))))))))))))))))..,............((((((((.((.......)).))))..)))).......((((..(((((...(((((....((((.(((............))).)))))))))....(((((((((...((.(.(((((..........(((.((((..(((...)))..))))))).)))))).))))))))))))))))))))..,2,35,0.0111,9.199999999999996,0.016,9.199999999999996,0.1011,9.199999999999996,0.0182,9.199999999999996
57,57,UAUAAUGAAAACCAACAUAAUGCACUGAAAUGGUCUCCAAGACCUGGCAACCUUGUCCAAACCUUAGCCCGUUGCAGGGUACGGCGGUACUCAUGGACAUGUGCAGUGGCCCUUCUAACCCGCUCCGGGGACACUAGCGAUAUAGGACUGCUCAGUGCGUACGUCGAGUUGCUGGGGGGCGCACGUUAAGACGGACAAGU,(((.............))).(((((((....(((((...)))))(((((....)).)))..((...((((......))))..............)).)).)))))((((((((.....((((...))))....((((((((..(.(((.((.....)))).).)...))))))))))))).)))(((......)))....,.........................((....(((((...)))))...))..(((((((....((((..((((....((((((....))))))))))..((((((....(((((.....((((...))))....((((((((....((((((.......))).)))..)))))))))))))))))))))))..))))))).,2,68,0.1127,2.0,0.2033,2.0,0.2923,2.0,0.1707,2.0
58,58,CUAAUCCGUGGAACUGUUGAGAUAGUCCAUGCGAGCGACCGAGUUCGGUGCUUCUAACCCCAACGGCAAAUAGGAAUGGACACAAAGUCCCAUCGAUCUAGCGCAGAUAUAAUCCCUGUCAUUAAUUAGCACGGUGGAAUAUGUAGCACCCUAAGUACUGGGACGGCCGUCAUAGACCAAUUUCGACGGUUCCAAAUCUA,........(((((((((((((((.(((.((((((((.((((....))))))))......((...........))..((....))..((((((........(.((..(((((.((((((((........).)))).))).))))).)).).........))))))....).))).)))..)))))))))))))))......,........(((((((((((((((.((((((..(((((.(((....))))))))....((.....)).........)))))).....((((((........(.((..(((((.((((((((........).)))).))).))))).)).).........))))))((.(......).)).)))))))))))))))......,2,24,0.0034,6.700000000000003,0.0058,6.700000000000003,0.0945,6.700000000000003,0.0072,6.700000000000003
59,59,UUGUGUGAUGUGCAUCGGUAGCUCGGUAAAUACGUUCGCCGGGCUUGAAGCUGUAUCCGUUGGAAUCCAAGUUGGGAGUUAUAACGUAAAACGGCAUUCCCGAUAGUCUCUCAGGGGACGAUCGAUGUUCAGGCGGCUGCGAUUUUGAACGCCGUGAAGCGUGAUUAAACCGGUCGACUUUUGCUCCUUGAAGUUUUCAU,....((((.((..((((((((((((((..........)))))))).((((((((...(((((...(((......)))....)))))....))))).))).((((.(((((....))))).))))....(((.((..(.(((........)))...)..)).)))....))))))..))..))))....((((...)))).,....((((...(.((((((((((((((..........)))))))).((((((((...(((((...(((......)))....)))))....))))).))).((((.(((((....))))).))))....(((.((.((.(((........))).))...)).)))....)))))))((((((........)))))).)))),2,24,0.0034,5.5,0.0054,5.5,0.09240000000000001,5.5,0.0059,5.5
60,60,CUAUCACCUGUACUUGCGGCCACCACCUCAUUUGCCCGUUGGCCGACUCAUCGCGUGGUAGGGGUUGUCGACUGUGGGAGUUUUCAGAUUACGUCCUAACCAACCGUAAAAGAACCUCCGGUAAGAGUAAAAGGAGGGUACAGGGUACAGUAAAGACGAUAGGACAGCCGUGUGUUAGGGCCGGAAGCCGCGGGCAAAUU,.......((((....))))..........(((((((((.((((((.(((..((..((((((((((.(((((((.....))))....))).)).)))).))))..))........(((((.............))))).((((.(((...((....)).........))).))))...))).))...))))))))))))).,.......((((....))))..........(((((((((((((((.......((((((((..(..((((((((((((((.((.........)).)))......(((.(.......(((((.............)))))....).)))))))).....))))))..).))))))))....)))))......)))))))))).,2,72,0.1245,18.700000000000003,0.1885,18.700000000000003,0.2688,18.700000000000003,0.2608,15.130000000000003
61,61,GACGGGACAGCACCUAGACAUACUCAAAUUAGGCCUAGCCACUAUUUGGCCGCACGCUUGUAUCAGAUUGGUCAAAGUACACUCCAUUUCUAAAGAUUUACCCCUCUAGCCCCUCCAGUGAGUGGCGCUGUCCGUUCAUAAAACUCCGUACACUCAUAUAGUCGAUGGCGAACGCGAUGUGGUGUAACCGAUUUACGUUA,((..(((((((.....((..(((........((((............))))........)))))(((.(((............)))..)))..(((........))).(((.(((....))).))))))))))..)).......((.((((((.(((((..(((....))).....))))))))).)).)).........,((..(((((((.(((((...........)))))....((((((.((((((((....((......))..))))))))...((((......(((.((........)).))).......)))))))))))))))))..)).......((.((((((.(((((.(.((........))).))))))))).)).)).........,2,60,0.0782,13.3,0.1342,13.3,0.2294,13.3,0.1273,13.3
62,62,UUGUACUAUAAUGGUGAGGGUUCGGCACUAUGGCGUGUGUUCAGUUAAUAAAGGGUACUGUAAUUCCGCGUGGACGGCGCCUCUCGCAUGCUAUUUAAAGACGAUAGCUGAGUUCUCUUCCCUCAACGACCACGACAGUGAUUGAGAAUUCCGAUUUGCAGAUAGUGCACCUAAAAAUUUGAGCCUUGCUAAAGCUCAGC,.((((((((..((((((((((...((....(.(((((....((((...........))))......))))).)...))))).)))))..((((((.......)))))).((((((((.........((....)).........)))))))).......)).)))))))).........((((((.((....)))))))).,.((((((((....(((((((((((...((((.(((.(.(((((((...........)))).))).)))))))).))).))).)))))..((((((.......)))))).((((((((.((.((...((....))..)).))..))))))))..........)))))))).........((((((.((....)))))))).,2,28,0.0074,5.399999999999999,0.0122,5.399999999999999,0.1001,5.399999999999999,0.0124,5.399999999999999
63,63,GGCCGGUUCAGUAACGAGAUGCAUUCUUGUUCCAGAAUUUACGUGCUCAGAAACCAGGCCUUAUCUCCCCUAUCCUAGCGCGAUGCAUACCUGCAUCCAUCCCUGGGCACCGACACGCCCACAUGUGAAUGGGGCAACCGUCUGCCUACGGUUGACGGGUGAAGGUAUUUCUAGGGUCCGAAAGAAUGUCGGUCUACGGA,(((((((((.(.(((((((.....))))))).).))))....(((((.((.....(((..........)))...)))))))((((((....))))))...(((((((.(((..(((((((.(((....)))))))..(((((.(((...))).))))))))..)))...))))))).............)))))......,..(((((((.(.(((((((.....))))))).).))))....(((((.((......((.........)).....)))))))((((((....))))))...(((((((.(((..(((((((.(((....)))))))..(((((.(((...))).))))))))..)))...))))))).((((.......))))....))).,2,17,0.0017,8.099999999999994,0.0024,8.099999999999994,0.0889,8.099999999999994,0.0029,8.099999999999994
64,64,CUGGUAUAAACUCCACACGAAUGACCCUGUGAUCGGGUGUUAUCUACCCCGUUAUAUCAGGAAAUUUCCUCUGUUGUGUCUAGCUCCGGAAGCGUGGUGUGCUAUUAAUCGAUCCAUAACCAUGUCCUCCCCGCUGAACGCGCUCGUUUCCCCGUAGGGAUUUUGCGAGUGGCUAUGUCGGUCGCUCUAAGGUACUCGAG,(((((((((..............((((.......)))).............)))))))))((.....(((.....((((.((((...(((.((((((((((.............))).)))))).).)))..)))).))))((.....((((....))))....))((((((((.....))))))))..)))...))...,.(((........)))..(((...(((.((((((.(((((.....))))).))))))..((((....))))..((.((((.((((...(((.((((((((((.............)))).))))))..)))..)))).)))))).....((((....))))......((((((((.....))))))))...)))..)))..,2,50,0.0424,9.700000000000003,0.0632,9.700000000000003,0.1604,9.700000000000003,0.0693,9.700000000000003
65,65,AACAUGUUGAUGGGGGUCAUUUCAGUGCUUCGCCUUUGCGCUUGUGGUCCAGGGCAGGAUAUCAAACGCUCAUACCCUCGAGAAUUGGAACACUCUUCCCGAAGUCACUCCCGACAAUGUAACUACACUGACUUCUGUACAGCCUGUGCGGGGAUUCUCGUUUGUCCUCCGCUGUCGCUACUUGUCUUUCUGCAUGAUUC,..(((((.((.((((........(((((.........))))).(((((.(((((.((((...((((((......(((.........((((.....)))).(((((((......((...))........))))))).(((((...))))))))......)))))))))))).)))..)))))...)))))).)))))....,..(((((.((.((((((.((((((((((.........))))).........(((.((((.....((..(((........)))..)).......)))))))))))).))))))((((((((....)))...((....))..(((....((((((((........)))).))))....)))..)))))..)).)))))....,2,89,0.2996,26.200000000000003,0.4166,26.200000000000003,0.4949,26.200000000000003,0.398,26.200000000000003
66,66,GCGUUCCACUUAGUGGUUUGAUCAGGACUUCUCGCCUAACGGGGUCUGAUUAAGCCCCAACUCCCAUCUGGAUCUUGGUCAAAUAGAGGGCGGGUAUAGUGCCAGUGCGAGGCGAAACUAAUUAAACGGAUGGCGUUAACCCGCUCCCCGGUCCUUUUGCGAGCUCGUUCGGAUCAAAGAGGGGAACCGUAUGUGGGAUG,.((((((((.((..(((((((((((.(((((.........))))))))))))))))((((.(((.....)))..)))).......(.((((((((.((((((((.....((......))...........)))))))))))))).)).)(((((((((..((..((.....))))...))))))).)).)).)))))))),.((((((((.....((((((((((.((((((.........))))))))))))))))((((...((....))...))))..........(((((((.((((((((.(.((.................)).))))))))))))))))(((((((((....(((....)))..))))).....))))........)))))))),2,43,0.0316,11.200000000000003,0.0604,11.200000000000003,0.14750000000000002,11.200000000000003,0.0629,11.200000000000003
67,67,GGUCCAUGGAACCUGGGUAUGUUGGUAAGUUCGAGUUCAGGGCCAUCCGCAGAGGGUAGUGUCGAAUGGGGGCAUUAUUUGCACUACUCGCAGUAACGCGUUAUCCGAGAUUUGUGUUCUGGGAACGCGAGAAUCUUGACAAUGUGUGUAGCCCGGAAAUCCUGGGACCCAGCUAGUUGCUUAACAGACUGUCACAAAGC,(((((..(((..((((((.(((.((...((((.......))))...)))))(.((((((((.(((((((.....))))))))))))))).)....(((((((.(.((((((((((((((...))))))..))))))))).)))))))...))))))...)))..)))))(((((.(((....))))).))).........,(((((..(((..((((((.((.(((...((((.......))))...)))))(.((((((((.(((((((.....))))))))))))))).)....(((((((.(.((((((((((((((...))))))))..))))))).)))))))...))))))...)))..)))))..(((((((........)))).......))),2,21,0.0026,7.100000000000001,0.0041,7.100000000000001,0.08990000000000001,7.100000000000001,0.0045,7.100000000000001
68,68,AAUCCCUGGGUGGAGUUGUGGGGGCGAUUGACAUUGUUGAAUUAAGUUAGCGGGCUGAUUUUUUCGGCUGGGGUUGACCGAUACCAGGUUGUCUCGCCAAGAUAUUAUGGUACCAUACUUUUGGGGUCUGCGAGUACCCGCCUUAGCCAUCCUUAUUUUCGGGGGUGUCUCCGGGCGAUUGAGAUUCCUUAAUACCUCUC,.(((((((((..(((..(((((((((.(((((.(((......))))))))((.(((((.....)))))))(((..((((.......))))..)))((((........)))).(((......)))(((((...)).))))))))...)))).)))...)))))))))......(((..((((((....))))))....))),.(((((((((.(((((((.(((((((...(((.(((((((......)))))))(((((.....)))))(.((.....)).)(((((...(((((.....)))))...)))))(((......))).)))..))....))).)).))))..))))).....)))))))......(((..((((((....))))))..)))..,2,85,0.2633,12.5,0.4167,12.5,0.496,12.5,0.4784,12.100000000000001
69,69,UGGACUAUUAUGCUCAUGAUCGGCAUUAAGAUCUAGUGUCUCCACCCUCUGGUUUUUCAUUGUAACCUCCCUCCUAAUCGGAAUGGGUAAUGCAGGGCCUUUACUUGCUCCUCCGGGUAGGACGACGGCCGUCGUAUUUUCGUAGCGCGGAAUACUGGCAGGAAUAACGUGGCGACCCGAAUAAUCUCUGUCAGUAUUCA,..........((((.((((..(((((((.....)))))))...(((((((((((.....................)))))))..))))((((((.((((((..(((((((....)))))))..)).)))).).))))).))))))))..(((((((((((((.((....(((....)))....)).))))))))))))).,((((((...(((((.......)))))..)).)))).((((((((((((((((((.....................)))))))..(((....(((((.......)))))...))))))).))).))))..((.(((.........)))))(((((((((((((..((.((.((...))))..))...))))))))))))).,2,84,0.2189,19.5,0.381,19.5,0.4704,19.5,0.3836,19.5
70,70,UGACCUCCGAUUUAGGCGUCAUAGAUUGAUCAUAAGAUUUCUCUGUUCUAGCUCCACUAGGGGUUACGAUGAGGGAGCCCUUGCUUCCCUCCUUUGGCCGAUUCCUAAAGCCUUGCUAGCGGUUCGCUUAAAUGAAACAUUCGAGAUCUAUGUGCACAUGUGUCGUAAAUCGGGUGCCCUAGAAUACGAAUUACUCACUU,.....(((((((((.(...((((...((..(((.(((((((.....(((((((((....))))))).)).((((((((....)).)))))).((((((.((.((((..(((...))))).)).))))).))).(((...)))))))))))))..))..)))).).)))))))))..........................,......((((((((..((.((((...((..((((.((((((.....(((((((((....))))))).))((((.(((((...(((......((((((.......)))))).......)))))))).))))...(((...)))))))))))))..))..)))).))))))))))(((...................)))..,2,50,0.0518,16.599999999999998,0.0806,16.599999999999998,0.15710000000000002,16.599999999999998,0.0681,16.599999999999998
71,71,CCAAGUAGCUGUUGCAUGGAGAGUUUCCCGUAUCAACACAUGGGUACGAUGACUGGCGGGUUACGACAAGUACGAGUAAGCUUCCGGACAGACUGAUCUCUUGCUCCCCGUUUGAAAGGCAUAGAUUACUGGUUUGCUAAGAAAUCUCUAUGUGGCCUUGGUCGGCCCGUCGUGGGUACUGGUCUUCUAAGCAGGCCUAG,(((((.....((((((((((((....(((((........)))))........((((.((.((((...........)))).)).)))).(((((((((((..((((............)))).))))...)))))))........)))))))))))))))))...((((.....))))...(((((.......)))))...,(((((.....((((((((((((.((((.((((((........))))))....((((.((.((((...........)))).)).)))).(((((((((((..((((............)))).)))))...))))))....)))))))))))))))))))))...((((.....))))...(((((.......)))))...,2,17,0.0015,4.799999999999997,0.0018,4.799999999999997,0.08860000000000001,4.799999999999997,0.0028,4.799999999999997
72,72,CUGAUAGCCCCAAAUACACGUGGACGUACUGUGCUCCAUUAUAAACCGGACUUCACAUGAGAUCCCCUUGAGAGUAACGAUAUGUUGCUCAUGGUCCCUUUCGAUAUGGCAGUCGUAAUGAGUACCGGCCUCACUUAGUUUGGUGUGGGGGCGACUGUCCAGACUCCCGGAACUCGUCAGGCAUGUAUCGACGAAGCAUG,.........(((........))).......(((((.(.......((((((.(((....))).)))......(((((((.....)))))))..))).....((((((((...(((...((((((.((((((.((((......)))).))((((....))))......)))).))))))..))).)))))))).).))))).,(((((....(((........)))(((.((((....((((........((((((((.............)))(((((((.....)))))))..)))))........)))))))))))...((((.((((((.((((......)))).))((((....))))......)))).))))))))).(((((.((...)).))))),2,59,0.0677,12.100000000000001,0.0832,12.100000000000001,0.1735,12.100000000000001,0.0775,12.100000000000001
73,73,ACAGGUGUAAACGAUAAAGCCCGAAUCGCGGCUUUGCACCCGCCCCUCGAACCACAGAGACUAUCACAUCUCCAACUAACAAGUAUAUCUAUGGUUAGGAAGGACGCUAUCCGGUGUGCUUGGGUUAACAAGCAUCUCUGUCCUUAAUGAUCUGCGUCUAUCACGCGCGCUCGAUGACGAUGCCGCGAACAUGAACAGUA,...((((((.......(((((((...)).)))))))))))....(((..(((((.(((...(((..................)))..))).))))))))..((((((.((((((.(((((((......)))))).).)))........)))..)))))).(((((((.(((((....))).))))))....)))......,((.((((((.......(((((((...)).))))))))))).....(((........)))...........((((((((...((.....)).))))).))).((((((.((((((.(((((((......)))))))..)))........)))..))))))....((((.(((((....))).))))))..........)).,2,34,0.0144,10.979999999999997,0.0261,10.979999999999997,0.10869999999999999,10.979999999999997,0.0295,10.979999999999997
74,74,UUACUAACACCAAAAACUGCUUUUAGCAAGCGGGCAAGCUUAACAUCAACAAGUAUUGUCAGACAGGGUUAAGUUCUCAACCUUACUGUCCGGUUUGUGAGUUCUAGUGUGACGGGCGCCUCCAUUGGCGGGGAGUUGUCUCUGGAGUAUAUGCGCGGACGACUCACCCAGUCAAUAAAAGAGUCAUGAGUUCAGUCCAU,.(((((..((((.((((((.............(((((((((.........)))).))))).(((((((((........))))...))))))))))).)).))..)))))....((((..(((.((((((((((((((((((.((.(.....).)).))))))))).))).))))))...........)))....))))..,..................((((.....))))((((.((((((..........((..(((((.((..((.......(((((((.........))))...)))..)).)).))))).))(.(((.((((((((((((((((((.((.(.....).)).))))))))).))).))))))....))).).))))))..))))..,2,76,0.1522,16.799999999999997,0.2282,16.799999999999997,0.3224,16.799999999999997,0.25,16.799999999999997
75,75,UUUAUCAAGGUCAGCCGCAUCGCUUCUUACUGUCCGGCCACCGAUGUACGUAUCAUCUGUCAUCAUGUUAUUAGCGAUAAGCAAGUAGCAGUGACUGCAUCCACAGAAAAUGACAUCGUGGAAUGAAGAUGCGAGCCCGCAUGCAUAAAAUCAACUUUUGGUGUUUCCAUACAUAGUCUAAGCAUUUAUGAUUGAAUAUA,................((.((((.((((.(.......(((.((((((.(((....(((((((((((((((((.((.....)).))))))).))).)).....)))))..))))))))))))...))))).))))))...((..((((((........((.((((......))))))........))))))..))......,(((((((.((...((((((((..........((....((((.(((((...(((..(((((((((((((((((.((.....)).)))))).)))).)).....)))))..)))))))))))).))...)))))).))))...)).)))))...........(((((..((..(((((.........)))))..))))))).,2,66,0.0908,10.0,0.1521,10.0,0.2521,10.0,0.1925,10.0
76,76,GGCCUUGAUUUGUCACCGGUGAUUCUUCCUUUCGGCGGCGAAGGAGCUACGGCAAGCCAGAUUUAUAGAGUUACUUGUGGAUAAAAUUUCAGGAUGCCGGACAAAACUAUGCGAGCACAAAAUACUUCGACCUAGGUCUAUUAGGGAAGAUGGCCACGAGACAAAUUCCUCAAGUAGCUUUAGUAGUUGCACGUACAGGA,.((((...((((((.((((.((....))...)))).)))))))).))((((((.(((.....(..((((((((((((.(((.....((((.(...(((((.((......)))............((((..(((((.....))))))))).))))..))))).....))).))))))))))))..)))))).)))).....,(((((...((((((.((((............)))).)))))))).)))(((((((......((..((((((((((((.(((.....((((.((.(((((.(........).)).))).......((((..(((((.....)))))))))....))..)))).....))).))))))))))))..)))))).)))......,2,26,0.0074,4.0,0.0104,4.0,0.0996,4.0,0.0107,4.0
77,77,UGGUACAAGGCUGCUGGGGGUAUGCUAGUCAAUAAAGCCCUACUAUAGGGUGUACUCUCUACGUAGACUCCUCAGGCAGUCACUUCUAGUAGUGCUUAGUCGAGGACCCAGGCACGGUAUGCGAGUGCGGGAAUGUCAGGGCCCUAGAGCGGUCAUUAGGGCCAUACCUUUUCAUGCUGGGAUUGACCUAGUGCGUUGUC,....((((.((.((((((...((.(((((.......((((((...))))))((((((.((((((.(..(((((.(((((.((((......))))))..))))))))..)..))...))).).))))))(((((.((...((((((((.(....).))))))))..)).)))))..))))).))...)))))))).)))).,........(((((((((((((.((((((........((((((...)))))).......))).))).))))).)).)))))).....(((..(((((..(((((...(((((((((.........)))).((((.((...((((((((.(....).))))))))..))..))))...))))).)))))..))))).)))..,2,96,0.3415,13.200000000000003,0.4687,13.200000000000003,0.5821,13.200000000000003,0.4169,13.200000000000003
78,78,CGUGUGCUCUCCUGGCAGGGAUACAAUCACUGGCGGACCCAAAAACUUGCGUGUCCGUGCUCUUUGAUGGUUGAUGCUGAGGGUGUUCGCGAGACAUGGUCCCGCUCCCCGGCGAACCUGAAUGCACAUGGUGAUUAUGCUUUAAAGAUCAUGAUUAGGUGAACCCACUAUAGUCGACAGGGUAGGUACUGGUUUUUUGC,((.(((((.(((((.(((.(((...))).)))..((((((((....))).).))))((((..(((...((((..((((..(((.(...(((.(((...))).))).)))))))))))).))).))))...((((((.(......).))))))(((((((((....)))).)))))..)))))..))))))).........,(((((((..((.(.((.(((...........(((((..(((....((((((...((...(((....((.....))...)))))....))))))...)))..))))))))..)).)....))..)))))))((((((.(......).))))))(((((((((....)))).)))))..(((........))).........,2,90,0.2787,24.699999999999996,0.458,24.699999999999996,0.532,24.699999999999996,0.454,24.699999999999996
79,79,CAUAAUAGUCUCUGAUCUCCAGCUAUUUGUGGACGUCCGGGUGGAAGGUGCGGUCCAGUCAGCCAAAGCUGCAAGCUGUUAGUAUUCCCUGCUGAGAUCUACUCUGACACGUUUCACACGUGACUCAUAUCGAUUGACGAUGAGAAUAGUUUGUGCUGCCAGCACUGCUCGGCAUCAUCUUCUUGAUCGUGUUUUAAACG,(((((......(((.....)))....)))))...(((((.((((((.(((((((((((.(((.....((((((...))).))).....)))))).))......))).))).)))))).)).)))..(((.(((((((.(((((....(((..(((((...))))).))).....)))))...))))))))))........,((((((((...(((.....)))))))).))).(((..((((.(((.(((((.(..((((..((...(((.((((((((((........((....))...........(((((.....)))))...(.(((((.....))))).))))))))))))))....))))))..).))))).))).))))..)))(((...))).,2,112,0.725,24.799999999999997,1.0053,24.799999999999997,1.0666,24.799999999999997,0.971,24.799999999999997
80,80,AUAUUUCCCAACCGAUACCGGCCUCUUUGGCGAAUCGGAGCAUCUUUCUUAAGGGAGAGUCUGUUAAGACCCCGCUCCCUGGUGACCUGGCGAUCUGUUUACUCACCCCAACGUGAAUAAGACCUCUGUUACGCUCUAAAGCAACCCCAAAGACCCGCACUGCAGUGUACUAUCGAGUCGGCCUUCUGUGCGCCUUAUCU,...........(((....)))..(((((((.(....(((((.....((((((.(((...))).))))))....)))))...(((((..((.(.(((((((((..........)))))).))).).)))))))(((....)))...))))))))..(((((....((..(((....)))..)).....)))))........,.............((((..(((.(((((((......(((((..........((((((.((((....))))....))))))(((((...(((.....)))...))))).........................))))).........)))))))...((((.(.((((.(((....)))))..)).).))))))).)))).,2,76,0.1786,18.1,0.3158,18.1,0.4023,18.1,0.3452,18.1
81,81,CUGUUGGUCGAGAAUGAUGCGAGAUCAAAGUGCCUAUAACUAGGCAAACGAUAUGGGACUGUUCCUUACUGGUUCCCUGAACCGAACAGGCGGAACUGCUAGUAGACUGGGGAUUUACGCAACAUUUUAAGGUGUCUUGUCUUCCCUUAUAUGGGAUCAGCACCCGUCUGUGAUCAUCCGCCUGAUUCUAGUAGAACUGU,((((((((..((..((((.....))))...((((((....))))))........((((((((.....)).))))))))..))))).)))((((..(((((((......((((((...((((((.......((((.((.(...((((......)))).))))))).)).))))...)))).)).....)))))))..)))),..........(((((.(.(((.((((....((((((....))))))........((((...))))....((((((...)))))).((((((((...((((.((((((.(((.((((.............)))).))).)))).(((......))))).)))).))))))))))))...))).).)))))...........,2,101,0.3699,26.81,0.5631,26.81,0.6341,26.81,0.4574,29.96
82,82,GCCCAUUUCCGUGGAGGCGGGCAUGUCCGUCCUCGAUCAAGCUGAGACCCACGUGUCGUUUAACCCCCGAAGUGACACUUUUGGGUUUGCUACGGGGUCGAACCGUCUCACCAGGCCACUUGGAAAUGGGCGAUCAGCGGGCCUAUGUCGUCCUGCGGCGGGUCUUCCAAAUUUCAGAGUAGGAUUGAGCCAUGCAGGCC,((((((((((((((.((.(((.(((..((.(((((....(((..(((((((.((((((..............))))))...)))))))))).))))).))...)))))).))...))))..))))))))))((.((.........))))(.((((((..((.((.(((.............)))..)).)).))))))).,((((((((((((((.((.(((...((.((.(((((....(((..(((((((.(((((((((........)))))))))...)))))))))).))))).)).))...))).))...))))..))))))))))(((............)))(.((((((..((.((.(((...((...))...)))..)).)).))))))).,2,13,0.0009,1.0,0.0009,1.0,0.0889,1.0,0.0013,1.0
83,83,UCGGUGCAAUACGAAGCCUUUUUAGUGGUCCUAUAGAGUAUAUGCAAAUUACACAGAGUUACACAUCAUGGGGUGCUUUCGAUUUUGCCUUGGCAAGUUUUCGCACCCAGCAGGACCUAAGGCUCCAGUACUCACGACCACAUUUAAAGUUCGGGAAUAGCUAUCAAUUGGUUUCUGAUACCGGUGGACGAGUACCAGUA,..(((((..(((..((((((......((((((.....(((.((....))))).((((........)).))((((((.......(((((....))))).....))))))...)))))).))))))...)))....((.((((.........(((((...(((((.....)))))))))).....)))).)).)))))....,(((........)))((((((......((((((.....(((.........)))...((........))...((((((.......(((((....))))).....))))))...)))))).))))))...((((((....((((...((....((((((((............))))))))))...))))..)))))).....,2,33,0.0128,7.399999999999999,0.0233,7.399999999999999,0.1097,7.399999999999999,0.0314,7.399999999999999
84,84,UAUAUCCCCACCACGUACAUGUCGACAGGCUACUCGGAGAAAACCCGGAGUAGGAUCGAUUGAGGCUCAGACAAUGUGGCCAUUCCGGAUAGACAUGAAUUCAGACCGGCAUUAAUGAUAGAUCUGCACGUUGCUAGCUGCCACGCGACCUUAAUUCGACCUACGGGGGUUGAGUCCGUCAUAAGUUAUUUCACUCAACC,.....((((...........(((....)))...((((.......)))).(((((.((((((((((.((.(....((((((......((((..((((.(((.(......).))).))).)..))))(((...))).....))))))))))))))).)))))))))))))(((((((.................))))))).,.....((((.....(((...(((....))))))((((.......)))).(((((.((((((((((.((.(....((((((....((((...((.......))...)))).(((...)))......(((...))).....)))))))))))))))).))))))))))))(((((((.................))))))).,2,26,0.0059,6.200000000000003,0.0091,6.200000000000003,0.0986,6.200000000000003,0.0082,6.200000000000003
85,85,CCUAGGGGUCGGUUCCCGUAGAGCAGUGAUCACCGUCCCUGGCAUAUGCGCGGAACUUAUAUCAGAGGGCUCUGAUGUCGGACAACCUCAUCGGCGCACGCGACUUUCCUGAAUCCUGGCAGCUAACAUGGUGGCCGAGAGGGGCUCGCCCCCUCAACGAGUACCGAGAUUGCCUGCCUGCCGUGGCAAAUACGCGGGUC,.(((.(((......))).)))..(((.(((....))).)))...((..(.(((.((((......((((..((((....))))...)))).(((((.(((((..((............))..)).......))))))))((((((.....))))))...)))).))).)..))...((((((.(((.....))))))))).,..((((((((((((((((((...(((.(((....))).))).....)))).)))))............((.((((((..((....)).)))))).))...)))))..))))......((((((...(.(((((..((.((((((.....))))))..))..))))).)...).)))))..(((((.......)))))...,2,92,0.242,17.4,0.4192,17.4,0.527,17.4,0.4164,19.5
86,86,GCUCCGAGUACCCAACCUAGUAGUUAAUCGAUGCUCAAGCGAAAUUGUCGAUGGCGCCUCCGAAUGUUAGUUGCUAUUACAAAGUGUAGAUUUACCUCGACUAACCGCGUACAUAGGAAGAGAAAUUGUCUGCGCUUCAUAGGGCAUCGGAAAGGACCGCUACGAUGUUACCAGGAAUGUAUCACUCCGUUCUGUAAAGA,(((..(((((.(.................).))))).)))......((((.((((((((((((((....))((((..((..((((((((((....(((..((.((...)).....))..))).....))))))))))..)).)))))))))..))..))))))))).((((.(((.(((........))))))))))...,(((..((((((..(((......)))....).))))).)))......((((.((((((((((((........((((......((((((((((....(((..((.............))..))).....)))))))))).....))))))))..))).).)))))))).((((..((((((........))))))))))...,2,21,0.0051,1.5,0.0083,1.5,0.09179999999999999,1.5,0.005,1.5
87,87,GAUUCUUAAAUACACUAAGGACAAACUGGACACUUUACGUUUAGAUCUGACGGCCCAGCGCCAGCAUCUUCUUCAUUGUUUAGGGAUCCGGGCAGUGAGUUGCGACCUAGAACUAGAUGGGAAAGGACGUCGAUGUACCUUAGGGCCCUAUGGCCCGUAAGGUGAGACAAUAUUUACGUAACCCCCUGUGUUGUGUAACC,((((((((((((.....((((....((((.(.((...((((.......))))....)).))))).....))))...)))))))))))).(.((((.(.((((((...........((((........))))....((((((((((((....))))).)))))))............)))))).).)))).).........,((((((((((((....(((((....((((.(.((...((((.......))))....)).)))))....)))))...))))))))))))...((((.(.((((((...........((((........))))....((((((((((((....))))).)))))))............)))))).).))))(((....))).,2,13,0.0009,4.299999999999997,0.0009,4.299999999999997,0.08560000000000001,4.299999999999997,0.0013,4.299999999999997
88,88,GGCUUUCACAGCCCGCAAACGCGCACCAUUAACAUUUGUAUUGGUAUCAAAUGGAUGGCCUACAAGUAUGGUCUCAUUACUCAAAUGAGUUCGCUUGGCGUGUGGUUUUGGAGAUAGGUUCCGCCCCUGAGAAGGAUCGCAUACGUAAGGCACGCCUAGCUCACCAAACACCCCCGGUAGAUCACUCGUAUCCCAAUCUA,((((.....)))).....((((((.(((((..((((((.........)))))))))))....(((((..((.((((((.....)))))).)))))))))))))((((((((.(((((((...((((((....)))..((....))...)))..)))))..)).))))).)))..((((.....)).))............,((((.....))))(((....)))..(((((..((((((((....)).)))))))))))....(((((..((.((((((.....)))))).)))))))(((.(((((((..(((.(((((...((((((....)))..((....))...)))..))))).)))................))))))).)))...........,2,38,0.0143,9.899999999999999,0.027,9.899999999999999,0.11549999999999999,9.899999999999999,0.0355,9.899999999999999
89,89,CACUGACGACGACCGUUAGUGCUUUUCAGAUAAUUAUGCGAAUGAACGAUAGCCCGUUACUUAAUCAACUACCAUUCUGGUUUCCCCACUGUUAUGACUAAUCAAUCCAUGGGAGUACGAGGGGAUCUUUAGGGGAAGAGGGCGUGCCCUAGCUGACCCCUACUCAGUCCCAGGCGCAUAGGCCUGCGAUGUCGGGGUUU,((((((((.....)))))))).............(((.((......)))))(((((((........))).((((...)))).((((((((.(((((...........))))).)))....)))))....((((((.((((((....))))..))..))))))....(((.(((((......))))).)))....))))..,.(((((((.....)))))))((...............))...........(((((...........(((((......)))))((((((((.(((((...........))))).)))....)))))....((((((.((((((....))))..))..))))))....(((.(((((......))))).)))....))))).,2,21,0.004,5.899999999999999,0.0053,5.899999999999999,0.091,5.899999999999999,0.0047,5.899999999999999
90,90,AGCCCAGACGAGGUAACGGUUUCCUACGAUCGGUUCCUGAUAACCCUCCCGGUCAUGGUGGACGAGAAACGUUUAACUCACGUAAUAUCGGGAUUUUAGUCGACCAACCUAGAUAGACGGGAGAAGUCAAACACCACCUGCUUUGCGUCUGUUGAUUCAGCUCAACGGGAACGCCUCGAGCUUAGCUGGAGUGGCCUCCA,....(((((((((((..(((...........(((...((((....(((((((((..(((((..(((((....))..)))........((((........)))))).)))..)))...))))))..))))...)))))))))))..)))))).......(((((...(((....))).)))))....(((((....))))),.........(((((...((...)).......((((......))))(((((((((..(((((.(((............((.((......)).))......))).)).)))..)))...))))))(((.((.........))))).(((((((((((......))))))))..)))(((.(((...))).)))..)))))..,2,83,0.3202,9.93,0.4556,9.93,0.567,9.93,0.4187,9.93
91,91,CAGUUCCCUAGGGAUCCAGGUCUCUAAGGUUUAAACCCUCCGAUAGGCGCCAUCAGUUGACCGUGUGGGUACAUAAUUAUAUGUGUGUAUUCGGUGUUUAUCAUUCCGAUCCAUCAUGGGAGUUGUAGGCAAGAAUAUCAGCCACUGUGCGAUUGAUGUGAUCGACGAUACGACAAAAUUAGGGAUGGAAAGUAACAGUU,....(((....)))((((..(((((((((.......)))((....))(((.((((((((..((.((((.((((((....)))))).((((((..(((((((.(((((.((.....)).))))).))))))).))))))...))))))..))))))))))).(((......)))......))))))))))...........,....(((....)))((((..((((((((((....)))....((((((((((..((........)).((((((((.((.....))))))))))))))))))))....((((((((((((.((((.(...((..........)))))).).))..))))).)))))..............)))))))))))...........,2,96,0.3984,23.200000000000003,0.5634,23.200000000000003,0.6424000000000001,23.200000000000003,0.5947,23.200000000000003
92,92,GGACCCAGUAACAUCCAACGCAAUAGGGGAGGGCUCCGUGGACGUGGCCCAUGUAGUUUAGACGAGCCUCGCAUCGUGCCUAUGAUCUAUCUCAUUUGAUAAUGCAACACAUCUGAGGCGCCUCAUGGCAGCGACAAGCUACGGGUUAUACUGGAGUUCCAAGAUUUCCCGUUAACUGCCACCGCUUACUUAACAGGUGA,((((((((((..((((..(.(....).)..(((((.((....)).)))))...........((((((...)).))))((((..(((......((((....))))......)))..))))(((....)))(((.....)))..))))..)))))).).)))....((.((.(((((..............))))).)).)),.............(((..(......).)))((((.(((....)).)))))..(((((.((.((((((...)).))))((((..(((......((((....))))......)))..))))(((....)))(((.....)))(((((..((..(((....)))..))..))))))))))))((((............)))).,2,52,0.0425,13.200000000000003,0.0792,13.200000000000003,0.1673,13.200000000000003,0.0656,13.200000000000003
93,93,AUAGGUUGUGUGGAAGUCGACGGCUCUAGCGGAGGUUGCAAUCCGAGGAUGCUACGGAAUUAACGGGUUAAAGUGAAGCCGCGUCUAUCAAAGUUUUACCUUUUAGUUAGCCACGUCGCCGGUCGCGUAUAAGCCGGGUACCCGAGUACUAUAAAUCGCUUUAAUAUUUCGUUGCGAUCCUGCCGGCACCCGGGACAGGG,.....(((((((((.(.(((((...(((((((((((.....((((((....)).))))((..(((((((.......)))).)))..)).........))))))..)))))...))))).)..)).))))))).((((((..(((.(((......(((((..............)))))..)))))).)))))).......,...((((((.((.....))))))))((.((((.((((((((((((((....)).))))........((((((((((.((.(((((((.(.(((........))).).)))..)))).))((((.........))))(((((....))))).....))))))))))......)))))))))))).))..(((......))),2,109,0.6376,25.5,0.9614,25.5,1.0191000000000001,25.5,0.674,25.5
94,94,CAUCGUGGGCAGAAAACGGACUUGGUAAUCUUACCUCAUUGACUUUCGGGACCAGCGCCAACUAGUCCAUUCUUUUUGAAGUGUAUGGACGCGCAUUUAGUAAAGUCGGGUCGCGCGCGAGGGAACCAGACGAAUGGGUAUGAAAAGAGCGCUGAAUCGACGAGAGGACGUCAUGGUCGUCACUAACCGGACACCUUCAC,....(((((.......(((....((((....)))).......((((((.((.(((((((.....((((((((..((((..((...(.(.(((((((((.........)))).)))))).)....)))))).))))))..)).....).))))))..))..))))))((((.......)))).....)))......))))),....(((((..............((((....)))).......((((((.((.(((((((.....((((((.(..........).))))))((.(((((......(((.((((.(......).)).)).)))))))).)).......).))))))..))..))))))(((......)))(((........))).))..))),2,64,0.0916,13.729999999999997,0.146,13.729999999999997,0.23349999999999999,13.729999999999997,0.1309,13.729999999999997
95,95,GGAGGAGGCUACGGUAAUGCAUCCCGAUGAUAUAACACUUCCGCUCUUAAAUUAAGAGCGUGUUUCGCGGAACAUCUAGCUCUUCUCGUGACCUAGUCAUCUGGGCGGCAUUUCCGAGGCGUUUCAGAUGAAGCUUACAAAGAAUGCUCGCAAUGGGUCUCCUUCCUGUGUGAGAACUAAGUGAGGCAAUCGUGGCAGUG,.......((((((((..(((...(((.(((...(((((....(((((((...)))))))))))))))))).....((((.((.......)).))))(((((((((((.(........).)).)))))))))..(((((..((....((((((..(((......)))..))))))..))..))))))))))))))))....,.......((((((((..(((.((((((......(((((....(((((((...))))))))))))))).)))....((((.((.......)).))))(((((((((((.(........).)))).)))))))..(((((..((....((((((..(((......)))..))))))..))..))))))))))))))))....,2,16,0.0013,6.900000000000006,0.0016,6.900000000000006,0.0877,6.900000000000006,0.002,6.900000000000006
96,96,AACUCGUAGAUGGUUGAACGCCGGACCAAGUUUCUCCGGUAUAUGUUCUAUCGGAUCAAAAAUAGCCGCGAUCAGCGAUAUCAUUGCAGUUCUGUGUGACGUAGGCUAGUACUCUAAUUGCGAGGCACUCAUGUGGGUGUAAGAAUAUCAAAAUGACAGGGUCGCAGUUGAUCCCAAUCUGGAUAAAGCAAAGCGAGGUU,..(((((..((.(((((.(((.((......(((.(((((((.......)))))))..))).....))))).))))).))....(((((((.(((.((.......))))).))).(((((((((....(((((...(((((....)))))...)))..))..)))))))))((((......))))...)))).)))))...,..(((((...(((((........)))))......(((((((.......))))))).......((((((((.(((((((............)).)).)))))).)))))......(((((((((.((((((....)))))).......(((...))).....)))))))))((((......))))........)))))...,2,66,0.0959,16.8,0.1462,16.8,0.2367,16.8,0.1904,16.8
97,97,CACAUGGGGUGCUAGGGUUGUUUCCCCCUCCCUAACGCAGCUCGUAGUCGCGAUAGACAUCGUUACGCAUUCAGAUGACGCCGAUUGAACGGUUUUUCGAGGGGUGAUCGUCCGCUGGCGAUCUUAACGGUAUACGAGAUUUUCGGGUACGCGUCCUGACUUGCUCUUGCGGGUGUAGACGUCCGAUCCCGUUCACCUUU,...(((((.((((((((..(......)..)))))..))).)))))....(((((....)))))..(((...(.(((((((((..(((((......)))))..)))).))))).)...)))........(((..(((.((...((((....(((((...((((((....))))))...))))))))))).)))..)))...,.....((((((...((((((....((((((.(((.(((.(((...))).))).))).((((............))))..((((......)))).....)))))).(((((((....)))))))......((((.(((.....))).))))(((((...((((((....))))))...))))).))).)))...)))))).,2,98,0.4141,22.0,0.6542,22.0,0.7271000000000001,22.0,0.6519,22.0
98,98,AAGAAGACCUCAAUCGAAUCACGGGCAAGUCCGACGAGGAACGCCUAGGCGAGGUGAUCGGCCCGAUCUUAAUGUAGGAUCCCCGGAGUCGCAUGACGACAGCUUAAUGUUCGUCCAGGGGGCAUACCCUUGGUGACUGUAAGCCGUGCCUGGUCCUUUUCUCGAAUGAGUCCACAGAUUAGCAAAUUUAAAAAGUGCGG,.....((.((((.((((....(((......)))..(((((....(((((((.(((.(((((((((((((((...)))))))...)).)))).)).))....(((((..((.((.(((((((.....)))))))))))..)))))).))))))))))))...)))).)))))).........(((...........)))..,.....((.((((.((((....(((......)))..((((...(((.(((((.(((...(((...(((((((...))))))).))).((((((..(((((((......))).))))((((((.....))))))))))))....))).))))))))))))...)))).)))))).........(((..((....)).)))..,2,46,0.028,10.299999999999997,0.0557,10.299999999999997,0.1426,10.299999999999997,0.0399,10.299999999999997
99,99,CUAAUUCAAACUACAGCAGUUCUCAGCCCUGAUCAUCACGAGAACUGAUGAAUAGCUGGGACUGCGGAAAGGGCGCAGUAGUGUUAAAAGGCUUAAUACAAGAGUAACUAACUGAACGUAGAAGGUUAGCUCUAUGAUUGUAGUCGGGGUUCCGCAUGAUUGAACUAGUAGCCCGCCGGGAAAGUAUUGAUGUAGCGCCG,...............(((((((.((((.....((((((.......))))))...)))))))))))......(((((....(((((((.....))))))).(((((...(((((..........))))))))))..((((((.(.(((....))))))))))....((.(..(((...)))..).))........))))).,.........(((((((((...((((((..((.((((((.......)))))).))))))))((((((.......)))))).(((((((.....))))))).(((((...(((((..........)))))))))).)).)))))))(((.(((..((((.(....(((.....(((...)))..)))..).))))))).))),2,58,0.0691,15.900000000000006,0.12,15.900000000000006,0.2046,15.900000000000006,0.1037,15.900000000000006
