,i,sequence,s1,s2,seq_length,search_width_multiplier,bp_dist,new_fp_runtimes,new_fp_results,py_runtimes,py_results,new_merge_runtimes,new_merge_results,new_merge_ext_runtimes,new_merge_ext_results,new_merge_mfe_runtimes,new_merge_mfe_results
0,0,AAAAUAAUGUACCGGACAUUCGCGCACGACCACCAUAUGGCAGAGCAUGUGUCUGUGGACCCACUAUAGCUGGGGCGCUUAACCCCAGAAAAGUAUCUUC,.......(.((.(((((((....((.(..(((.....)))..).))..))))))))).)...(((....((((((.......))))))...)))......,........((.(((((((..((.((.(..(((.....)))..).)).)))))))).).)).........((((((.......))))))............,100,2,12,0.0224,2.0,0.0007,2.0,0.0023,2.0,0.0033,2.0,0.0036,2.0
1,1,GGUCUAUGCCUCACACGCAGCCUCCUAUUAGCAGCUCUCCUGGCCCACAAUUUUAUUAAAAGUCCAAGUUGGACUGACAAAACGCGUGCGGUGUCCUAGG,...(((.((((..(((((.(((...................)))................((((((...))))))........))))).)).).).))).,((...(((((...(((((.(((...................)))................((((((...))))))........))))).)))))))....,100,2,14,0.0009,4.2,0.0008,4.2,0.0014,4.2,0.0015,4.2,0.0029,4.2
2,2,CAAUUGCGCCGCAUAAAACCAGAGAUUCUACCCUCAAUCGGUUCUUAAGACGUACUGCGCGUUUCACCAGACCACAAUGCAGGGCGGCACCGUUAGGCAA,.......(((((.........((((....(((.......)))))))........((..(((((............))))).))))))).((....))...,....((((((((((.......(((........)))....((.(((..((((((.....))))))....)))))...))))..)))).))((....))...,100,2,43,0.0125,6.8,0.0258,6.8,0.0141,6.8,0.0207,6.8,0.0095,6.8
3,3,CACAACGAGACUACUCAUGCACAUAAGGAAGGUUAUCGCCAUAGACAUGGCGCGGCAGCGCAGAAUGUUUAAAUCUAAAUCUGGUAUGGGAGGCGUGCCC,....(((...((.(((((((.((......(((((.......(((((((.((((....))))...)))))))))))).....))))))))))).)))....,....(((...((.(((((((.((....((......))(((((....)))))(((....)))((.((......)))).....))))))))))).)))....,100,2,30,0.0036,9.3,0.0057,9.3,0.0048,9.3,0.0052,9.3,0.0065,9.3
4,4,GUUGGUAUGAAGAAAUUUGCUGGGAGAAAAAGUCUAAGGCCUUGAAUCCGGCGGGUCUUAAUACUUACCUACAAAAUCAUCAGGCUGUACUUCCUGUAUC,((.(((((.((((..(((((((.((....(((.(....).)))...))))))))))))).))))).))..................((((.....)))).,((.((((.......((((((((((...((..(((...))).))...)))))))))).........)))).))......((((((........)))).)).,100,2,41,0.0114,4.2,0.0277,4.2,0.011,4.2,0.0125,4.7,0.0106,4.2
5,5,UACCACGGCUCAUCAUGGCGCACCCUCUUAUUUUGUCAACUUGCUCUUAUCCGAACGACAACUAUCACUUGGUUACUCUGCAAUGAUUACGUACCUAGUU,....(((....(((((.(((.(((....((..(((((...................))))).))......))).....))).)))))..)))........,....((((((......)))...............((((..((((......((((..((......))..)))).......))))))))..)))........,100,2,35,0.0084,8.7,0.0174,8.0,0.0108,8.7,0.0115,8.7,0.0118,8.7
6,6,GUCUAAGCCAAGGCAACUGCUUAGCCUUGUUUCGGAUAUAGCACUUCAUUCACUCGUUUGCGAGUAAUCGUUUCACAGAAAUGGUGCCCGGUCCGACUAA,........((((((.........))))))..((((((...((.........(((((....))))).((((((((...))))))))))...))))))....,........((((((.........))))))..((((((...((((..((((..((.....((((....)))).....)).))))))))...))))))....,100,2,25,0.0034,8.1,0.0054,8.1,0.0045,8.1,0.008,8.1,0.005,8.1
7,7,GAGACAAGGAGACACGGCAUAACGGACGGGGCCGCAUUGAAACGCCGGUUGCAUUUAGUCAUCGCGCCGAUAAAGGUGACACGACGGCCAGGGCUUAUGU,................((((((.(..(..((((((..........((((.((.....)).))))((((......))))....).)))))..).))))))),................((((((.(..(..(((((........((((((.(((((......)).)))))......))))......))))).)..))))))),100,2,24,0.0029,8.8,0.0051,8.8,0.0073,8.8,0.0075,8.8,0.0055,8.8
8,8,UCGAAAGCCCGUUUCUUUCUUACACCGCCAGUGCCUAAAUGGUUCAAUGUCAACGCGUGUACAGGAGAUCCAAAGCUCGCGCAGUGCCUUUAUGAUAUAC,.((..(((.......(((((((((.(((((..(((.....)))....)).....)))))))..)))))......)))..))..(((...........))),.((..(((.....(((((..((((.(((....(((.....)))...........)))))))..)))))......)))..))...................,100,2,15,0.001,2.5,0.0009,2.5,0.0037,2.5,0.0023,8.4,0.0041,2.5
9,9,UAAAAUGAUCACGGUUUCAGCUUUGGACAGGGCGUUCCACUAAACUCCUGGUGACAUAGAUAUAUUGGAUUGCAACUACUCGUCGGUCCGGUUGGCGUUC,.....(((........)))(((((((((..((((........((.(((..................))))).........)))).))))))..)))....,....(((.((((...((((....))))(((((.(((......)))))))))))))))......((((((((((........)).))))))))........,100,2,50,0.0232,12.01,0.0529,12.01,0.0272,12.01,0.0278,12.01,0.0287,12.01
10,10,CCAACCCGGUAGAGGGAUCGAGUGGUCUAGGCGAAUGAUACGAGAGGCUCACUGGGGACGAUGGGAGUGAUCUACUCGAUGUUGCGUCCGAUCACAUCCA,....((((((.(((...((..((.(((.........)))))..))..))))))))).....((((.((((((.((.((....)).))..)))))).)))),....((((((.(((...(((.((.(((.....)).).)).)))....)))))))))...(((.((((((((.........))))).))).))).......,100,2,40,0.014,16.1,0.0373,16.1,0.0207,16.1,0.0176,16.1,0.0195,16.1
11,11,CAAGCCGGCACGCGAAAGGGCGGCUAUGUACAGCUCUUAAAACCACCAGAGGUUUAGUGAUCACUGAGGCUUGUUCGCAAAUCACUGCAAUUAGAUAUGA,(((((((((.(((......)))))).....(((.((...(((((......)))))...))...))).))))))...(((......)))............,(((((((.(.(......)).)))))..(.(((((.(((((((((......))))).........))))))).)).)(((......))).........)).,100,2,36,0.0067,12.5,0.016,12.5,0.0078,12.5,0.008,12.5,0.0092,12.5
12,12,CUCACGAUAUGGGGCACGGUGCAUACAUACAAGAAUUACUUGGCACCCCCGCGGAAAGUAGUCUCCUUGUACGCAUAUCGCUACAAAAUCGGGGAACUUC,(((.((((.((.(((...((((.((((....(((.((((((.((......)).))..)))))))...)))).))))...))).))..)))))))......,...((....((.((...(((((.......((((.....))))))))).)).))....))((((((((((((.((.....)))))))....)))).)))..,100,2,60,0.0425,21.4,0.0997,23.51,0.0499,21.4,0.0494,21.4,0.0514,21.4
13,13,UCUUGUACAAGGAUAGUGACUCCGCAAUUAGGACUGAACAAUAACUUGGGCGUAAAGUAAGCGCAGGACUAGAGGAAGGCUGGUGCGCGAUAGGCCCCCG,(((((.....(((.......))).....)))))..............((((.((......(((((...((((.......)))))))))..)).))))...,(((((.....(((.......))).....)))))..............((((.((..((..((((.((.((.......)))).))))))..)).))))...,100,2,19,0.0019,9.8,0.0025,9.8,0.0024,9.8,0.005,9.8,0.004,9.8
14,14,GGAACAAGCAGCUGCAACAAGUUUGAACGGUUUCUCCUGCAGAAUGAGUGGUACCCUAACAUGCUAGGCUGCACUGGAAGCAAUGUCCCAUUGACCACUC,(((((...(((((......))).))....)))))...........(((((((...((..(((((......))).))..))(((((...)))))))))))),.......((((..(.(((..((....)).))).)..)))).....(((((((......(((((((((......))...)))).))).......))))))),100,2,41,0.0159,9.0,0.0266,9.0,0.0221,9.0,0.0189,9.0,0.0082,9.0
15,15,CGCUCUCCCCUCUGGGAGUCGUGGGCCUGACCCCGAACUCACAUGAUCUAAUCAUUGCCUAAGGGACAUUUCCACGUGUAAGAAACCCGGAAACAUCGUU,.......((((..((((((((.(((.....))))).))))..(((((...)))))..))..))))...(((((..((.......))..))))).......,(((.(((((....)))))..)))........(((........(((((...))))).......)))...(((((..((.......))..))))).......,100,2,26,0.0033,11.5,0.0046,11.5,0.0057,11.5,0.0093,11.5,0.0081,11.5
16,16,UGGCUUAGAAUGAACAGAUAGAUUGCCUACAACAAAAUACUGAUGACGGGGGAGCCGUGACAUGGCGGCCACCGCUAGUCGGCCUACGCUUUAAAACAUA,.(((.....((......)).....)))............(((((...(.((..(((((......)))))..)).)..)))))..................,.(((.(((......(((.((..(((.......)))..))))).(((((.((..(((((......)))))..)).)..))))..))).)))..........,100,2,28,0.0053,8.2,0.005,8.2,0.0067,8.2,0.0065,8.2,0.007,8.2
17,17,UGCUGUUAUCAGACGCCAGUCCAUCUUCGGUCACGAGCGCCUGGUACCUUCUUAAGAAGUAGCGCUGGUGGAUAAUGUUUCUCAUGCCGGCAAGGCCUCC,.(((.....(((.(((..((((......))..))..))).)))((..((((....))))..))(((((((((......)))....))))))..)))....,.((((......(((....)))......))))...(((.(((((.(((.(((....)))))).)(((((((..............))))))).))))))).,100,2,38,0.0108,8.8,0.0278,8.8,0.0223,8.8,0.0222,8.8,0.009,8.8
18,18,GUGCCUGUAGCCUGCACUUUCAAAUACAAGAUGCGAUCUGGUCCGACUAGAGUUCGCCGCAUUAAUCAUAGACAGAACCGUCGUUGCCUUGGGCACUUUA,(((((((..((.(((((((........))).)))).((((((...))))))((((...................)))).......))..)))))))....,(((((((((((.((......)).......(((((((((((((...))))).))....)))))).......(((......))))))))...))))))....,100,2,33,0.0069,5.6,0.0175,5.6,0.008,5.6,0.0084,5.6,0.0081,5.6
19,19,GCCAAUAACUACCUUCGUAGUACGGUAGAGGCCCUUCUACAUCCACGCCUAAAACGGCUAGACGUUUAUGACUGGCGAUAAUUAUUUGCAUGAUGGAUCC,((((...(((((....)))))...((((((....))))))......(((......))).....(((...)))))))(((..(((((.....)))))))).,.......(((((....)))))...((((((....))))))(((((((((((.((((......)))))).....))))................)))))..,100,2,33,0.0072,10.1,0.0188,10.1,0.008,10.1,0.0082,10.1,0.0088,10.1
20,20,AUACGUCAAGCGAGACAUUGUUACGUGAUGGAUAAUGGUAUGCAUACACCUGGGCUGCACUCUAGCAGCAUACUCUUUGUUAUACAGCGCGUUUAUACUA,....(((......)))......(((((.((..(((((((((((......(((((......)))))..)))))....))))))..)).)))))........,....(((......)))..(((.(((((.((..(((((((((.((......)).(((((......))))))))))....))))..)).)))))..)))...,100,2,21,0.0017,2.6,0.0025,2.6,0.005,2.6,0.0063,2.6,0.0055,2.6
21,21,CGCAUCUCUUUAGGGUAUGAAAUGUUAUAUGCUACGGGAACAAUGCCGACCUUCGGAGACCUAAGGAAUACGUCUUUCGAGCGGAAGGAUUCCUCGUUCA,.((((.(((((((.((((((....)))))).))).))))...)))).....(((((((((.((.....)).))))).)))).((((...)))).......,.((((.(((((((.((((((....)))))).))).))))...))))((...(((((((((...........))).))))))))(((.((....)).))).,100,2,17,0.0018,5.6,0.0025,5.6,0.0045,5.6,0.006,5.6,0.0077,5.6
22,22,AUGCCAACUUAUUCUUGUUGGUUAAGGCAACGAAUCCCCUACGUCUCAACACGAAGUGGAUGACCAGGGAUGAAACCACGCUGGGCCAGCUUCCUCCCUC,..((((((........))))))...(((.....((((.((.(((......))).)).))))..((((.(.((....))).))))))).............,..((((((........))))))...........((((.((.(((......))).)).))))....(((((.(((.....((((...))))))).))))).,100,2,22,0.0024,14.6,0.0038,14.6,0.0032,14.6,0.0056,14.6,0.0052,14.6
23,23,CGAUGUGUGCUCAUUCCAUAAGAUCCAGGCGGUGCGCCUCAAUCACUCACCUGUUUAGAUCCUUUUAUCCAUGGGGGACAUUGCCGGAGCUGAUCUGUAA,..........(((((((.(((..((((((((...)))))......((((..((..((((....))))..)))))))))..)))..)))).))).......,((((((.(.(((((...((((((((.((((((((.(.........).)))).)))).))))...))))..))))).))))))).((((.....))))...,100,2,61,0.0423,13.0,0.1005,13.0,0.0489,13.0,0.0491,13.0,0.0504,13.0
24,24,CAAUACUUCUACAGAGACCACGUGAGGUAGCUGUCUUAAGUCGUUGCUUACUGCGUGAGAUUGCAGCCAAUUAGCGGCUGUCUCAUCCGUACAUAAGGUA,....((((..((((..(((......)))..))))...))))...(((((..(((((((((...(((((.......))))))))))..))))....))))),((((((((..((((..(((......)))..))))...)))).))))((((.((((((((((.((.((......)).)).))))))..))))..))))...,100,2,23,0.0034,7.4,0.0066,7.4,0.0073,7.4,0.0067,7.4,0.0042,7.4
25,25,UAUGUCUGAGAUUAAUUCUCCGUCGAAUGAUAUACGCACUCUGCCAGCGUCCCCAUAUUAUUUGUGCCUGGUUCUUGCGGUUAGGCACAGGGCUACGUUU,.......((((.....))))...((((((((((..(.((.((...)).)).)..)))))))))).((.((((((((((......))).))))))).))..,...((((((((.....)))).....((((((((((((.........))))....))))))))((((((((((....))...)))))))))))).......,100,2,37,0.0083,9.1,0.0221,9.1,0.0134,9.1,0.0144,9.1,0.0079,9.1
26,26,GUAAAGCGACGGUCCGAAAUAAUCUUAACUCUAUGCCCGAAUUAGGGCCCCACCGAGCCAGCGAGGGUCAACGCUUCACACCAUCGGGCUUGAAAGUCUU,.......(((........................((((......)))).....((((((..(((((((.((...)).)).)).)))))))))...)))..,.......((((((((.............................)))))....((((((..(((.(((...........))).)))))))))...)))..,100,2,18,0.002,9.7,0.0037,9.7,0.0035,9.7,0.004,9.7,0.0033,9.7
27,27,GGACCUCAGGGUAUCCGGGCCUGUAAUCACGGCUAGUGCAAUGCGGGUGUUUCGAGGGCCAGGGCUUGUUCGUUGGUCUGGUCGCCAGAGUUUGUAGAAG,((((.((..(((...((((((((((.((((.....))).).)))))))...)))..(((((((.(.........).)))))))))).)))))).......,....(((..(((..(((((((...(((...((((...((....(((.....)))...))...)))).)))....)))))))..))).)))..........,100,2,46,0.0114,12.63,0.0318,12.63,0.0178,12.03,0.0182,12.03,0.0113,12.03
28,28,UAAGGUCCCACACCCCCACGGGAUUUAUGCCUCAUGCGAGACUCGAUUAUCUGACGCUUAGGAGCCUAAGUGGCGGAGUCUCGCGCUGAACCGAGCACAG,..(((((((..........))))))).........(((((((.......((((.(((((((....))))))).)))))))))))(((......)))....,..((((......(((....)))......))))...(((((((.......((((.(((((((....))))))).)))))))))))(((......)))....,100,2,14,0.001,9.7,0.0009,9.7,0.0014,9.7,0.0042,9.7,0.0031,9.7
29,29,CGGACCGGCCAAUCGGGUAUUGCUGCAAACUAUGGCAAUAGUGCAUAGGUUCAGACGAAGUACGGGUGGAUAUUUGUAGCCAGUAUGCUGGGUCUCCGGG,....((((....(((((((((((((((((((((.(((....)))))))(((((..((.....))..))))).)))))))).))))).))))....)))).,((((..((((....(.((((((((((((((((((.((....)))))))(((((..((.....))..))))).)))))))).))))).)..))))))))..,100,2,19,0.0016,6.7,0.0022,6.7,0.0044,6.7,0.0044,6.7,0.006,6.7
30,30,GAACCAGACCUUCCUCGUAGGUCACCAGCUCGAAUCUAGGGCGAGGACGAUCACUUACCAGGAAGGCUGUAUAAAAUGCGUCUGAAUGCACUUCCGUACA,....(((.(((((((.(((((((.((.((((.......))))..))..))...))))).))))))))))................(((......)))...,........(((((((.((((((..((.((((.......))))..))......)))))).))))))).(((((....(((((....))))).....))))),100,2,19,0.0023,1.8,0.0023,1.8,0.0046,1.8,0.0051,1.8,0.0051,1.8
31,31,CUCCAUAUUGCUAUCAGAGAGAAACCCUUGUAUUUACAGUAAAAUAAUUCAUAAGGCAGGUAUCUACCAGGCUCCGAGCCAUUCCAAACUGAACAGAUAU,..........((.((((...(((..((((((((((......)))).....))))))..(((....))).((((...)))).)))....))).).))....,....(((((....(((((((.....(((((((.(((........))).).))))))......)))....((((...))))........))))...))))),100,2,26,0.0043,1.6,0.0048,1.6,0.007,1.6,0.0066,1.6,0.0102,1.6
32,32,AGCGGAGGGGUCUAGUGGUCACAUCCUACGAGUUCGGGGCACCGAACAAAUCGAAGUCUACCGAGAUAGGGCGUUCGUUAGGCGGACGCUAGCCCAUCAU,...((.(((((((.((((.(........(((((((((....))))))...)))..).))))..))))..(((((((((...)))))))))..))).))..,....((.(((.(((((.(((....(((((((((((((....)))))).............((......))....)))).)))..))))))))))).))..,100,2,48,0.0166,8.3,0.0306,9.1,0.0193,8.3,0.0228,8.3,0.0208,8.3
33,33,AAGACUGUUUGAGUCCAGACAAUAUAAGUUGUGUCAGACCCUAGCACGGCCACCGAGUAUAGGGGAAACUUGGAUCGAAGAGCGUCAGGGGCGUAGCUCG,..((((.(((((.((((((((((....)))))......(((((...(((...)))....))))).....)))))))))).)..)))..((((...)))).,....((.((((.(((((((((..........))))((.((((.((.(((...))).))...))))...))))))))))).))......((((...)))).,100,2,29,0.007,7.0,0.0128,7.4,0.0089,7.0,0.0101,7.0,0.0074,7.0
34,34,AAGAUGGCGACGAUGUGCAGAGGAGUCGGAGCUACGCGAAUCGAUGUUCGGCGUCUUACAGGGUUGUCUCUCGGCCGGCCCUCAACAACCUGUUGGCUGC,.(((.((((((..((((...(((.((((((..(.((.....)))..)))))).)))))))..)))))))))((((((((............)))))))).,.(((.((((((..((((.(((.(...(.((((..((.....))..)))).)).)))))))..)))))))))((((((((............)))))))).,100,2,19,0.0011,4.9,0.0014,4.9,0.0014,4.9,0.003,4.9,0.0032,4.9
35,35,GUCUCUCUCGUGCUGGCUAUCUUCUAUGCUCAUACUAAUACUCUAUGCCAAUCUGCCAAUGCUACGUCAGUCUCAUCUAUGCCAUGACGUGGACUUAUUG,........(((..((((.......((((...............)))).......)))))))((((((((....((....))...))))))))........,.........(.((((((.............................))))....)))....(((((((((.(........).).))))))))........,100,2,22,0.0027,6.22,0.0051,6.22,0.0066,6.22,0.0064,6.22,0.0098,6.22
36,36,AGGUUGGCGGUGCAGGACGCGGGGGGCAGAAGUAAGUACCUGCACAUGUGGGCACGUAGAUGAUCUGCAGUAUUAGGCGAGGGGCUAGGGCUCAGAAAAU,..(((.((((((((((..((.....((....))..)).))))))).))).)))......((..((((.(((.((((.(....).)))).)))))))..)),..(((.((((((((((((((...........))..)).))))))).))).)))..........((((.(((.((((.(....).)))).)))))))....,100,2,10,0.0006,1.9,0.0004,1.9,0.0026,1.9,0.0024,1.9,0.004,1.9
37,37,ACUCCCUUCGCGGAUCGCUAGCGUGUUUCUAUUAUCAGUACUACGAUUGUUGUGCUUGCCUAACACCUGACGCUGAGGACGAUCCUUACCGCAGGUCUGU,....(((.((.(((((((((((((...........((((((.((....)).)))).))...........)))))).)..))))))....)).))).....,.........((((((.......(((((.........(((((.((....)).))))).....)))))(((.((.((((((...)))))).))))))))))),100,2,43,0.0179,12.8,0.0388,14.2,0.0216,12.8,0.022,12.8,0.0186,12.9
38,38,UUUAAACUCAAAUCCGGGGAAGUACGGAUCUUGUAGGCGCUCGAACCUGCGAGUGACUGCUUUGCGCGGGGUCACGUAUAUCACUGCUCCGUUUUAACUC,..............(((((..((((((((((((((((((((((......)))))....))))...)))))))).))))).......))))).........,...........(((((........)))))...((((.((((((......)))))).)))).....((((((.((.((.....))))))))))........,100,2,42,0.0151,13.4,0.0298,15.2,0.0167,13.4,0.0168,13.4,0.0198,13.4
39,39,UCCGGCGGGGUCGAACCGUAAUUUUACGCAAGAAGUACGACGGCGUCUGACAAGUUCAUUCACCGUGCGCGACAUGUCUCGGUAUGCUGCCUAUAAAGUA,...(((((.((...((((..((....(((.....((...((((.(..(((.....)))..).)))))))))....))..)))))).))))).........,...(((((.((...((((..((....((((..........(((.(..(((.....)))..).)))))))......))..)))))).))))).........,100,2,10,0.0007,7.1,0.0004,7.1,0.0009,7.1,0.0008,7.1,0.0026,7.1
40,40,AGUGCACUGAUCUACAAGCAUAAGCGGGACGCUUCGUGAGUACAUUCAGACUGCGCGACGACACUCGGCGUUCAUACCCGACGCAGCCAAAGGUGCCCUC,.((((..((.....)).))))....(((.((((((((((((........))).)))))(((...)))(((((.......))))).......)))))))..,.(((((((((...........(((((...)))))...........))))..)))))........((((.((....)))))).((.(((...)))))....,100,2,54,0.0309,14.9,0.0571,14.9,0.0384,14.9,0.0347,14.9,0.0362,14.9
41,41,UGUAACGUGGUGAACCCGCUGAGCAGAGGAUUAAUGGCGUAGAAUGAUAACGCAGGAAACUCUAAUUAUAUCGACGUCUCAUGGCUCAGCCGUAGGUAUA,......(((.(..((..(((((((....((.....(((((....(((((.....(((...))).....))))))))))))...))))))).)).).))).,...............(((((((((...........(((((.((...((((...(((....)))..)))).)).))))).....)))))))....))....,100,2,27,0.005,5.9,0.0096,5.9,0.0085,5.9,0.008,5.9,0.0083,5.9
42,42,UGGCCUGUUGGGGAUGUAUUAGAAUAAAAGAUGGAAUCUUUCCUUUUAGCACACCUAGAACCAUUCCCUGUCGGGCUCUAGCCCGCGCUCCACGAGUUCG,.((((((..(((((((..((((......(((.((((...)))).))).......))))...)))))))...))))))......((.((((...)))).)),.((..(((((((..(((..(((((..((((((...))))))..))))))))..)))))...))..))..(.(((((....))))))((((...))))...,100,2,55,0.0332,13.9,0.0661,13.9,0.0368,13.9,0.0365,13.9,0.0376,13.9
43,43,AUCCUUGUCGCCCUGAAAUUUCGACUAAAGAACUGUAAAACCAAGCGAGGGAGCGCAGUGUACGCGUAUCAACCAAAGGCGGCCCAGUGGUUGCGCCGAG,......((((...........))))......(((((....((......))....)))))....(((...((((((..((....))..)))))))))....,.(((((((((...........)))).......((.........))..)))))((((.......))))..((((((..((....))..)))))).......,100,2,21,0.0021,12.3,0.0029,12.3,0.0025,12.3,0.0026,12.3,0.004,12.3
44,44,UACGCCAACGACAGACAGUCCCCGUUCGUCCGAUUAUCCAAGAACUAAUAUUAGAUAUGAGGUCGUAACAACCUCGCGUGAUAUCUCUAUUCAUGGUCAG,.........(((...........((((..............))))............((((((.......))))))(((((.........))))))))..,...(((...(((.....)))...((((....((...))...))))............((((((.......)))))).((((((....)).)))))))...,100,2,14,0.0009,4.9,0.0008,4.9,0.0036,4.9,0.0035,4.9,0.0054,4.9
45,45,AACAUUGUUCUGCCCAAGUAAUGGAGGCAAUUUUCAGUCUCGAAAUCUUCCAGACGGUCCCCGGGUAAAAAUUUCAUACCCCUAAUUGCGUUGAAUACCU,.................(((.(.((.((((((....((((.(((...))).))))((...))(((((.........)))))..)))))).)).).)))..,...(((((.(((...(((...(.(((((........))))).)...))).))))))))....(((((.........)))))...................,100,2,38,0.0114,15.8,0.026,15.8,0.0125,15.8,0.013,15.8,0.0143,15.8
46,46,GGCGUCAACGUGUACCCGUCUUCUUAACUAAAUUGGUGGAUGCAUCCGGAAUGAUUGUUUCGGUAAUACAAGCACGAUCUCGUAUAUAAGAAAUAGUGAG,((.((...(((.((((..................)))).))).))))....(.((((((((.(((.(((.((......)).))))))..)))))))).).,.(((....(((((...(((((.((..........)).)))))...(((((((....)))))))........)))))....))).................,100,2,50,0.0229,10.8,0.0495,10.8,0.0258,10.8,0.0258,10.8,0.0276,10.8
47,47,AACCGCAAAAGAUGUCGGGUGCUAUGAGGAGCACGAACAAGGUUGUCGGUGGUCUCGUCUUUUCUUUUUCGACUGGGCAACAGCCUAUUUUUAUUAUUUG,...((.((((((.(.((((.(((((((.((.(........).)).))).)))))))).)...)))))).))..(((((....))))).............,...((.((((((.(.((((.(((((..(.(((.(......)))).)..))))))))).)...)))))).))..(((((....))))).............,100,2,12,0.0008,5.3,0.0006,5.3,0.0012,5.3,0.0028,5.3,0.0026,5.3
48,48,AUAACUUGCGCAAUCCGGAUUGCUGCGCGUCACCGCCUCUAAUGUAACGAGGAACUGAGCGCUAUCGUAAAGCGUUCCCCAGUGGAUCCCUUGAUGAAUG,...((.((((((((....))))).))).)).....((((.........)))).((((((((((.......)))))))...)))((...))..........,.........(((((....))))).((((.(((...((((.........))))...)))))))..((((.(((.(.(((.....))).).))).))))...,100,2,35,0.0083,7.9,0.0172,7.9,0.0109,7.9,0.0113,7.9,0.0122,7.9
49,49,UCGGGCCAAGAUCUCAUGCGGCAAGUUGUCUAUCGAUUAGAGAAGAUAAAACUUUGGGCCACUCGAACAUAAGUGUACAGGCCAGGCUUAGCCGAGGUGU,...(((.(((.(((........(((((((((.((.....))..)))))..))))..((((((.(........).))...)))))))))).))).......,..............(((.(((((((((((((.((.....))..))))..)))))..((((...((........))....)))).......))))..))).,100,2,23,0.0028,9.5,0.0053,9.5,0.0076,9.5,0.0077,9.5,0.0053,9.5
50,50,CUAGACGGAUGCCACGUCCUUGCGAUUUAGCUCGGCAUCAUGUCUCAACGUUUUUGGUUACGGAUCCUCUGGCGACGAUACAGGAGUAAUGACACUUUGG,..(((((((((((....................)))))).)))))(((.((...(.(((((...((((.............))))))))).).)).))).,..(((((((((((..(..((........))..))))))).)))))....((..(((....((((...))))....))).)).(((((......)))))..,100,2,32,0.0057,9.2,0.0106,9.2,0.0157,9.0,0.014,9.0,0.0092,9.0
51,51,GCAAACAACGUACAGCCUCACCGACUUGCCCAUCGUUCAAACAUUCGGCCACCCCCUGCCUAAACACCCGGCUGGCUUUGGACUUUGGAAAGCUUUCAUU,((((.....((........))....))))(((..((((((......(((((......(((.........))))))))))))))..)))............,...........................(((((..((((((......(((((.((..((......))...)).)))))))))))..)))...)).......,100,2,15,0.0016,7.4,0.0018,7.4,0.0037,7.4,0.0036,7.4,0.0054,7.4
52,52,AAUAUAACAUUUGAGAGAUCAACGACACGGUACAUAGGUCAGUAAUGCUGUUGCUCUCCGACGAGCCGGCUUAUGGUCCCGGCAGGGUGGUGCCUUAAAA,.........((((((..((((.(....(((..((((((((.(....(((((((.....))))).)))))))))))...)))....).))))..)))))).,.........((((((..((((.(....(((..(((((((((((...))))..((((......))))..)))))))...)))....).))))..)))))).,100,2,17,0.0011,7.6,0.002,7.6,0.0016,7.6,0.0016,7.6,0.0032,7.6
53,53,AAGGCACGAGGAUAUACUCACCACGCUCGCAGCCCAUACAACGGAACCGGGACGGUGGGACCGGAUCAAUUACGCAUAACCGACGCGAGUUUACAGGUCU,.......(((......))).(((((((((...((........))...)))).).))))((((.....((((.(((.........)))))))....)))).,..((...(((......))).))..((((((..((........))..((((..(....)..))))........((......))..))))))..........,100,2,35,0.0086,16.6,0.0242,16.6,0.0121,16.6,0.0121,16.6,0.0135,16.6
54,54,CCGACAUACUAGCCAGGAGGAAGCCAAACCUCCAGCACGCAACCGAGCUGAUAGUCCAUAUACUCUAAUGGUGCCAGACCCCUCUUUGCUUGAGAGGACG,...............(((((........))))).((((.((...(((...............)))...))))))......((((((.....))))))...,...........((..(((((........))))).))........(..(((.....((((........))))...)))..)((((((.....))))))...,100,2,19,0.0017,9.5,0.0023,9.5,0.0023,9.5,0.005,9.5,0.004,9.5
55,55,GACCCGCCCGGUGCUUGGCCGCCUGACAUAGAGGUAGUCCUGUUCUUUGCGGAGAAAAUUGGGUGGGGUGUGAUAUAACCUGCCACUUGUAGAUCUAUUC,..((((((((((..((..((((..((.((((........))))))...)))).))..))))))))))............((((.....))))........,..((((((((((..((..((((..(((.((....))))).........))))..)).))))))))))............((((.....))))........,100,2,15,0.0013,8.4,0.0012,8.4,0.0035,8.4,0.0044,8.4,0.0055,8.4
56,56,GUUUGCCCCGCUAUAAAGCCAUCUGAUACAUCCGCAACUAUGGCUUGUCAAAUACACCGCCCUUUCUGCAUCACAUCAGCAUGGAGGAACUCGGCCGCGU,....(((...........(((((((((......(((.....(((.(((.....)))..))).....))).....))))).))))........))).....,...(((.(((........(((((((((......(((.....(((..............))).....))).....))))).)))).......)))..))).,100,2,12,0.0012,5.1,0.0009,5.1,0.0029,5.1,0.0029,5.1,0.0042,5.1
57,57,UCCAAAUUGGAGCGCAGCGAAGUAGUUUUCGAGUGAGGUAUGGGAACUCCGUUCCCUGGUUUUGGGCGGGCGGAAGUGCUGGUUGCUCCCUACACCGUGU,((((...))))((((..(((((....)))))((.(((..((.((.((((((((((((......))).))))))).)).)).))..))).)).....)))),........((((((((((.((....))(((..(((...))).)))((((((((((((......))).)))))).)))))))..))))))...........,100,2,42,0.0129,10.8,0.0302,10.8,0.0186,10.8,0.0199,10.8,0.0148,10.8
58,58,UGCGUCCUGCGCUCAGGAUGGGGCCUUGCACUGUCUAGGAUUCCCCAGCCCUUGAGCUGAUAAGCUCGGUGGAUGCGCAGCAGUGAAUUGAUCCCGGAGG,..(((((((....)))))))((((....((((((...(.(.(((...(((...(((((....)))))))))))).)...))))))....).)))......,..(((((((....)))))))(((.....(((((.((..(..(((((.......(((((....))))))).)))..)..))))))).......))).....,100,2,18,0.0016,2.8,0.0016,2.8,0.0051,2.8,0.0061,2.8,0.0051,2.8
59,59,CCCAGAUUUUGAAUCCUUUAAGGAGGGGUAGUUGCUUGUCCACGUCUCCGGCGUCUCCAGCAAUGAGCAACGGCCCCUCUACCCGAUGUGAAGGUCGGCU,....((((...))))......((((((((.(((((((((..(((((...)))))........))))))))).))))))))..(((((......)))))..,........(((((...)))))((((((((.(((((((((..(((((...))))).....)))...)))))).))))))))..(((((......)))))..,100,2,15,0.001,4.5,0.0011,4.5,0.0028,4.5,0.0039,4.5,0.0049,4.5
60,60,CUGUACGAUCACCGAGUUAGGAAAUAGACAAUCAGUCUUGAAAACGGGUAGACUCAGUGGAAUUCGUUCUUCUGAGACCCCUCGACCAUCUGAAACUGAU,.(((.(.....((......)).....))))((((((...((...((((..(.(((((.((((....)))).))))).)..))))....))....)))))),..............((((.(((...((((.....)))).......((((...(((((.((((....)))).)))))))))........)))..))))...,100,2,34,0.0056,9.7,0.0127,9.7,0.0066,9.7,0.0064,9.7,0.0082,9.7
61,61,AACCGACUCAAUAAUCACCCAGGAUCAAGGACACCUUCUCCGGUAGAGACCAAAAACCAGGGGCGUCGAACCUACCGCUUGCGUUUGCCAAUGACCUGAC,...................((((.(((.((..(((......))).........((((((((.(.((.......))).)))).)))).))..)))))))..,...................((((.((((((...))))....((((..((((((......(((........))).....))).)))))))...))))))..,100,2,34,0.0097,9.1,0.0171,9.1,0.0131,9.1,0.0125,9.1,0.0137,9.1
62,62,GUUCAUUUGGGUUUUGGCUACAUUAUGGACGGGGGGAAUACCGUCAGUUGCCCAACCUGCGGUACCCAUAGGGGUCUACAGUGGAUCCCUUUGGACCGCA,........(((((..(((.((....((.((((........)))))))).))).)))))(((((..(((.(((((((((...))))))))).)))))))).,......((((((...((((........(((((........)))))))))))))))..((((((..(((.(((((((((...))))))))).))))))))),100,2,24,0.0036,10.3,0.0064,10.3,0.0046,10.3,0.0048,10.3,0.0056,10.3
63,63,AGGCAGGCAACGGAUGAAGAAGUUGUGCGGUAUAACGGGAGGUAGAAUGUAUUGGUGUAGACACUAUUGUCGAGCAUACAGCAUAGUGGAACCAUUGUGU,..((..(((((..........)))))...))................((((.((.....((((....))))...))))))((((((((....)))))))),..(((..((((..........)))))))......((.....)).........((((((.((((....))))..)))).))((((((((....)))))))),100,2,20,0.0021,3.8,0.0029,3.8,0.0028,3.8,0.005,3.8,0.0042,3.8
64,64,ACGAAUUCAAUGUACGACAGAGAGCCAAACCUGCGGAUGGGAGGUUUCAGACUUGGGGAUACUUUUUCGAUCCUCAGGCAUCGGGAUCUGCACUGCGAGU,.....(((..(((...)))..)))......((((((...(.((((((((..(((((((((.(......))))))))))..).))))))).).)))).)).,...........((.(......).))...((.(((((.((..(((((((.(.(((((((((.(......)))))))))))...))))))).))))))).)),100,2,19,0.0024,4.0,0.0035,4.0,0.0046,4.0,0.0052,4.0,0.0055,4.0
65,65,GGUCGUAACGCCCUUUUAACGGCGGACGUUAAUACUCAACGAUCCGAAUGAUUGGGACAGCUUAAACCGCUAGCAUAGUGUGUAGGCACACUGCCUUGCA,(((.......(((..(((....((((((((.......)))).))))..)))..))).........)))....((((((((((....)))))))...))).,(((.......(((.........((((((((.......)))).)))).......))).........)))((.((..(((((((....))))))).)).)).,100,2,10,0.0008,5.9,0.0005,5.9,0.0023,5.9,0.0025,5.9,0.004,5.9
66,66,GGUGACUUUGAUUUAAGCAAUGAGAUCUUGGACCUCUGCUAGAAGCUAUGACCUUGUCUGCCAAGCUUUUACUCAAAAAGACUCGUAUUCUCAAUCGUGA,........(((((......(((((.((((.......((.((((((((..(((...))).....))))))))..))..)))))))))......)))))...,.......((......))..(((((.((((........(.((((((((..(((...))).....))))))))).....)))))))))..............,100,2,10,0.0006,3.3,0.0005,3.3,0.0024,3.3,0.0024,3.3,0.0035,3.3
67,67,UGCUAUCGAAGCCUCGGUGAACGACCUAUCGAAAAUCAGGUUGAUAUGUUCUAUCAGAUGGAGUGGAAGAUUGCAUUUGCUCCAGGAUAACAAUCCAGCU,.(((((((..((((.(((...(((....)))...)))))))))))).))(((...)))(((((((((........)))))))))((((....))))....,.(((......((((.(((...(((....)))...)))))))(((((.....)))))..(((((((.((.......)))))))))((((....))))))).,100,2,22,0.0016,3.3,0.0026,3.3,0.0043,3.3,0.0048,3.3,0.004,3.3
68,68,CGUAAAGGACGUAUUCAUCGGGCCGAGCUCGCCUUCAGUGGUUCCGACUUUAGUCUUCGAUAACCUCAGGCCAAUAACCUGUUAUGAUCCCUCUUCGACA,.((..((((.(...((((.((((...))))(((......)))...(((....)))...........((((.......))))..))))...)))))..)).,((..((((..((......((((........((((...(.((((.(((.........)))..)))).)))))......)))).....))...))))))...,100,2,49,0.0293,10.2,0.0672,10.2,0.0325,10.2,0.0327,10.2,0.0117,9.2
69,69,GGGGCUACACGCGGAGAGCUUAAGCAAUACCCAAGCCGGACGCGCAACGCGCCCCCUUUAGCACGCACGGUAGAGGGAGAGCAUUACAACUUCGAAUUGU,((((((....((.....))...)))....))).....((.((((...))))))(((((((.(......).))))))).......................,((.((....((((..(.((((...........)))))...))))....)).))(((((((.(......).))))))).......................,100,2,27,0.0054,14.7,0.0075,14.7,0.0072,14.7,0.0117,14.7,0.0083,14.7
70,70,AAGGGCGAUGACCUCAUGGAGAAAUUUUGGUUAUACUCAAUCUGGAACGUACUCAGGUUUUCUGGCAGCGGAAGUAAUGUGGUUUUUAAGAAUCGAAGAG,..(((..((((((..((......))...)))))).))).((((((......).)))))((((((....)))))).....((((((....)))))).....,..(((..((((((...............)))))).)))..((((((((.....((...((((((....))))))...))..)))))..))).........,100,2,24,0.0026,5.7,0.0044,5.7,0.0063,5.7,0.0065,5.7,0.0053,5.7
71,71,UAUCCCUCUUUGCAUCACCUAGGCUAGCAGUGUCUAUCUGAAUCAGCGCGCUUGGCGUAGAUAGGAGGGUCCAGCUCCGUCUUCCUCCUACUUCUCACAG,..................(((.((((((.((((............)))))).)))).))).((((((((.............))))))))..........,..................((((((..((.(..((.....))..).))..)))))).(((((((((((((.............))))))))..))).))..,100,2,29,0.0055,13.4,0.0108,13.4,0.0075,13.4,0.0076,13.4,0.0089,13.4
72,72,GAUAUCAGCCAUUUUGCAUUGGGCAAGAGAUGGCCCUGGCACGCAGGUCCACGAAUCGAUAGCAUUGUAAGACAGACCGACUUACUCCCCUCCAGGGGUU,(.((((.((((((((((.....))))..))))))((((.....))))..........)))).)...(((((.(.....).))))).((((....))))..,(((.((.((((((((((.....))))))..))))((((.....)))).....))))).........(((((.(.....).))))).((((....))))..,100,2,14,0.0008,3.8,0.0006,3.8,0.0023,3.8,0.0046,3.8,0.0039,3.8
73,73,CGAUGUGGUGGCCUUAAUAAAAUUACCUUAUAUUGACGCCUGGAUGUGUCGUACUCACAAGUAAGCCUUCGAACUGAGCUGGAAGAAGAGACCCCCUCGG,(((.(.((.((.(((..................((((((......))))))((((....))))...((((.(.......).))))..))).)))))))).,((((.....(((.((((((...........)))))).))).......))))((((....))))...((((.(.......).))))..(((.....)))..,100,2,33,0.0065,11.4,0.0177,11.4,0.0086,11.4,0.012,11.4,0.0137,11.4
74,74,UUUUGUGAAAUCCAGCUAAUUAAUUGUGUAUUAAUGAGCUUUAGGAGGGUUUUAUCACGUAUUUGUCUCUGAGCAAGAAGAUUACAAAUCCCAUUGUUAA,....(((((((((..((((....((((......))))...))))..)))))))))...(((.((.(((.......))).)).)))...............,...((((((((((..((((...((((.....)))).....))))..)))))))).))...((((((.(((........)))..))))))...........,100,2,28,0.005,5.8,0.006,5.8,0.0085,5.8,0.0074,5.8,0.0059,5.8
75,75,UCAGUGGGAUAGUUAUACAUCCACACGUGGCACCUAUACCUAUCAUAUAACAUCUCGAGGCAAGAUAAAAUACCCAACUGGGUGGGCGCCCCUUGACAAU,...(((((((........)))).)))(.(((.(((((........(((...((((.......))))...))).((....))))))).))).)........,...(((((((.((...)))))).)))(.(.........))..............((((((...(......(((((....)))))..)...))))))....,100,2,30,0.0057,7.4,0.0114,7.4,0.0108,7.4,0.0125,7.4,0.0096,7.4
76,76,UUCAUUCUUAAAUCAUAGAGCACGUCCAGAGUUUUCUGCAUGACCUUAUCGUCGAACCUGUAAACCACGGAACGACAUGCGCCCGUGUACAAACGCCUGU,..........................(((.(((((.((((((..(.(((.((((..((((.....)).))..))))))).)..)))))).))).))))).,....((((........))))......(((.(((((.((((((..(.(((.((((...((((.....))))..))))))).)..)))))).))).))))).,100,2,12,0.0007,4.0,0.0007,4.0,0.0029,4.0,0.003,4.0,0.0045,4.0
77,77,CCGUGGCUGGGCACCUGCGACGUCCCAUUUGAAACUGAAUUCGAUCAGGCUCCACGAAGUGCUGCCUAUCCUCAGAGCGAUGCGGGUGCACAGGCGACAC,..((.((((.(((((((((.(((....(((((..........(((.((((..(((...)))..))))))).)))))))).))))))))).)).)).))..,..((.((((.(((((((((.(((.....(((((......)))))..((((..(((...)))..)))).........))).))))))))).)).)).))..,100,2,13,0.0008,6.9,0.0009,6.9,0.0014,6.9,0.0018,6.9,0.0034,6.9
78,78,UAUAAUGAAAACCAACAUAAUGCACUGAAAUGGUCUCCAAGACCUGGCAACCUUGUCCAAACCUUAGCCCGUUGCAGGGUACGGCGGUACUCAUGGACAU,(((.(((........))).))).........(((((...))))).........((((((.......((.....)).((((((....)))))).)))))).,....................(((........(((((...)))))..)))....((((((.(((...((((......)))).....))).....)))))).,100,2,24,0.0017,4.2,0.0028,4.2,0.0045,4.2,0.0057,4.2,0.0061,4.2
79,79,GUGCAGUGGCCCUUCUAACCCGCUCCGGGGACACUAGCGAUAUAGGACUGCUCAGUGCGUACGUCGAGUUGCUGGGGGGCGCACGUUAAGACGGACAAGU,((((....(((((.....(((......)))...((((((((...((((.((.....))))...))..)))))))))))))))))................,.....((((((((.....((((...))))....((((((((....((((((.....)))...)))..))))))))))))).)))(((......)))....,100,2,25,0.0028,3.8,0.004,3.8,0.0071,3.8,0.0057,4.0,0.008,3.8
80,80,CUAAUCCGUGGAACUGUUGAGAUAGUCCAUGCGAGCGACCGAGUUCGGUGCUUCUAACCCCAACGGCAAAUAGGAAUGGACACAAAGUCCCAUCGAUCUA,...(((.((((.(((.........((((((..((((.((((....))))))))....((.....)).........))))))....))).)))).)))...,....(((((((.(((((....)))))))))).))((.((((....))))))......................((..((((.....))))..))......,100,2,38,0.0105,8.5,0.0248,8.5,0.0128,8.5,0.0132,8.5,0.0114,8.5
81,81,UUGUGUGAUGUGCAUCGGUAGCUCGGUAAAUACGUUCGCCGGGCUUGAAGCUGUAUCCGUUGGAAUCCAAGUUGGGAGUUAUAACGUAAAACGGCAUUCC,...................((((((((.((....)).)))))))).((((((((...(((((...(((......)))....)))))....))))).))).,.....((((....))))..((((((((..........))))))))....(((((...(((((((.(((......))).)).)))))....))))).....,100,2,11,0.001,3.6,0.0009,3.6,0.0042,3.6,0.0041,3.6,0.0052,3.6
82,82,CGAUAGUCUCUCAGGGGACGAUCGAUGUUCAGGCGGCUGCGAUUUUGAACGCCGUGAAGCGUGAUUAAACCGGUCGACUUUUGCUCCUUGAAGUUUUCAU,((((.(((((....))))).))))...((((((((((((.(.(((...((((......))))....))))))))))..........))))))........,.((..(((((....)))))(((((.((.(((.((.((.(((........))).))...)).))).))...)))))((((((........)))))).))..,100,2,49,0.0233,13.8,0.0512,13.8,0.0287,13.8,0.0285,13.8,0.0278,13.8
83,83,CAACCGUAAAAGAACCUCCGGUAAGAGUAAAAGGAGGGUACAGGGUACAGUAAAGACGAUAGGACAGCCGUGUGUUAGGGCCGGAAGCCGCGGGCAAAUU,...((((.......(((((..((....))...)))))((((...))))...........(((.(((....))).))).(((.....))))))).......,...((((.......(((((.............))))).((((.(((....................))).))))....(((.....))))))).......,100,2,19,0.0022,7.9,0.0029,7.9,0.0062,7.9,0.006,7.9,0.0074,7.9
84,84,GACGGGACAGCACCUAGACAUACUCAAAUUAGGCCUAGCCACUAUUUGGCCGCACGCUUGUAUCAGAUUGGUCAAAGUACACUCCAUUUCUAAAGAUUUA,....(((..(.((...(((....((....(((((...((((.....)))).....))))).....))...)))...)).)..)))...............,....((..((..(((((...........))))).))..))....((((((((..(..........)..))))))))........................,100,2,38,0.0142,12.1,0.027,12.1,0.0143,12.1,0.0134,12.1,0.0153,12.1
85,85,CCCCUCUAGCCCCUCCAGUGAGUGGCGCUGUCCGUUCAUAAAACUCCGUACACUCAUAUAGUCGAUGGCGAACGCGAUGUGGUGUAACCGAUUUACGUUA,........(((.(((....))).)))..............(((.....(((((.(((((..(((....))).....)))))))))).....)))......,.......(((.((.(......).)).)))((((((((........((((..(((.....)))..)))).))))).)))(.(......))...........,100,2,45,0.017,12.6,0.0383,12.6,0.02,12.6,0.0216,12.6,0.0186,12.6
86,86,UUGUACUAUAAUGGUGAGGGUUCGGCACUAUGGCGUGUGUUCAGUUAAUAAAGGGUACUGUAAUUCCGCGUGGACGGCGCCUCUCGCAUGCUAUUUAAAG,.............((((((....(((.(((((.((.(.(((((((...........)))).))).)))))))....).))))))))).............,.............((((((((.(.(..(((((.((.(.(((((((...........)))).))).)))))))).).).))).))))).............,100,2,11,0.0008,5.8,0.0008,5.8,0.0012,5.8,0.0012,5.8,0.0028,5.8
87,87,ACGAUAGCUGAGUUCUCUUCCCUCAACGACCACGACAGUGAUUGAGAAUUCCGAUUUGCAGAUAGUGCACCUAAAAAUUUGAGCCUUGCUAAAGCUCAGC,......((((((((.......(((((....(((....))).)))))..........((((.....))))............(((...)))..)))))))),......((((((((.((.....((..(((.(((....))).))).)).....))..((((.....)))).......................)))))))),100,2,15,0.001,6.4,0.0009,6.4,0.0013,6.4,0.0013,6.4,0.0032,6.4
88,88,GGCCGGUUCAGUAACGAGAUGCAUUCUUGUUCCAGAAUUUACGUGCUCAGAAACCAGGCCUUAUCUCCCCUAUCCUAGCGCGAUGCAUACCUGCAUCCAU,(((((((((((((((((((.....))))))).............)))..).)))).)))).....................((((((....))))))...,....(((((.(.(((((((.....))))))).).)))))...(((((..((.....((........))....))..)))))((((((....))))))...,100,2,27,0.0035,11.3,0.0065,11.3,0.0045,11.3,0.0071,11.3,0.006,11.3
89,89,CUGGUAUAAACUCCACACGAAUGACCCUGUGAUCGGGUGUUAUCUACCCCGUUAUAUCAGGAAAUUUCCUCUGUUGUGUCUAGCUCCGGAAGCGUGGUGU,.........((.((((.((((....((((....((((.((.....))))))......))))....))).((((..((.....))..)))).).)))).)),.(((........)))((((......((((....((((.((.....))))))......))))...(((((...((((....))))...)))))))))....,100,2,32,0.007,7.7,0.0113,7.7,0.0086,7.7,0.0086,7.7,0.0099,7.7
90,90,AACAUGUUGAUGGGGGUCAUUUCAGUGCUUCGCCUUUGCGCUUGUGGUCCAGGGCAGGAUAUCAAACGCUCAUACCCUCGAGAAUUGGAACACUCUUCCC,....(.((((.(((.........(((((.........))))).(((.(((......))))))............))))))).)...((((.....)))).,.....(((..(((((((.......(((...)))....(((.(((..((((......))))..))).)))....)))))))..))).((((.....)))).,100,2,36,0.0122,5.2,0.0265,5.2,0.0148,5.2,0.0241,5.2,0.0189,5.2
91,91,GAAGUCACUCCCGACAAUGUAACUACACUGACUUCUGUACAGCCUGUGCGGGGAUUCUCGUUUGUCCUCCGCUGUCGCUACUUGUCUUUCUGCAUGAUUC,(((((((.....................))))))).....(((....((((((((........)))).))))....)))....(((.........)))..,..(((((.......((.(((....))).))((....))..(((....((((((((........)))).))))....)))...(((......)))))))).,100,2,25,0.0038,10.1,0.0071,10.1,0.005,10.1,0.0046,10.1,0.0054,10.1
92,92,GCGUUCCACUUAGUGGUUUGAUCAGGACUUCUCGCCUAACGGGGUCUGAUUAAGCCCCAACUCCCAUCUGGAUCUUGGUCAAAUAGAGGGCGGGUAUAGU,.((((((((...)))((((((((((((..(((........((((.((.....))))))...........)))))))))))))))...)))))........,((.((((((...)))((((((((((((.(((.........((((.((.....))))))...........))))))))))))))).))).)).........,100,2,16,0.001,5.3,0.0012,5.3,0.0033,5.3,0.0031,5.3,0.005,5.3
93,93,GCCAGUGCGAGGCGAAACUAAUUAAACGGAUGGCGUUAACCCGCUCCCCGGUCCUUUUGCGAGCUCGUUCGGAUCAAAGAGGGGAACCGUAUGUGGGAUG,((((.((...................))..)))).....(((((((((((((((....(((....)))..))))).....))))).......)))))...,((((.(.((.................)).))))).....(((((....((((((((((..((..((.....))))...))))))).)))...)))))...,100,2,32,0.0064,13.3,0.0128,14.3,0.0084,11.9,0.0094,11.9,0.0065,11.9
94,94,UUAUCCGAGAUUUGUGUUCUGGGAACGCGAGAAUCUUGACAAUGUGUGUAGCCCGGAAAUCCUGGGACCCAGCUAGUUGCUUAACAGACUGUCACAAAGC,......((..(((((((((...)))))))))..)).(((((..((.(((..(((((.....)))))....(((.....)))..))).)))))))......,.....((((((((((((((...)))))))..)))))))....((((.....(((((.....)))))....(((.....)))..(((...)))))))....,100,2,28,0.0047,7.0,0.008,7.0,0.0068,7.0,0.0064,7.0,0.0069,7.0
95,95,AAUCCCUGGGUGGAGUUGUGGGGGCGAUUGACAUUGUUGAAUUAAGUUAGCGGGCUGAUUUUUUCGGCUGGGGUUGACCGAUACCAGGUUGUCUCGCCAA,...(((.............)))(((((.......((((((......))))))((((((.....))))))......((((.......))))...)))))..,(((.((.....)).))).....(((((..((((.(.(.(.(((..((((((.((((((.....)))))).)..))))).))).).).).)))))))))..,100,2,34,0.005,4.0,0.0119,4.0,0.0111,4.0,0.0121,4.0,0.0068,4.0
96,96,GAUAUUAUGGUACCAUACUUUUGGGGUCUGCGAGUACCCGCCUUAGCCAUCCUUAUUUUCGGGGGUGUCUCCGGGCGAUUGAGAUUCCUUAAUACCUCUC,........(((((((......))).(((((.((((((((.(...................).))))).))))))))....((...)).....))))....,.....((((....)))).....(((((((.(((...((((....((.(((((((......))))))).)).))))...))))))))))............,100,2,50,0.0278,15.6,0.0731,15.6,0.0323,15.6,0.0325,15.6,0.0227,15.6
97,97,CCAAGUAGCUGUUGCAUGGAGAGUUUCCCGUAUCAACACAUGGGUACGAUGACUGGCGGGUUACGACAAGUACGAGUAAGCUUCCGGACAGACUGAUCUC,.....((((((((...((((.((((((.(((((..........((.((.(((((....)))))))))..))))).).)))))))))))))).))).....,.((.(((.....))).))((((...((.((((((........)))))).((.((((.((.((((...........)))).)).)))).))))....)))),100,2,61,0.0287,8.8,0.0449,8.8,0.0328,8.8,0.0336,8.8,0.0349,8.8
98,98,UUGCUCCCCGUUUGAAAGGCAUAGAUUACUGGUUUGCUAAGAAAUCUCUAUGUGGCCUUGGUCGGCCCGUCGUGGGUACUGGUCUUCUAAGCAGGCCUAG,.......((........)).........((((((((((.(((((((((((((.((((......))))...))))))....))).)))).)))))))).)),.((((............)))).........((((((((((((....(((((((((((......))).)).))))))......))))...))))))))...,100,2,22,0.0032,7.6,0.0062,7.6,0.0067,7.6,0.008,7.6,0.0056,7.6
99,99,AAACUUCGGAAUCGAUCCCGGUGUUUGCCAAAGACUGUCUCUAAAGUCGCUCGAUCUAGGCAGCACACCUGUUUCGGCGUUCGCUAAUUUCUAAUGCCUC,........(((((((..(.((((((((((...((((........))))..........))))).))))).)..))))..)))..................,.......(((.....))).((((((((((...((((........))))..........))))).)))))......((((((...........))))))..,100,2,17,0.001,5.5,0.0013,5.5,0.0016,5.5,0.0019,5.5,0.0036,5.5
