,i,sequence,s1,s2,seq_length,en1,en2,add_moves,best_intermediate
0,0,UAGCGCUUAGAUUAUUUAUCGCUGCCUGGCGGCGAAACUUAGGCGGGUCAGUCGCCGUACGAACACACGAGAGACCAUCCCUCAUUAGGGUUUCGAUGUUGACAGGUCCAAGAAUAUCUC,...(((((((.((.....(((((((...))))))))).)))))))((((..(((.............)))..))))..((((....))))....((((((((....))....))))))..,.((((..((((...)))).))))((((((((.((((((((..(.(((...(((.((((........))).).)))...))).)....)))))))).)))...))))).............,120,-1700.0,-1730.0,"[40, 87, 1, 24, 39, 88, 42, 85, 38, 89, 41, 86]",.
1,1,AAACGUAAAAGUGAGUACCAUCCGAUAGUCUACGUGGUGCUUUAAUCAAACACCUAACGGAUCAUCGUACGCCGUCAGCAUAAAAUGAUCACGGUUUCAGCUUUGGACAGGGCGUUCCAC,............(((((((((............)))))))))......(((.(((..((((((((..((.((.....)).))..)))))).))((.(((....))))).))).)))....,...((((...(((((((((((..((...))...))))))))).......))...)).)).........((((((((..((.....(((........)))....)))))..))))).....,120,-600.0,-920.0,"[58, 67, 59, 66, 57, 68]",.
2,2,UAAACUCCUGGUGACAUAGAUAUAUUGGAUUGCAACUACUCGUCGGUCCGGUUGGCGUUCAACCCGCGAUAAGUUGGCGCUUGUCCCACUCCGUAAACCUGUGUCUCUCAGGCGGUUACC,(((.(((((((.(((((((...(((.(((.((..((....((((((((((((((.....))).))).)))....)))))...))..)).))))))...)))))))..))))).)))))..,..(((((((((.(((((((...(((.(((((((........).))))))(((((.....)))))...(((((((....))))))).......)))...))))))).).)))).))))...,120,-2410.0,-2460.0,"[39, 73, 44, 68, 40, 72, 43, 69, 35, 81, -25, -93, 38, 74, 33, 83, 36, 77, 37, 76, 42, 70, 45, 67, 26, 93, 34, 82, 10, 108]",.
3,3,CGAUAGAAGGCAGUAGGAUGUAUCACCCCCCACCGACUCCACUAUACAACGAAACCGGCCCUUUGUGAAUAAACGCUCUCAGUUAGAUUGAGCGGCGCAACAGAACCAGAUCGAUUCCCG,((((((..((..(..((........))..)..))..)).(((.......((....)).......)))......((((((((((...)))))).))))............)))).......,..((((..((.(((.((...............)).))))).))))....(((....((...((((((......((((((((((...)))))).)))))).)))).))...))).......,120,-990.0,-1010.0,"[45, 69, 50, 65, 53, 62, 44, 70, 43, 71, 19, 32, 49, 66, 47, 67, 52, 63, 20, 31, 51, 64]",.
4,4,AGCUUAAUGAUCCACGGGUUCGCUGCACUGCAGCUUUUCACGGACUCUGUGCCGUUUGGAGUGACCAGGUCUCUCCCGCUUCGCGCGAGGUGGGUCCACGCAAGCCGGCACGCGAAAGGG,...............(((((((((((...))))).......))))))(((((((((((..((((((...((((...(((...))).))))..))).))).))))).))))))........,........((.((...)).))(((((...)))))(((((........(((((((((((..(((....((.(((.(((((.....))).)).)))))))).)))).))))))).)))))..,120,-2750.0,-2820.0,"[68, 97, 12, 119, -61, -99, 69, 96, -63, -97, -62, -98, 13, 118]",.
5,5,CGAAUUAUGGGUCUACUAAGAAAUUUCACAUUCCGUAGAUUCUUGUACAAGGAUAGUGACUCCGCAAUUAGGACUGAACAAUAACUUGGGCGUAAAGUAAGCGCAGGACUAGAGGAAGGC,...........(((.(((.......((((..((((((.(....).)))..)))..)))).(((.......)))...........((((.((.........)).))))..))).)))....,.....((.((((((((...(((........))).)))))))).))......(((.(((....))).)))....((.........((((.((.........)).)))).........))..,120,-590.0,-770.0,"[13, 72, 10, 75, 11, 74, 14, 71, 12, 73, 8, 77, 94, 98, 93, 99]",.
6,6,UGAUGACGGGGGAGCCGUGACAUGGCGGCCACCGCUAGUCGGCCUACGCUUUAAAACAUAUGCUGUUAUCAGACGCCAGUCCAUCUUCGGUCACGAGCGCCUGGUACCUUCUUAAGAAGU,....(((((((..(((((......)))))..)).)).)))(((....))).....(((.....)))((((((.(((..((((......))..))..))).)))))).((((....)))).,(((((((((.(..(((..(((.((((((...)))))))))))).................).)))))))))...(((((.(...((.((....)))).).)))))..((((....)))).,120,-1660.0,-1680.0,"[87, 96, 86, 97]",.
7,7,AGCGCUGGUGGAUAAUGUUUCUCAUGCCGGCAAGGCCUCCACGUCUCCGGUCUUUGACGAGUCUCAUUCAAUGGCUGGUAGGCUGAUAGCAGCCUUACAUUCUCAGGCAACCUAUAAAUC,.(((((((((((......)))....)))))).((((......))))((((((.((((..........)))).)))))).((((((....))))))...........))............,.((.((((.(((......)))(((.(((((..((((......)))))))))...)))..((((.........))))(..((((((....))))))..)....))))))............,120,-2050.0,-2080.0,"[10, 22, 11, 21, 12, 20]",(
8,8,CACGACUAUUACUCGAUGUAGUGCCUGUAGCCUGCACUUUCAAAUACAAGAUGCGAUCUGGUCCGACUAGAGUUCGCCGCAUUAAUCAUAGACAGAACCGUCGUUGCCUUGGGCACUUUA,.......((((.....(((((.((.....)))))))...((........)).((((((((((...))))))..)))).....))))....(((......)))..((((...)))).....,(((((.......))).)).((((((((((((..................((((((.((((((...))))))......)))))).......(((......))))))))...)))))))...,120,-910.0,-1050.0,"[27, 47, 28, 46, 33, 42, 18, 87, 23, 80, 22, 81, 6, 100, 26, 48, 17, 88, 5, 101, 16, 89, 20, 83, 21, 82, 14, 91, 4, 102, 19, 84, 3, 103, 10, 96, 13, 92, 2, 104, 29, 45, -93, -100, 34, 41, 9, 97, 24, 79]",(
9,9,CCGCGCCAGCGACGGAUUGCUCACUAAAUCUACAGGAGUUAUAGAUCAGCAUCCGGACUAAUGAGACGUGGCAUUUCCACUGGUUAUAUCACUGGCGAGUGCCAAUAACUACCUUCGUAG,...((((((.(((((((.(((..(((...((.....))...)))...))))))))...((((.(...((((.....))))).))))..)).))))))...........((((....)))),.(((....))).((((.((((..((((((........))).)))...)))))))).............(((((((((((.((((...)))).))).))))))))....((((....)))),120,-1120.0,-1160.0,"[29, 37, 30, 36, 31, 35]",(
10,10,AACCACCUUAUUCUUGCCCCCUGCAAGCGCUAGAUACUGAUCCAUGCUAAUAAAGUAGUCAUACGUCAAGCGAGACAUUGUUACGUGAUGGAUAAUGGUAUGCAUACACCUGGGCUGCAC,.....................(((.(((.(((((((((.(((((((((.....))).....(((((..(((((....))))))))))))))))...)))))........)))))))))).,..............((((((.((...((.....(((((.((((((((((((((.((..((...........)).)).)))))).)).))))))...)))))))...))...)))..))).,120,-850.0,-1060.0,"[64, 72, 7, 33, 13, 27, 17, 23, 103, 117, 104, 116, 102, 118, 107, 113, 14, 26, 66, 70, 65, 71, 8, 32, 15, 25, 60, 74, 16, 24, 59, 75, 58, 76]",.
11,11,UAAGGAAACUGAUGAGGGCAAAGUCUCUUCAUUGGCGCAAAACGGGGUAGAUGUCGGCCUGCAGGUGAUGAUGUAUCCGUCCGGCGAUCAACGCCUAAUUCGCAUCUCUUUAGGGUAUGA,........((((((((((.......))))))))))......(((((.((.((((((.((....))))))).).)))))))..((((.....)))).......((((((....))).))).,........((((((((((......)))).))))))(((...((.(((((.((((((.((....)))))).)).)))))))...))).(((((.(((((...........))))))).))),120,-1760.0,-1910.0,"[-42, -80, 5, 81, 37, 43, 36, 44, 4, 82, 6, 80]",.
12,12,AAUGUUAUAUGCUACGGGAACAAUGCCGACCUUCGGAGACCUAAGGAAUACGUCUUUCGAGCGGAAGGAUUCCUCGUUCAAUGCCAACUUAUUCUUGUUGGUUAAGGCAACGAAUCCCCU,..............(((........))).(((((((((((...........)))).))))).))..((((((...(((....((((((........))))))...)))...))))))...,...............((((....((((..((((.((((((...........)))))).))).)(((.((....)).)))...((((((........))))))...)))).....))))..,120,-1720.0,-1880.0,"[76, 111, 83, 103, 79, 107, 74, 113, 43, 49, 26, 68, 75, 112, 77, 110, 78, 109, 42, 50, 27, 67, 82, 104]",(
13,13,UGGAGGUAGAAGCGUUAGAGCAAUACUUCUACAGAGACCACGUGAGGUAGCUGUCUUAAGUCGUUGCUUACUGCGUGAGAUUGCAGCCAAUUAGCGGCUGUCUCAUCCGUACAUAAGGUA,(((..((((..((((..(((((((((((..((((..(((......)))..))))...)))).)))))))...))))....))))..)))((..((((.((...)).))))..))......,((((((((...((......))..)))))))).....(((((((((((((((((.((.((...(((((...((.....))...)))))...)))))))))))))))..)))......))).,120,-1430.0,-1780.0,"[80, 101, 87, 97, 78, 103, 18, 71, 88, 96, 77, 104, 84, 100, 108, 117, 85, 99, 86, 98, 79, 102, 107, 118, 17, 72]",(
14,14,AUGCGGGUGUUUCGAGGGCCAGGGCUUGUUCGUUGGUCUGGUCGCCAGAGUUUGUAGAAGUAAGGUCCCACACCCCCACGGGAUUUAUGCCUCAUGCGAGACUCGAUUAUCUGACGCUUA,....(((((((..(..((((((.(((........)))))))))..).(((((((((((.((((((((((..........))))))).))).)).))).))))))........))))))).,..(((((((......((((((..((......))))))))...)))).(((((((((((.((((((((((..........))))))).))).)).))).))))))..........)))...,120,-1890.0,-2070.0,"[4, 113, 25, 35, 15, 103, 16, 102, -57, -93, 23, 37, -58, -92, 14, 104, 8, 109, 9, 108, 13, 105, 53, 98, 6, 111, 7, 110, 60, 91, 12, 106, 51, 100, 52, 99, -48, -104, -49, -103, 5, 112, 59, 92, -50, -102]",.
15,15,GGAGCCUAAGUGGCGGAGUCUCGCGCUGAACCGAGCACAGUCGCCGGGUACCCUCAAGUCUGGCCCUGACUAUAGCUAUCCCACGCUCGGUCCGACAUUAAGACACACCAGGGUCUCGUA,.((((((...(((.(..((((....(.((.((((((..(((((..((((.............))))))))).............)))))))).)......)))).).)))))).)))...,(((.(((..(((.....((((...(.((.(((((((......(..(((((..((..((((.......))))..)).)))))..)))))))).)).)....)))).))).))).)))....,120,-1770.0,-1912.0,"[52, 63, 53, 62]",(
16,16,GAAACCCUUGUAUUUACAGUAAAAUAAUUCAUAAGGCAGGUAUCUACCAGGCUCCGAGCCAUUCCAAACUGAACAGAUAUCGAAUUGAGGAUGUACAGAGAAAUCCUGGGUGUGAAACGA,.....((((((((((......))))).....)))))...((.((((((((((((.(.((.(((((((..(((.......)))..))).)))))).).)))....))).)))).)).))..,((.(((..(((......(((......)))......)))))).))..((((((((.....((((((((..(((.......)))..))).)))))....)))....)))))...........,120,-1080.0,-1130.0,"[110, 118, 11, 31, 111, 117]",(
17,17,CACUCCCGCUUCGUCGGGGAACCGGACGUAGUCUUAGAGAACAAUUCUUUCUACAAUUCGAAAAGCUACUACCGUGGUGGAAUCUAGAGAAACAUUUAUAGGCGUAUGACGGGGUUUCAC,...(((((......)))))..(((..((((((((((((.........((((((......((...(((((....)))))....))))))))....)))).)))).)))).)))........,...(((((((.((((.((...)).)))).))((((..(((.......((((........))))..((((((...))))))..))).)))).....(((((....))))))))))......,120,-690.0,-810.0,"[56, 83, 57, 82, 58, 81, 59, 80]",(
18,18,AGCGGAGGGGUCUAGUGGUCACAUCCUACGAGUUCGGGGCACCGAACAAAUCGAAGUCUACCGAGAUAGGGCGUUCGUUAGGCGGACGCUAGCCCAUCAUUUCUCAUGGUUCAUUGAUAC,....((.(((.((((((..(....(((((((((((((....)))))).............((.......))...)))).))).)..))))))))).))...((....))...........,...((.(((((((..((((.((.((......((((((....)))))).....)).))..))))))))..(((((((((...)))))))))..))).))...((..(((...))).))...,120,-2020.0,-2310.0,"[56, 72, 20, 85, 54, 75, 105, 116, 57, 71, 52, 77, 55, 74, 106, 115, 58, 70, 104, 117, 59, 69, 19, 86, 28, 79, 53, 76]",.
19,19,UGGACACCUAAUCUGCUAGUUAAUCCCCAGACUACGUAGACCGGGAGUCGUGAGUUCGUCGUAUGGCCAAAAAUUCUGAUAAGACUGUUUGAGUCCAGACAAUAUAAGUUGUGUCAGACC,(((((.(((..((((((((((........))))).)))))..))).((((((.(.....).)))))).......(((....)))........)))))(((.(((.....)))))).....,..(((.((...((((((((((........))))).)))))..))..)))........(((....))).......(((((((.(((((((((....)))))......)))).)))))))..,120,-1500.0,-1540.0,"[68, 91, 70, 89, 101, 112, 69, 90, 71, 88]",.
20,20,CUAGCACGGCCACCGAGUAUAGGGGAAACUUGGAUCGAAGAGCGUCAGGGGCGUAGCUCGAAGAUGGCGACGAUGUGCAGAGGAGUCGGAGCUACGCGAAUCGAUGUUCGGCGUCUUACA,.(((.(((.(...(((...((((.....))))..)))..(((((((....(((((((((.....((((..(..........)..))))))))))))).....)))))))).))).)))..,(((((.(((...))).)).))).........(((.((..(((((((....(((((((((........((((.............))))))))))))).....)))))))..)))))....,120,-2780.0,-2800.0,"[49, 101, 67, 78, 13, 23, 68, 77, 60, 87, 61, 86, 14, 22, 10, 25, 58, 89, 11, 24, 59, 88, 48, 102, 69, 76]",.
21,21,UCGAACCUGCGAGUGACUGCUUUGCGCGGGGUCACGUAUAUCACUGCUCCGUUUUAACUCAAGUCUCCACACGAGACUAAACUACGAACGAACGAGUCCAGGGCUGUCGAACACACCUUA,.......((.(..((((.((((((.(((((((...(.....)...))))))).........((((((.....))))))..(((.((......))))).)))))).))))..).)).....,..((.((((((((........)).)))))).))............(((((((((.......((((((.....)))))).......)))))...))))..(((..(((...)))..)))..,120,-1280.0,-1470.0,"[1, 12, 33, 46, 14, 113, 34, 45, 3, 10, 36, 44, 37, 43, 2, 11, 13, 114]",.
22,22,AAAGUCUCACGGGACCCAGGUCGGAGUCUCACAGUUUUGUAAUCAUAAAACAGGCAACCGUCGGGCCACAAUGCGCCACUUUUAGGAAUAUACCAAUUUGACGACCGGCUUUGAGCUUGC,.(((.((((.(((((((.....)).)))))...(((((((....)))))))((((...((((((((........))).......((......))....)))))....)))))))))))..,.(((.((((.(((.((..(((((((......(.(((((((....))))))).).......)).(((((...)).))).......((......)).......)))))))))))))))))..,120,-1370.0,-1380.0,"[17, 107, 27, 31, 11, 110, 54, 61, 53, 62, 12, 109, 26, 32, 16, 108, 55, 60]",.
23,23,CUCACUCUUCAGACUCGAUUGGCAGGAUCCUUCAUUCUGUAUCCUUGUCGCCCUGAAAUUUCGACUAAAGAACUGUAAAACCAAGCGAGGGAGCGCAGUGUACGCGUAUCAACCAAAGGC,.......(((((...((((.((((((((.....))))))....)).))))..)))))..............(((((....((......))....)))))....((.............)),.............((...((((((((((.....))))))...((((((...........(((.......)))............))))))..((((.......)))).....))))))..,120,-520.0,-680.0,"[42, 71, 16, 87, 50, 62, 45, 68, 47, 65, 90, 110, 15, 88, 22, 40, 19, 84, 49, 63, 17, 86, 46, 67, 14, 89, 20, 83, 43, 70, 21, 82, 48, 64, 91, 109]",)
24,24,GGCCCAGUGGUUGCGCCGAGUACGCCAACGACAGACAGUCCCCGUUCGUCCGAUUAUCCAAGAACUAAUAUUAGAUAUGAGGUCGUAACAACCUCGCGUGAUAUCUCUAUUCAUGGUCAG,(((....((((...)))).....)))...(((...........((((..............))))............((((((.......))))))(((((((....))).)))))))..,((((.....(((((((.(((((((((...(((.(((.......))).)))((..((((...............)))))).))).))).....))))))))))............))))..,120,-790.0,-1060.0,"[45, 88, 47, 85, 6, 111, 60, 72, 7, 110, 61, 71, 31, 39, 46, 87, 10, 107, 48, 84, 44, 89, 51, 81, 8, 109, 9, 108, 50, 82, 32, 38, 30, 40]",)
25,25,CAUGGGCAAAUAUACCUAUCACCCGACUUCUUACAUUUGCAAUAUAACAUUUGAGAGAUCAACGACACGGUACAUAGGUCAGUAAUGCUGUUGCUCUCCGACGAGCCGGCUUAUGGUCCC,...((((..((..((((((...(((...((.....(((.(((........))).)))......))..)))...))))))..))...((((..((((......)))))))).....)))).,(((((((......((((((.(((((...((((.((..((........))..)).))))....))....)))..))))))((((...))))..((((......))))..))))))).....,120,-1400.0,-1500.0,"[36, 56, 37, 55, 83, 113, 38, 54, 84, 112, 82, 114, 85, 111]",)
26,26,GCCUGACAUAGAGGUAGUCCUGUUCUUUGCGGAGAAAAUUGGGUGGGGUGUGAUAUAACCUGCCACUUGUAGAUCUAUUCUAAGUUGAUCGGCGGCUUUACCUGUUGAGGCAAAAGCGAG,((((.(...(.(((((((((((.((...((..((((.....((((((..((...))..)))))).............))))..)).)).))).))))..)))).)).)))).........,((((.(...(.(((((((((((.((((((.(((......((((((((((........)))..)))))))........)))))))..)).))).))))..)))).)).)))).........,120,-1920.0,-2170.0,"[39, 73, 40, 72, 7, 107, 38, 74, 8, 106, 46, 61, -6, -106]",.
27,27,UUCCCCAGCCCUUGAGCUGAUAAGCUCGGUGGAUGCGCAGCAGUGAAUUGAUCCCGGAGGGAGUACCAUACGCUCAAUCUUCGCUAUCUGGUCAAUGACCUGGAAUUCAGCUAUGAACUC,....((((.(((((((((....))))))).)).(((...)))....(((((.((((((((((((.......))))..))))))......)))))))...))))..((((....))))...,.....((.((.(((((((....))))))).)).))..((..(((((((((((..((((((((((.......))))..))))))..))).((((...))))...))))).))).)).....,120,-2060.0,-2130.0,"[36, 45, 37, 44, 38, 43]",.
28,28,CAUUAUGGACGGGGGGAAUACCGUCAGUUGCCCAACCUGCGGUACCCAUAGGGGUCUACAGUGGAUCCCUUUGGACCGCAAUCAUAAUUACUAUAACGCUCUGCCGGGGGGAUGGCCGUC,.(((((((((((........))))).(((....))).((((((..(((.(((((((((...))))))))).)))))))))..)))))).......(((((.(.((...)).).)).))).,.......((((((((.(((.......))).)))....((((((..(((.(((((((((...))))))))).)))))))))..........((((..(.((.....)).)..))))))))),120,-2890.0,-2910.0,"[100, 107, 97, 110, 101, 106, 1, 7, 2, 6, 99, 108]",)
29,29,UUAACCACUGGCGAUAAACCCCCCAUCAAUUUGCUAAGGCUAGGGUUUUUUGUGUAAGCCGUCAUGAAGUAAAACCGUUUAACCCGGGUUUGGAGGUAUCCGGUGCGGAGCGACCCGAAA,.....(((((((..(((((((......((((((((..(...(.(((((.......))))).)..)..)))))....)))......)))))))..)....))))))(((......)))...,........((((.((((((((.((.............))...))))).....)))..))))......................((((((........))))))..(((......)))...,120,-840.0,-1090.0,"[49, 68, 48, 72, 52, 65, 51, 66, 34, 39, 46, 74, 54, 63, 50, 67, 77, 83, 44, 76, 53, 64, 47, 73, 33, 40, 78, 82, 45, 75]",)
30,30,UCACUGAGGGUCCAGACGAUCGUGCUCACUGACUUACUUCAGGCAGGCAACGGAUGAAGAAGUUGUGCGGUAUAACGGGAGGUAGAAUGUAUUGGUGUAGACACUAUUGUCGAGCAUACA,.........((...((((((.(((((((((((((..((((..((..(((((..........))))))).........))))..))......)))))).)).))).))))))..)).....,........((((.....))))((((((((.(((((.(((((....(....)...)))))))))).(((.............)))........(((((....)))))..)).))))))...,120,-820.0,-1060.0,"[11, 113, 65, 92, 66, 91, 76, 82, 69, 88, 75, 83, 67, 90, 6, 117, 9, 115, 12, 112, 68, 89, 5, 118]",.
31,31,UCUGGCAGCGGAAGUAAUGUGGUUUUUAAGAAUCGAAGAGUAUCCCUCUUUGCAUCACCUAGGCUAGCAGUGUCUAUCUGAAUCAGCGCGCUUGGCGUAGAUAGGAGGGUCCAGCUCCGU,..(((.((((((......(((.(((((.......))))).)))(((((((........(((.((((((.((((............))))))).))).)))..)))))))))).)))))).,..(((.((((((.(((...((((((....)))))).....)))(((((((..(..(.((.((((..((.(..((.....))..).))..)))))).)..)..)))))))))).)))))).,120,-1920.0,-2030.0,"[1, 12, 41, 114, 57, 98, 55, 101, 4, 9, -8, -115, 56, 100, 58, 97, 60, 94, 3, 10, 54, 102, 40, 115, -7, -116, 39, 116, 59, 95, -5, -117, 2, 11, 38, 117]",.
32,32,CGAUGUGGUGGCCUUAAUAAAAUUACCUUAUAUUGACGCCUGGAUGUGUCGUACUCACAAGUAAGCCUUCGAACUGAGCUGGAAGAAGAGACCCCCUCGGUUUUGUGAAAUCCAGCUAAU,.....(((.(((..........((((.......((((((......)))))).........))))))).))).....(((((((....((((((.....))))))......)))))))...,.........(((.((((((.((.....)).)))))).)))((((.((....((((....)))).)).)))).....(((((((....((((((.....))))))......)))))))...,120,-1270.0,-1550.0,"[3, 69, 21, 28, 7, 67, 20, 29, 1, 71, 2, 70, 8, 66, 9, 65]",.
33,33,GCUGCAUUGGGCUAUAUCCGUAUGACAUAAGAACUUUCGAUUGUCAAUAAUGACUGAAUUAGCCAGCGUACAUCAUGAGAUGAUUAGCGGUCUACAGAAUCUCGCUUUAAACGCCUCAGC,((((....((((..........(((((...((....))...))))).......(((...(((((.((...((((....))))....)))).))))))...............)))))))),((((.....(((((..(((((((((((...((....))...)))).))).))...))..))))).((((.((((....))))...(((((...........)))))....))))..)))),120,-1110.0,-1240.0,"[92, 97, 21, 50, 91, 98]",.
34,34,CGUCCCAUUUGAAACUGAAUUCGAUCAGGCUCCACGAAGUGCUGCCUAUCCUCAGAGCGAUGCGGGUGCACAGGCGACACUAUAAUGAAAACCAACAUAAUGCACUGAAAUGGUCUCCAA,....(((((.(((......)))(((.((((..(((...)))..))))))).((((.((((((..(((...((.............))...)))..)))..))).))))))))).......,....((((((((..((((......))))..)).....((((.(((((((((.((......)).))))....))))).)))).........................)).)))).......,120,-860.0,-1000.0,"[10, 108]",)
35,35,UUGUGUGAUGUGCAUCGGUAGCUCGGUAAAUACGUUCGCCGGGCUUGAAGCUGUAUCCGUUGGAAUCCAAGUUGGGAGUUAUAACGUAAAACGGCAUUCCCGAUAGUCUCUCAGGGGACG,..((.(..((.(((((((.((((((((.((....)).))))))))....(((((...(((((...(((......)))....)))))....)))))....))))).))....))..).)).,...((.((((.((.(((..((((((((.((....)).))))))))))).))..))))))((((...))))(((((((((.....(((...)))..))))))))).(((((....))))).,120,-1970.0,-2010.0,"[82, 96, -20, -45, 18, 45, -30, -35, 81, 97, -29, -36]",)
36,36,GGCCGACUCAUCGCGUGGUAGGGGUUGUCGACUGUGGGAGUUUUCAGAUUACGUCCUAACCAACCGUAAAAGAACCUCCGGUAAGAGUAAAAGGAGGGUACAGGGUACAGUAAAGACGAU,(.((........(((((((((((((.(((((((.....))))....))).)).))))).)))..))).......(((((.............))))).....)).)..............,......((((((....))).)))((((((.((((((((.((.........)).)))......(((.(.......(((((.............)))))....).))))))))...)))))),120,-1000.0,-1090.0,"[98, 108, 19, 59, 21, 55, 99, 107, 13, 65, 100, 106, 101, 105, 12, 66, 22, 54]",)
37,37,AGGACAGCCGUGUGUUAGGGCCGGAAGCCGCGGGCAAAUUGACGGGACAGCACCUAGACAUACUCAAAUUAGGCCUAGCCACUAUUUGGCCGCACGCUUGUAUCAGAUUGGUCAAAGUAC,.((.(..(((.((......)))))..)))((((.(((((.....((..((..(((((...........))))).))..))...))))).))))..((((..((((...))))..))))..,.((...(((((((((((((((.(....((((((.....))).)))..).)).))))).)))))........)))....))....((((((((....((......))..))))))))....,120,-340.0,-1014.0,"[3, 8, 72, 91, 15, 58, 73, 90, 2, 9, 74, 89, 75, 88]",(
38,38,ACUCCAUUUCUAAAGAUUUACCCCUCUAGCCCCUCCAGUGAGUGGCGCUGUCCGUUCAUAAAACUCCGUACACUCAUAUAGUCGAUGGCGAACGCGAUGUGGUGUAACCGAUUUACGUUA,................((((......(((((((((....))).)).))))........))))..((.((((((.(((((..(((....))).....))))))))).)).)).........,.(.(((((.(((.........................((((((((((..((...........))..))).))))))).)))..))))).)((((.((..((((...))))..)).)))).,120,-670.0,-751.0,"[74, 101, 55, 63, 76, 98, 56, 62, 54, 64, 75, 99, 69, 106, 81, 93, 77, 97]",.
39,39,CCUCAACGACCACGACAGUGAUUGAGAAUUCCGAUUUGCAGAUAGUGCACCUAAAAAUUUGAGCCUUGCUAAAGCUCAGCGGCCGGUUCAGUAACGAGAUGCAUUCUUGUUCCAGAAUUU,.(((((....(((....))).)))))(((((.(....((((..((((((.((....(((.((((((((((.......)))))..))))))))....)).)))))).))))..).))))).,.(((((..((.......))..)))))..........((((.....))))..........(((((((((((.......)))))..))))))(.(((((((.....))))))).).......,120,-1260.0,-1280.0,"[26, 120, 8, 23, -3, -25, 9, 22, -6, -22, -5, -23, -2, -26, -4, -24, 7, 24, 59, 91]",(
40,40,UAGCUCCGGAAGCGUGGUGUGCUAUUAAUCGAUCCAUAACCAUGUCCUCCCCGCUGAACGCGCUCGUUUCCCCGUAGGGAUUUUGCGAGUGGCUAUGUCGGUCGCUCUAAGGUACUCGAG,.......(((.((((((((((.............))).)))))))..)))..(((((.(((((((((.((((....))))....)))))))....))))))).(((....))).......,...(((.((..((((((((((..(((....))).))).)))))))))((((.((.(((((....))))...).)).))))(((((.((((((((.....))))))))))))).....))),120,-1700.0,-1990.0,"[12, 46, 2, 55, 80, 113, 3, 54, 4, 53, 56, 69]",(
41,41,AACAUGUUGAUGGGGGUCAUUUCAGUGCUUCGCCUUUGCGCUUGUGGUCCAGGGCAGGAUAUCAAACGCUCAUACCCUCGAGAAUUGGAACACUCUUCCCGAAGUCACUCCCGACAAUGU,.(((((((...((((((.(((((((((.(((...((((((.(((..((((......))))..))).)))............)))...)))))))......))))).)))))))))).))),...((((((.(((((((.((((((((((.........))))).(((.(((((..((((.(((.........))).)))...)..))))).))).......))))).))))))).)))))),120,-1659.0,-1930.0,"[70, 81, 89, 97, 71, 80, 87, 99, 90, 96, 88, 98, 65, 86, 66, 85, 69, 82]",(
42,42,AACUACACUGACUUCUGUACAGCCUGUGCGGGGAUUCUCGUUUGUCCUCCGCUGUCGCUACUUGUCUUUCUGCAUGAUUCGCGUUCCACUUAGUGGUUUGAUCAGGACUUCUCGCCUAAC,..((...(((((....)).))).....((((((((........)))).))))..........((.(.....)))(((.(((....((((...))))..))))))))..............,....((((((((....)).)))..)))((((((((........)))).))))....(((((((((...((.....))...)))........))))))......(((........)))...,120,-1150.0,-1540.0,"[72, 82, 73, 81, 26, 103, 22, 108, 7, 16, 65, 88, 71, 83, 6, 17, 25, 104, 64, 89, 24, 105, 5, 18, 55, 101, 21, 109, 23, 106, 56, 100, -11, -18, -9, -21, -8, -22, 4, 19, -12, -17, 54, 102, -10, -20]",(
43,43,GAGCUCGUUCGGAUCAAAGAGGGGAACCGUAUGUGGGAUGGGUCCAUGGAACCUGGGUAUGUUGGUAAGUUCGAGUUCAGGGCCAUCCGCAGAGGGUAGUGUCGAAUGGGGGCAUUAUUU,..((((((((((((...........(((.(.(((.((((((.(((...(((((....(((....))).....).)))).)))))))))))).).))).)).))))))..)))).......,....((.(((........))).))..((...((((.((((.((((.((((..((.((.((........)))).))))))))))))))))))..))((((((((.......))))))))..,120,-2110.0,-2170.0,"[55, 72, 56, 71, 36, 87, 54, 73, -37, -87, 57, 70]",(
44,44,UAUGUUGCUCAUGGUCCCUUUCGAUAUGGCAGUCGUAAUGAGUACCGGCCUCACUUAGUUUGGUGUGGGGGCGACUGUCCAGACUCCCGGAACUCGUCAGGCAUGUAUCGACGAAGCAUG,...((((..(((.(((.....((((......))))..((((((.((((((.((((......)))).))((((....))))......)))).))))))..))))))...))))........,((((.....))))((.....((((((((...(((...((((((.((((((.((((......)))).))((((....))))......)))).))))))..))).))))))))....))...,120,-2050.0,-2110.0,"[15, 111, 7, 117, 16, 110, 8, 116, 9, 115, 14, 112, 12, 114, 6, 118]",(
45,45,UAACAUCAACAAGUAUUGUCAGACAGGGUUAAGUUCUCAACCUUACUGUCCGGUUUGUGAGUUCUAGUGUGACGGGCGCCUCCAUUGGCGGGGAGUUGUCUCUGGAGUAUAUGCGCGGAC,.....(((((.((......(((((.(((.((((........))))...))).)))))......)).)).)))((.(((.(((((..(((((....)))))..)))))....))).))...,........................((((((........))))))...(((((.........((((((...(((.(((.(((((....).)))).)))))).))))))........))))),120,-910.0,-1200.0,"[3, 14, 53, 114, 4, 13, 57, 110, 74, 97, 59, 108, 58, 109, 56, 111, 54, 113]",.
46,46,GCCAUACCUUUUCAUGCUGGGAUUGACCUAGUGCGUUGUCCGUGUGCUCUCCUGGCAGGGAUACAAUCACUGGCGGACCCAAAAACUUGCGUGUCCGUGCUCUUUGAUGGUUGAUGCUGA,(.(((........)))).((.((((((((((((.(((((((.(((.........))).)))..)))))))))((((((((((....))).).))))))..........))))))).))..,...............((((((.....))))))(((((..(((((((((((......)))).)))........((((((((((....))).).))))))........))))..)))))...,120,-1830.0,-1940.0,"[67, 107, 6, 111, 5, 114, 7, 110, 15, 33, 3, 116, 68, 106, 4, 115, 1, 117, 13, 35, 8, 109, 66, 108, 37, 63, 69, 105, 38, 62]",(
47,47,GGGUGUUCGCGAGACAUGGUCCCGCUCCCCGGCGAACCUGAAUGCACAUGGUGAUUAUGCUUUAAAGAUCAUGAUUAGGUGAACCCACUAUAGUCGACAGGGUAGGUACUGGUUUUUUGC,(((.....(((.(((...))).))).)))..((((((((((.....((((((..(((.....)))..)))))).))))))(((((.(((.((.((....)).)))))...))))).)))),((((..((((..(((((((((..((((((..(((........)))....)).))....))......))))))).))..)))))))).........(((((........))).))......,120,-1090.0,-1430.0,"[3, 85, 24, 33, 25, 32, 36, 52, 5, 84, 37, 51, 2, 86, 38, 50, 40, 47, 23, 34, 39, 48, 6, 83, 26, 31]",(
48,48,UGCAGUGUACUAUCGAGUCGGCCUUCUGUGCGCCUUAUCUCUGUUGGUCGAGAAUGAUGCGAGAUCAAAGUGCCUAUAACUAGGCAAACGAUAUGGGACUGUUCCUUACUGGUUCCCUGA,..........(((((..((((((..(................)..))))))...)))))....(((....((((((....))))))...)))..((((((((.....)).))).)))...,.(((((....(((((..((((((..(................)..))))))...((((.....))))...((((((....))))))..)))))....)))))........((...))...,120,-1620.0,-1650.0,"[104, 112, 105, 111, 28, 41, 30, 39]",(
49,49,UGGAAAUGGGCGAUCAGCGGGCCUAUGUCGUCCUGCGGCGGGUCUUCCAAAUUUCAGAGUAGGAUUGAGCCAUGCAGGCCACCUCAGGGUCCGAGCAGGCACCGCUCACUCCAACCUUGA,((((..((((((.....(((((((..((.(.((((((..((.((.(((...((...))...)))..)).)).))))))).))...)).))))).........)))))).)))).......,(((((((((((.........))))))...(.((((...)))).))))))....((((.((.(((.(((((..(((..((((((....)))..).))..)))..))))).))).)).)))),120,-1740.0,-2020.0,"[30, 36, 27, 39, 28, 38, 22, 42, 31, 35, 23, 41, 20, 44, 29, 37, 21, 43, 10, 18, 24, 40, 11, 17]",.
50,50,ACCGUACGCGCCGUCCGGAUUUGGUGCUAUCUUACAGGCCUCGGUGCAAUACGAAGCCUUUUUAGUGGUCCUAUAGAGUAUAUGCAAAUUACACAGAGUUACACAUCAUGGGGUGCUUUC,...((((((((((........)))))).((((((.((((.(((........))).))))...))).)))(((((.(.(((..(.............)..))).)...)))))))))....,.......(((((..((((((.((..(((.......((((.(((........))).))))..................(((.........)))....)))..)).))).))))))))....,120,-1070.0,-1440.0,"[26, 69, 74, 84, 30, 65, 75, 83, 27, 68, 28, 67, 29, 66]",(
51,51,UAUAUCCCCACCACGUACAUGUCGACAGGCUACUCGGAGAAAACCCGGAGUAGGAUCGAUUGAGGCUCAGACAAUGUGGCCAUUCCGGAUAGACAUGAAUUCAGACCGGCAUUAAUGAUA,..((((..............(((((....((((((((.......)).))))))..)))))...((((((.....)).))))...((((...((.......))...)))).......)))),..........((((((...((((((....((((((((.......))).)))))..))...(((...))))))))))))).((((((((...((.......))...))))....))))...,120,-1380.0,-1380.0,"[68, 78, 69, 77, 62, 84, 63, 83]",(
52,52,UUGGUAUCAAAUGGAUGGCCUACAAGUAUGGUCUCAUUACUCAAAUGAGUUCGCUUGGCGUGUGGUUUUGGAGAUAGGUUCCGCCCCUGAGAAGGAUCGCAUACGUAAGGCACGCCUAGC,..((((((.....))).))).........((.((((((.....)))))).))(((.(((((((((...(((((.....)))))..))(((......)))..........))))))).))),............((.((((((.(((((..((.((((((.....)))))).)))))))(((((((...((.....((((.......)))).....))...))))))).)))).))))....,120,-1410.0,-1550.0,"[86, 95, 87, 94, 88, 93]",(
53,53,AGCCCAGACGAGGUAACGGUUUCCUACGAUCGGUUCCUGAUAACCCUCCCGGUCAUGGUGGACGAGAAACGUUUAACUCACGUAAUAUCGGGAUUUUAGUCGACCAACCUAGAUAGACGG,.((((....).)))..((..(..(((.(...((((.((((......((((((((.(((((((((.....))))).)).)).)....)))))))..))))..))))...))))..)..)).,..((......((((...((((..(((.((..((((......)))).((((((((.(((((((((.....)))))).).)).)....))))))))).)))..)))).))))........)),120,-970.0,-1140.0,"[19, 30, 13, 36, 101, 116, 11, 38, 17, 32, 21, 28, 18, 31, 20, 29, 99, 118, 5, 119, 12, 37, 100, 117, 4, 120]",(
54,54,UCUUCUCGUGACCUAGUCAUCUGGGCGGCAUUUCCGAGGCGUUUCAGAUGAAGCUUACAAAGAAUGCUCGCAAUGGGUCUCCUUCCUGUGUGAGAACUAAGUGAGGCAAUCGUGGCAGUG,.......((.((....(((((((((((.(........).)))).))))))).((((..........((((((..(((......)))..)))))).........))))....)).))....,................(((((((((((.(........).)))).))))))).(((..((..((.(((((((..(((.(((((.......).)))).))).))).)))).)).))..))).,120,-1750.0,-1850.0,"[13, 53, 68, 104, 10, 56, 11, 55, 14, 52, 9, 57, 8, 58, 67, 105]",.
55,55,AACUCGUAGAUGGUUGAACGCCGGACCAAGUUUCUCCGGUAUAUGUUCUAUCGGAUCAAAAAUAGCCGCGAUCAGCGAUAUCAUUGCAGUUCUGUGUGACGUAGGCUAGUACUCUAAUUG,.....((((((.(((((.(((.((......((..(((((((.......)))))))..))......))))).))))).))....))))(((.((((.((...)).)).)).))).......,.....(((..((((((.....)).))))......(((((((.......))))))).......((((((((.(((((((............)).)).)))))).))))).)))........,120,-580.0,-730.0,"[11, 80, 85, 116, 10, 81, 22, 68, 83, 118, 9, 82, 86, 115, 12, 79, 84, 117]",(
56,56,CGAGGCACUCAUGUGGGUGUAAGAAUAUCAAAAUGACAGGGUCGCAGUUGAUCCCAAUCUGGAUAAAGCAAAGCGAGGUUCACAUGGGGUGCUAGGGUUGUUUCCCCCUCCCUAACGCAG,.......(((((((((((((....))))).........(((((......))))).(((((.(...........).)))))))))))))(((.(((((..(......)..))))).)))..,...(((((((((((((((((....)))))............((((.(((.((((......))))..)))...))))....))))))).)))))((((..(......)..)))).......,120,-1880.0,-1910.0,"[56, 60, 55, 61, 54, 62]",(
57,57,UUGCUCUUGCGGGUGUAGACGUCCGAUCCCGUUCACCUUUAAGAAGACCUCAAUCGAAUCACGGGCAAGUCCGACGAGGAACGCCUAGGCGAGGUGAUCGGCCCGAUCUUAAUGUAGGAU,....(((((.(((((..((((........))))))))).)))))...(((((.(((..(...((((...(((.....)))..)))))..)))...(((((...)))))....)).)))..,....(((((((.....(((((.((((((((.....((((......(((.....(((.....)))....)))....))))..(((....))).)).))))))..)).)))...))))))).,120,-1100.0,-1440.0,"[2, 116, 48, 94, 49, 93, 51, 91, 1, 117, 4, 114, 50, 92, 3, 115, 60, 89, 47, 95]",(
58,58,AGAACUGAUGAAUAGCUGGGACUGCGGAAAGGGCGCAGUAGUGUUAAAAGGCUUAAUACAAGAGUAACUAACUGAACGUAGAAGGUUAGCUCUAUGAUUGUAGUCGGGGUUCCGCAUGAU,.....((..((((.((((.(((((((.......)))))).(((((((.....))))))).(((((((((..(((....)))..))))).)))).....).))))....))))..))....,..............((.((((((.(......(((((....)))))....((((((((.(((((((((((..(((....)))..))))).)))).)))))).))))).)))))))).....,120,-1560.0,-1800.0,"[12, 117, 27, 104, 13, 116, 65, 89, 26, 105]",(
59,59,CACCAGACGGACCGACUAAUAAUUCGACCGAACUACGGAUGUAUAGUGAAGUCACCCGUUGAGUUAUUCCUAACCUGACAGAGUUACACGUACGAGUUAUGUCUGCACACACUGAAGGGG,.((..(((((...((((.((.((.((.(((.....))).)).)).))..))))..)))))..)).........(((..(((.((((.(((((.....))))).)).))...))).)))..,...(((((((((((((.(((((((((((.(.(((((.........))..)))...).)))))))))))..((((........))))...)).)).))).))))))...............,120,-490.0,-690.0,"[63, 74, 35, 42, 22, 84, 23, 83, 60, 77, 61, 76, 27, 52, 28, 51, 21, 85, 58, 79, 20, 86, 59, 78, 65, 72, 26, 53, 66, 71, 34, 45, 64, 73, 32, 47, 33, 46, 24, 82, 36, 41, 25, 81]",.
60,60,GUUAAGAAUCCGGGGCUAGAUUGCUUAGCUCUGCAUAUGUAUCUUCAAUCUGCUAAGAAAGGCUCACGACUUUCCUCCGAUCUAAAACAGGGCAAGGUUCAGCGACGCUUAUGCUUCCCA,(.((...((.(((((((((.....))))))))).))...)).)........((((((....(((...((((((.(((.(........).))).)))))).)))....)))).))......,(((.(((...(((((((((.....))))))..(((.((.........)).)))...(((((........)))))..))).)))..))).(((.(((....(((...)))....)))))).,120,-930.0,-1060.0,"[76, 92, 4, 45, 7, 42, 77, 91, 6, 43, 78, 90, 5, 44]",.
61,61,GCAAGCUCUAUUAACCAGACGCGAGUGAGAAGCACGCCGAACUUAUCGCGGCAAAUAAUGACCGCUUAGAGCGUCCGCAUGCAGAACGAUCAAAGCUAGCUCCUACCAGGCGUGAAGGGA,....((((((......((..(((.((.....)).)))....))....((((((.....)).)))).)))))).(((.(((((...........................)))))...))),((..(((((.......))).))..))......((((((.........((((((.....)).))))...((((........((.((....))...))..))))......))))))......,120,-640.0,-870.0,"[101, 120, 39, 47, 107, 114, 40, 46, 102, 119, 77, 100, 78, 99, 104, 117, 103, 118, 108, 113]",.
62,62,CCCACUAUGGCAAGCUAACUUAAAGGUCUAGAAAGCCGAACCAGCUCCCGUCUAGACCGUCGUUAACGGAACGCUCCUCACGUGAUCUGGAAUAUUGGACGGAGAUUGCACCCAAGACAG,.........((((.((.........(((((((.(((.......)))....)))))))((((.....((((.(((.......))).))))........)))).)).))))...........,........(((...(((.((...))...)))...)))......((((((((((((...........((((.(((.......))).)))).....)))))))).))..))...........,120,-570.0,-820.0,"[57, 102]",.
63,63,UUAUUUAUUAAAUAGCAGCAGGGCGGGAAGGCAGCAAACGUCGGAGACCACGUAUCAUGGGGAGUUGCAGUCACACAAGAAAGACACUUCCUAUAUACUUUGAAUAAAGAUGUCUGGGUC,..............((..((((((.(.....).))...((((......((.((((.(((((((((..(..((......))..)..)))))))))))))..))......)))))))).)).,((((((...))))))......(((....(((((.......((((((......(((.(((((((((..(..((......))..)..)))))))))))))))))).......)))))..))),120,-1100.0,-1260.0,"[38, 113, 15, 24, 35, 116, 36, 115, 8, 28, 9, 27, 16, 23]",)
64,64,CGUGUCAAAAAGGUCUGCAAACCUGGGGACCCUGCUGCGCACAGGAGAGCGCUGUCACCGGCCUUUAGAAAUAAAGUGCGACACUCUGCCAGUUUAGCAGCACGCCAUACUUGUUUAGAU,.((((......(((((.((....)).)))))((((((...((.(.((((...((((....(((((((....))))).)))))))))).)..)).)))))).))))((....)).......,.(((((.....(((((.((....)).))))).(((.((((........)))).).))...(((((((....))))).)))))))(((((.(((...((.....))...))).)..)))).,120,-1920.0,-1970.0,"[110, 118, 44, 90, 1, 104, 111, 117, 2, 103, 45, 89, 40, 92, 3, 102, 4, 101, 39, 93]",)
65,65,ACACGGCAAUAACCGAGACGGCGGUACAGGGUUGGAGGGUGGCUAGUGCCUACUUCUCACAGUGUUCGGUGUGGUCGCUAACGAAACUAUUAGGACUCUUAUCGCAGCUCGCACUUGCAU,.....((((....((((.(.((((((.((..(((...((((((((..(((((((......))))...))).))))))))..)))..))...........)))))).)))))...))))..,.....((((....((((.(.((((((.(((((((((((..(((....)))..)))))((((........)))).(((....))).........)))))))))))).)))))...))))..,120,-2300.0,-2330.0,"[87, 93, 88, 92, 57, 74]",)
66,66,AUGAACAGAUGGUACCUCGCGGCGGGGCCUGACCCAUCUACAGUUUGUGCAGCUUGACUCCUCCCGCAAGGAUGAGGAGCAUCCCUGGUCAAUUCCCGGAGAAGAUUGGACCAGACGAUG,..((((((((((..(((((...)))))......))))))...))))...((...)).((((((((....))..))))))((((.((((((...((........))...))))))..)))),.((.((((((.(((((....)).(((......)))...))).)))))).))...((.((((((((....))..))))))))...((((((...((........))...))))))......,120,-2410.0,-2420.0,"[14, 30, 93, 103, 94, 102, 2, 47, 13, 31, 1, 48, 95, 101]",)
67,67,GGCCAUGAGCCAGAUGAGACUAGCGUACUUCAGCCCCCGAACUUCCAAUAGGUUCUCACCGAGGUAGCACGCGGCAGACUCGCAGUUUAUUACGAAUCUUAUGUACAUGGUUAGGUCCGC,(((.....))).(((..(((((..((((....((.(.((..((.((....(((....)))..)).))..)).)))(((.(((..........))).)))...)))).)))))..)))...,((((...((((((((((((((.((((......))....((((((.....)))))).....(((...((.....))...))))))))))...........)))...).))))).))))...,120,-800.0,-1130.0,"[4, 103, 13, 91, 6, 101, 30, 78, 7, 100, 108, 119, 110, 117, 14, 90, 31, 77, 109, 118, 8, 99, 9, 98, 35, 73, 1, 106, 15, 89, 16, 88, 25, 81, 5, 102]",(
68,68,ACGUCCGCUUUUUAAUUUGCUAGGCACCCAAUCCGGGACGGAUAACGUGGAGCCCGUGUUUAGCGCCGGCCCUCGGAACAUCUAUUAGGAUCUGUGGCGGGGUGCGCACCACCUCCACAG,..((((((..........))......(((.....)))..((((..((.((.(((.((((...)))).))))).))....))))....))))((((((.(((((....))).)).)))))),..((((((((...........)))).(((.....)))..))))...((((((...((((...(((((.(((..((((...(((....))))))).)))..)))))))))...))))))..,120,-1950.0,-1990.0,"[20, 24, 18, 26, 7, 39, 67, 100, 19, 25, 66, 101]",(
69,69,AGUUCUUUCCGGAUAACAUGCUGAUGUUGGAAGCGUUCAUCAUAUUAAUCCAGGCAUUUUCCCGAUGCGCGCCCAGAAGAGCGCUUGCGAUGCUACAUCGUUUUUGGCAACUGUGAAGUC,((....(((((((.((((((..(.(((((.((((((((.((...........(((...............)))..)).)))))))).))))))..))).)))))))).))))........,....((((.(((.(..((...((((((((.((((((((.((......(((..((.....))..))).........)).)))))))).)).....))))))....))..).))).))))..,120,-1540.0,-1620.0,"[23, 94, 57, 65, 22, 95, 110, 119, 58, 64, 111, 118, 112, 117, 55, 67, 56, 66, 54, 68]",.
70,70,ACGCGUGCAGAACUUUUUAGAUCGAUCAGUGGGAACAGGCAUUGAUUAUGAAAUCAAUUAGGGGGUUUAGGACCGCACCACAAACUGCGGGAGGGCACGCUUUGGUUCCUGUGUUACGCU,..((((((((.........(((((((...((....))...)))))))........((((((((.((......(((((........)))))......)).)))))))).))))...)))).,..((((((((((((((((.(((.((((((((........)))))))).........))))))))))))....(((((........))))).((((.((......)))))).))).)))).,120,-1910.0,-1940.0,"[50, 55, 17, 70, 49, 56, 14, 104, 16, 71, 93, 101, 15, 72, 94, 100, 22, 65, 23, 64, 13, 105, 12, 106, 91, 103, 92, 102, 21, 66, 20, 67, 11, 107, 19, 68, 18, 69]",(
71,71,GAGUCCAACACUACAUCCUAAGGAUAAUCAGGACGUUCAGAGAAAAGUCAUCGAACACCUGUUUCGCGUAUUUAAACAGUUCAAAAAAAAGUUUUGGUAAUCUCUACGCUCAGCACACAC,((((..........((((...))))((.((((..((((.((.........)))))).))))))....................((((....)))).(((.....))))))).........,..((((........((((...)))).....))))((((.((((....)).)))))).........(((((..........((((((.....)))))).......)))))...........,120,-690.0,-870.0,"[62, 113, 63, 112, 72, 78, 71, 79, 60, 115, 61, 114]",(
72,72,GCUAACUCAAGUAAGAUGUACGACCUUCAGAGUAUGUCGGACUUUAAGCCGGCUACCUUUGACGUUUAUUGCAUGCACCGAUCUGCGGGCAGAUGGCAUUAUGUGGGUCACAGAAGGAAU,....(((((.((((..(((..(((..((((((((.(((((........))))))).)))))).))).......(((.(((.....))))))....))))))).)))))............,((((...........(((((.(((.(.(((((((.(((((.((...)))))))))).))))).)))...)))))((.(((.....)))))...))))....((((...))))........,120,-1830.0,-1890.0,"[6, 92, 7, 91, -34, -54, -33, -55]",(
73,73,UGAGGGGUCGACCUUGAGCCCUGUAAAGGUAAUUUCCAGAUUAUCAAAGUGCCGGUUCCGGGGUUCUGUGGUAUGCUGCUUCAUGUCCACUGUACCCGGCAGGACUUGAUUCGCGUCUUA,..((((.(((....))).)))).....((......))((((.(((((.((.((....(((((.....((((((((......)))).))))....)))))..)))))))))....))))..,.((((......))))((((((((....((((..................)))).....))))))))..(((.((((.(..(((.((((.(((....)))..)))).)))..))))).))),120,-1090.0,-1470.0,"[30, 43, 62, 96, 63, 95, 29, 44, 18, 105, 7, 114, 61, 97, 17, 106, 28, 45, 5, 116, 24, 99, 11, 111, 10, 112, 15, 108, 16, 107, 22, 101, 23, 100, 34, 39, 14, 109, 3, 118, 4, 117, 33, 40, 32, 41, 9, 113, 64, 94, 1, 120, 20, 103, 2, 119, 21, 102, 31, 42]",.
74,74,UAAUGAUCAGCCACCCUCGCAGCAGAUUACAGACCAAGCAAAAGCACGAUAACGCAAGUCUAGUCCACGUACUAAAUCGCAAUAGUCAAGAUCCAAACACCUCGCAUGCUGCAGAAACAC,................((((((((((((...(((...((....)).((((.((....)).((((......)))).)))).....)))..)))).............)))))).)).....,..................((((((((((..((((...((..............))..))))))))...(.((((........)))))...................))))))........,120,-480.0,-540.0,"[76, 92, 17, 113, 77, 91, 78, 90, 16, 114]",.
75,75,CCAUAAGUGCACGCAUACGGGUAAUAGCAAUUGUCACCACGCCCAUUCGGAUUUUAGCACGAAACCAAGCGCAGGAGCUUAGGUUUCGGGCGUUAACAAACGUCGUGGGCAGCAGGAGGA,((.....(((.((....))(((.(((.....))).)))..((((((.((.......((.(((((((((((......)))).))))))).)).........))..)))))).)))...)).,((((((.(((((.(....).))....))).))))..((..((((((.............(((((((((((......)))).)))))))((((((....))))))))))))....)).)).,120,-2580.0,-2640.0,"[-2, -118, 53, 96, 54, 95, -1, -119]",(
76,76,CGUGCCCCGUAUGCCCCCCCGCGCCUUAGGAUAUGACUUCUAUUUGAGUCAUAGUACCUAGGUUAGAUUUUACCUGGAAAGCUCGAAGCCUACAGACUUGGCGUAUCCACGCUUAGAGGU,((((....(((((((((...........)).((((((((......))))))))....((((((........))))))...(((...)))..........))))))).)))).........,(((((...)))))((.........((((((.((((((((......))))))))...))))))...........(((....(((...)))...))).((.(((((....))))).)).)).,120,-1520.0,-1610.0,"[25, 61, 24, 62, 4, 120, 26, 60, 13, 22, 5, 119, 23, 63, 14, 21, 6, 118]",(
77,77,ACAGAAGCGGUCCUUGAAAGGAGCUCCAUGAUCACGACGGUACUGCCACGAAGUGGCCAUGCCUAGUCGCGCUUUCAUUCCGCAGCGUUAUGUGUGACCCCUAAUUCGCGUUGUCCGCAU,......((((((((....)))).....((((.(.((((((((..(((((...)))))..))))..)))).)...)))).))))......(((((.(((..(........)..)))))))),......((((....((((((............(.((((((((..(((((...)))))..))))..)))).)))))))..)))).(((.((..(((((........))))).))..)))..,120,-2220.0,-2260.0,"[24, 30, 2, 87, 4, 86, 1, 88, 22, 32, 21, 33]",(
78,78,GUAAUUCGCCUCAUUGGUAGGGACCCCCUUGGUGGUUCGGCUACCUUAAUGACGUGUGCAUGCCUUGUGAGGGGGAGGCCAUGCCGGGAACGAAAGGACGAAAUUGUGACAGGGUCCACG,....((((..((.((((((.((.((((((((..(((...((..............))....)))...))))))))...)).)))))))).)))).((((..............))))...,......(((.(((((((((((((((((...)).)))))..)))))..))))).))).(((((((((.(....).))))).))))(((((.(......(((....))).....).))).)),120,-1080.0,-1410.0,"[55, 90, 8, 18, 26, 112, 9, 17, 36, 40, 30, 94, 62, 80, 35, 41, 29, 95, 53, 92, 24, 114, 54, 91, 25, 113, 34, 42, 27, 97, 28, 96, 22, 116, 23, 115, 6, 19, 32, 44, 33, 43, 5, 20, 31, 45, 10, 16, 21, 117]",(
79,79,UUCGUUGGUGCCUCCCGGUUUCACCUCAAGGUAACGACUAUGUGCUAUCUGCGAACAGGUUGAGUUGCGGACUAGGCACCAAUACCGUAUGUGACUUUUCUAACCGUAAAAUUGGUGGUG,...((((((((((.(((..(((((((..((.......))...(((.....)))...)))).)))...)))...))))))))))(((................((((......))))))).,...((((((((((((((((((.((((..(((((.(.((...))).)))))......)))).)))))).)))...)))))))))................((.((((......))))))..,120,-2230.0,-2280.0,"[34, 43, 35, 42, 31, 52, 32, 51, 33, 50]",.
80,80,GGUUAAGCAUGACCAUCCAAGAUCCACAUAACUUGUUCUGAAUAUCUAUCGUGCUCCAGAACGUAUCACCGUAGCGUACAUGGAAGAAUAGCUCUAACAUCCAAUCCAAUUGUGUUCUCA,(((((....))))).....(((..((((......((((((................))))))(((((......).)))).(((((((.....)))....)))).......)))).)))..,((...(((((((.......(((..............))).........)))))))))((((((((((......).)))).(((((((.....)))....))))..........)))))..,120,-150.0,-520.0,"[26, 36, 88, 115, 55, 84, 56, 83, 59, 79, 86, 117, 87, 116, 64, 74, 85, 118, -66, -76, -67, -74, -65, -77, 63, 75, 62, 76, 61, 77, 90, 113, 58, 81, 27, 35, 28, 34, 57, 82, 89, 114]",.
81,81,CAUAUACAUCCGGUCCUAACUUACUCCGCGAGCGGGCUAAUACGCCAAUCCGACCUUAAGUAGAUAAAACAGAUUCGCAAGUACCUACUGGUUAAAUUCGCGGGAUGGCUGUUCUCUAGC,......(((((((((((..(.......)..))..(((......))).....))))....................(((((..(((....)))....)).))))))))((((....).))),.........(((.(((...........).)).)))((((..((((((.(((...((.....))............(((((..(((....)))....)).)))))))))).))....)))),120,-690.0,-840.0,"[31, 49, 13, 65, 82, 96, 111, 117, 19, 61, 81, 97, 27, 52, 22, 58, 14, 64, 23, 57, 28, 51, -79, -98, 21, 59, 80, 98, 15, 63, 30, 50, 20, 60]",.
82,82,CACCAGCCAGUUUUAGUAGGAAGCAUGCCAUACCAUGCCGCAAGCAUUCCUGGUGGCCGCGGUUCAAACAUAGAGAACGCGAGUCGACCGCUAUCUAACAACGAAGAGAUAUUGAGUCGG,..(((.((((.....((..(..(((((......)))))..)..))....))))))).((((.(((.........)))))))...((((((.(((((..........))))).)).)))).,............(((.((((((((.((((((...)))..))).)).)))))).))).(((.((((.........)))))))...((((((.(((((..........))))).)).)))).,120,-1840.0,-1950.0,"[6, 57, 8, 55, 64, 74, 63, 75, 7, 56, 65, 73]",.
83,83,GGAAUAGUCGUUUAGAGGUGGUGGGUUAACGCAAGUCCUCGGGCUUAUUAGUCGUACUCGCUUCCUGCAACCAAUAGGAAUAGCAAGAGAUUUGUCACGUGCGCAGAUGCAGGCGCUACG,...............(((.(((((((..((..(((((....)))))....))...))))))).)))....((....))....((((.....))))..(((((((........)))).))),.((..((((.(((.((((...((.(....).))...)))).((((....))))......((((((((.......))))))..)).)))))))..)).(((((((........)))).))),120,-1430.0,-1700.0,"[22, 31, 11, 87, 21, 32, 12, 86, 62, 82, 23, 30, 13, 85]",.
84,84,UGAUAGAUGGCUGUCUUGAUGGGUACGGCUUCAGACACCUAUAUCACAGGCGAUUGUUGGUCGCCUUAAAUUGGUACAGUGCGCUCAGCGCGCACGGUCGUUUGUCCAUAUUUCAUGGUC,.((((((((((((((.(((..(((...))))))))).....(((((.((((((((...)))))))).....)))))..((((((.....)))))))))))))))))..............,.((((...((.(((.((((.((......)))))))))))..))))((((((((((((..((.(((.......))))).((((((...))))))))))))))))))((((.....))))..,120,-2310.0,-2340.0,"[1, 46, 16, 33, -17, -33]",)
85,85,CAGAAGUCAACUGCCGGCCCCCGCCAAAGUACUGCAGUUGAAGUCCUGUAGGUUCGAGCCUGAGAUCACGGUCCAAUACACCCUAACUCCGGACAAUCUUCAGAGUGGAGUUUAGUUCCU,..(((.(.((((.(.(((....)))......((((((........))))))......(((((((((..(((.................)))....)))).))).))).)))).).)))..,......((((((((.(((....)))........)))))))).(((...(((((....))))).)))...(((.......)))(((((((((..(........)..)))))).))).....,120,-1050.0,-1090.0,"[86, 112]",)
86,86,CCUGCGCUCAAAAAUUUUUGGUUAGCACUGGGGUGACUUAUGGCUAAGGUCUAAGCAACCAUCGUCCAUCCGACACACUAUGCUACCGACUCCAUCUAACGGACAAGACCCAUCCUUCCU,((.....(((((....)))))(((((..((((....))))..)))))((((..((((......(((.....)))......))))...)))).........))..................,.................(((((.((((.(((.(((.(..(((((...(((.......)))...).))))..).))).))))))))))))...........((......))..........,120,-520.0,-670.0,"[4, 26, 33, 113, 3, 27, 32, 114, 41, 94, 42, 93, 30, 116, 48, 87, 50, 85, 49, 86, 34, 112, 31, 115, 5, 25, 35, 111, 40, 95, 43, 92]",)
87,87,GUAGCGGUUCCUACCGGGUGGUUCACGAUCGAGCCGGGGAUGUAGGCCAUAACCGAUAAUAGUCACCAAUCAUUGUGGCUAGAUUCUUCACCGGAUACACACUAGGUGCACAUUCAUGAA,....((((....))))((.(((((......)))))((..(((.....)))..))((...(((((((........)))))))...))..((((............)))).....)).....,((....((.((((((((..(((((......)))))((((((.((.(((((((..(((...........))).))))))))).))))))..))))........)))).)))).........,120,-1550.0,-1640.0,"[5, 105, 12, 97, 3, 107, 6, 103, 7, 102, 13, 96, 45, 79, 1, 109, 2, 108, 8, 101]",)
88,88,CGUCUCACAAAAAGUUCAUCUCGAGGGGUUAUAAGGCCAACCUCUGUGGGUGGGUUCUUUUCUCGUGUCUAAAUCUCAUUUGUGAAAGCCACAGCCUUGUCUCGGGCCAAUACACCUGAA,.....(((.((((((((((((..(((((((........)))))))..)))))))..)))))...)))........(((..((((...(((..((......))..)))...))))..))).,....(((((((((((((((((..(((((((........)))))))..)))))))..))))....((......)).....))))))((((....).)))...(((((........))))).,120,-1440.0,-1560.0,"[94, 107, 97, 104, 4, 118, 95, 106, 84, 90, 3, 119, 81, 93, 82, 92, 96, 105, 83, 91]",.
89,89,UUUGUGCGUAUGAGUGCGCGUCCUCCGAACUGUCGAGGAGCGAUGGGCAAGUUAUUACCAAACCCUGGGAGAGGGGAUUGUGUUUGGUCGGGAUCGGUAACGCAUCGUUCGUUACAGCGU,...((((((.....(((.((((((((..........)))).)))).)))......((((...((((.....))))((((.((......)).))))))))))))))...............,....((((((....)))))).........((((.((.((((((((.(.......(((((...((((.....))))((((.((......)).)))))))))).)))))))).))))))...,120,-2160.0,-2250.0,"[28, 33, 27, 34, 109, 116, 13, 52, 106, 119, 11, 54, 10, 55, 108, 117, 107, 118, 12, 53]",.
90,90,GAGAGCCAAGCUCGGAGAGCAUCGUAGAAGCAAGCAUUGUUAUUACCUGGAGUCAGUGGGCCAUGGUACCUAUAGCUCUAAGACCAAACCCUUGCGUUGGUGGCCCCCGCUGCUAACACA,..((((...)))).....((.........))..(((..(((......((((((..(((((........))))).))))))......)))...)))(((((((((....)))))))))...,..((((...))))(((((((...((((.(((((...)))))..(((((((..((...)).))).)))).)))).)))))....)).......((.(((((((((....))))))))).)),120,-1630.0,-1910.0,"[25, 45, 27, 43, 26, 44, 24, 46]",.
91,91,GCAGCACUAACCCCUAUCCGGGGUCGUUUUAAUACUAUCGUACCGGCUUACUAAUCGACGAAAUAGCGAGGUAGCGAGACCCUGUUUCAGCGGCUCCAUUAUUGGUCCUCUCGCUCGAGU,..................(((((((((......))..(((((((.(((................)))..))).))))))))))).((((((((..(((....))).....))))).))).,.........(((.......(((((((((..((((...(((((((.(((................)))..)))).))).....))))..)))))))))......))).(((......))).,120,-750.0,-1580.0,"[11, 23, 28, 78, 10, 24, 27, 79, 1, 85, 2, 84, 14, 20, 12, 22, 26, 80, 3, 83, 4, 82, 13, 21]",.
92,92,GUGCGCCGCUACGUACUUCCUAUCCCGUCUACACAAUAAAACAGAACUGACCGGAUGCCGCGGGGGCUAUACGCAUUGUGUUGGGUCAAUACUACGAAGUCUAAAUGACUGACAGUGCAG,(((((......))))).....((((.(((...................))).))))(((.....))).....(((((((....(((((.((((....))..))..))))).)))))))..,(((.(((.((.((.......(((((.(((...................))).))))).)).)).))))))..(((((((((..(((....)))))..((((.....)))).)))))))..,120,-1270.0,-1530.0,"[58, 65, 59, 64, 83, 93, 84, 92, 82, 94]",.
93,93,AUGCGAAGAAAGUAACGUGGGCACAGGGAAGAAUAAAUGAACGUGGCCAAUGUCAAAUUCUAAGUGAUACGUCCCCCGUUCGGGUCUUUCAAAAUGGUUGUUAACAUUUCAGGACUUCGC,..((((((......((((.(((.((.(..............).)))))...((((.........))))))))..(((....)))((((...(((((........))))).)))))))))),..((((((((((..((.(((((...((((.(.((..(((((..((((....))))..)))...)).)).).))))..))))).))))))).(((((........)))))......))))),120,-1080.0,-1174.0,"[22, 66, 38, 55, 23, 65, 19, 68, 32, 59, 42, 52, 33, 58, 30, 61, 24, 64, 34, 57, 43, 51, 44, 50, 39, 54, 31, 60, 40, 53]",)
94,94,ACCUUGCGGUUCAAGGCGGAACGCGGUUGAUUACACUUAACAGUACCGGAUUGUAAGAACGGGGACUUCCAACCAAGGCGAUUAAAGAACUCACGGGCGAGCCAAACCAGAGCCUGAUGG,.(((((((.(((......))))))(((((............(((.(((...........)))..)))..))))))))).............(((((((.............))))).)).,..(((((((((.....(((.((...(((((......))))).)).))))))))))))...(((....)))..(((((((..........(((......)))..........))))..))),120,-1000.0,-1220.0,"[8, 24, 64, 69, 9, 22, 63, 70, 7, 25, 6, 74]",)
95,95,CAUACGUUGGAUGCAACGGCUUCGUAUUGCAGAGACUUAUAUUCUAAUUAGCAUAGUAAACACUAUAGUCCAGAAAGGAGAGGCAUAGCCAGCCAGAGCCUAGGCGGAUGAGUACCUACU,....(((((....)))))((........))((..((((((.((((.....(((((((....))))).))......))))..(((...))).(((........)))..))))))..))...,.....((((....))))((.(((((.((((..((.(((.((.......))..................(((.....)))..(((...))).....))).))..)))))))))..))....,120,-1140.0,-1190.0,"[19, 113, 44, 51, 83, 93, 21, 111, 20, 112, 84, 92, 45, 50, 82, 94]",)
96,96,CGUAGGUCCUCCAAUCGCCCCGCAAGCUUAACAAUCUCAGAUUAUAUGGCCCUUCCGUCAUGCUAUGUCCCAUAACGCACGCACGACAUUCCGCGUCCGAUGCCCCUGGCCAAAUGUACG,....((.((....((((...(((..(((....((((...))))....)))......(((.(((..(((......)))...))).))).....)))..))))......)))).........,.(.((((.........((...))..........)))))....(((.(((((....((((((((.(((((...............)))))...))))..)))).....))))).)))....,120,-470.0,-650.0,"[1, 120, 2, 119, 3, 118, 4, 117, 6, 115, 7, 114]",)
97,97,CACUUCAGACUCCCUUUUAGGUUUCUAUGCGCCUCACACACAUUCCCACUUGGGGUCGGUACUACGCGCCGCUCUCCAGCCGGUUAGUGGUCGCUUUACGGUGAGUCACCUGAUAAGCCA,....((((((((((....((((........)))).........((((....))))...(((....((((((((..((....))..))))).)))..))))).))))...)))).......,.......(((.(((.....((.......................)).....))))))........((((((((..((....))..))))).))).....(((..(((....)))..))).,120,-1850.0,-1890.0,"[4, 116, 38, 60, 3, 117, 39, 59]",)
98,98,AAUGCGAAUGGAAGCAAGAUCUGCGGUUCUGCCCUGUAGUCCAACUCGACCAAGCGACACUGCAUGUAUACUUUUCGCUAUUACCGCGGCGGGACUCCCCCCCACGUCGUACUAUGUCUU,.((((((((((.((...((.((((((......)).))))))...))...)))....(((.....)))......))))).))(((.(((..(((......)))..))).))).........,((((((((.(((.(((.....((((((..(((..((..(((......))))).)))..))))))))).).)).))))).)))...((((((((........)).))))))..........,120,-980.0,-1140.0,"[80, 117, -3, -80, 81, 116, 28, 57, -2, -81, 29, 56]",)
99,99,UAGAUGAGGGACAGGCGGGCUUACCGGACUAGCACCCGCGAAUGUGAUACGACCUUUGAAAGUUCGAGGAUACAUCGCUUUUCCAGCGUAACAGUGCCGGUUUAUAGCGUUCACGGAGGG,..................(((.((((((((.(....((((((.(((((.....((((((....))))))....)))))..)))..)))...)))).)))))....)))............,.......((..(((.(((.....)))..)).)..))((.((((((.(((.((((.((((....))))((.(((..((((.....)))).....)))))))))))).)))))).)).....,120,-851.0,-921.0,"[10, 35, 8, 37, 9, 36]",)
100,,,,,,,,,)
101,,,,,,,,,)
102,,,,,,,,,)
103,,,,,,,,,)
104,,,,,,,,,)
105,,,,,,,,,.
106,,,,,,,,,)
107,,,,,,,,,)
108,,,,,,,,,)
109,,,,,,,,,)
110,,,,,,,,,)
111,,,,,,,,,)
112,,,,,,,,,.
113,,,,,,,,,)
114,,,,,,,,,.
115,,,,,,,,,.
116,,,,,,,,,.
117,,,,,,,,,.
118,,,,,,,,,.
119,,,,,,,,,.
