,i,sequence,s1,s2,seq_length,indirect_moves,en1,en2,en1_runtimes,en2_runtimes
0,1,GGUCUAUGCCUCACACGCAGCCUCCUAUUAGCAGCUCUCCUGGCCCACAAUUUUAUUAAAAGUCCAAGUUGGACUGACAAAACGCGUGCGGUGUCCUAGG,...(((.((((..(((((.(((...................)))................((((((...))))))........))))).)).).).))).,((...(((((...(((((.(((...................)))................((((((...))))))........))))).)))))))....,100,,-13.6,-13.6,0.0429,0.051
1,5,UACCACGGCUCAUCAUGGCGCACCCUCUUAUUUUGUCAACUUGCUCUUAUCCGAACGACAACUAUCACUUGGUUACUCUGCAAUGAUUACGUACCUAGUU,....(((....(((((.(((.(((....((..(((((...................))))).))......))).....))).)))))..)))........,....((((((......)))...............((((..((((......((((..((......))..)))).......))))))))..)))........,100,,0.09,0.09,0.7612,3.9704
2,6,GUCUAAGCCAAGGCAACUGCUUAGCCUUGUUUCGGAUAUAGCACUUCAUUCACUCGUUUGCGAGUAAUCGUUUCACAGAAAUGGUGCCCGGUCCGACUAA,........((((((.........))))))..((((((...((.........(((((....))))).((((((((...))))))))))...))))))....,........((((((.........))))))..((((((...((((..((((..((.....((((....)))).....)).))))))))...))))))....,100,,-19.4,-19.4,0.1194,0.173
3,7,GAGACAAGGAGACACGGCAUAACGGACGGGGCCGCAUUGAAACGCCGGUUGCAUUUAGUCAUCGCGCCGAUAAAGGUGACACGACGGCCAGGGCUUAUGU,................((((((.(..(..((((((..........((((.((.....)).))))((((......))))....).)))))..).))))))),................((((((.(..(..(((((........((((((.(((((......)).)))))......))))......))))).)..))))))),100,,-10.7,-10.9,0.2435,1.197
4,12,CUCACGAUAUGGGGCACGGUGCAUACAUACAAGAAUUACUUGGCACCCCCGCGGAAAGUAGUCUCCUUGUACGCAUAUCGCUACAAAAUCGGGGAACUUC,(((.((((.((.(((...((((.((((....(((.((((((.((......)).))..)))))))...)))).))))...))).))..)))))))......,...((....((.((...(((((.......((((.....))))))))).)).))....))((((((((((((.((.....)))))))....)))).)))..,100,,-5.4,-5.4,2.7973,6.8268
5,13,UCUUGUACAAGGAUAGUGACUCCGCAAUUAGGACUGAACAAUAACUUGGGCGUAAAGUAAGCGCAGGACUAGAGGAAGGCUGGUGCGCGAUAGGCCCCCG,(((((.....(((.......))).....)))))..............((((.((......(((((...((((.......)))))))))..)).))))...,(((((.....(((.......))).....)))))..............((((.((..((..((((.((.((.......)))).))))))..)).))))...,100,,-12.9,-12.9,0.0445,0.0624
6,14,GGAACAAGCAGCUGCAACAAGUUUGAACGGUUUCUCCUGCAGAAUGAGUGGUACCCUAACAUGCUAGGCUGCACUGGAAGCAAUGUCCCAUUGACCACUC,(((((...(((((......))).))....)))))...........(((((((...((..(((((......))).))..))(((((...)))))))))))),.......((((..(.(((..((....)).))).)..)))).....(((((((......(((((((((......))...)))).))).......))))))),100,,-11.9,-11.9,1.1774,1.8311
7,15,CGCUCUCCCCUCUGGGAGUCGUGGGCCUGACCCCGAACUCACAUGAUCUAAUCAUUGCCUAAGGGACAUUUCCACGUGUAAGAAACCCGGAAACAUCGUU,.......((((..((((((((.(((.....))))).))))..(((((...)))))..))..))))...(((((..((.......))..))))).......,(((.(((((....)))))..)))........(((........(((((...))))).......)))...(((((..((.......))..))))).......,100,,-12.9,-12.9,0.1738,0.2913
8,17,UGCUGUUAUCAGACGCCAGUCCAUCUUCGGUCACGAGCGCCUGGUACCUUCUUAAGAAGUAGCGCUGGUGGAUAAUGUUUCUCAUGCCGGCAAGGCCUCC,.(((.....(((.(((..((((......))..))..))).)))((..((((....))))..))(((((((((......)))....))))))..)))....,.((((......(((....)))......))))...(((.(((((.(((.(((....)))))).)(((((((..............))))))).))))))).,100,,-14.5,-14.5,0.6755,1.365
9,18,GUGCCUGUAGCCUGCACUUUCAAAUACAAGAUGCGAUCUGGUCCGACUAGAGUUCGCCGCAUUAAUCAUAGACAGAACCGUCGUUGCCUUGGGCACUUUA,(((((((..((.(((((((........))).)))).((((((...))))))((((...................)))).......))..)))))))....,(((((((((((.((......)).......(((((((((((((...))))).))....)))))).......(((......))))))))...))))))....,100,,-15.2,-15.2,0.5234,0.7574
10,19,GCCAAUAACUACCUUCGUAGUACGGUAGAGGCCCUUCUACAUCCACGCCUAAAACGGCUAGACGUUUAUGACUGGCGAUAAUUAUUUGCAUGAUGGAUCC,((((...(((((....)))))...((((((....))))))......(((......))).....(((...)))))))(((..(((((.....)))))))).,.......(((((....)))))...((((((....))))))(((((((((((.((((......)))))).....))))................)))))..,100,,-10.0,-10.0,0.3705,0.7086
11,21,CGCAUCUCUUUAGGGUAUGAAAUGUUAUAUGCUACGGGAACAAUGCCGACCUUCGGAGACCUAAGGAAUACGUCUUUCGAGCGGAAGGAUUCCUCGUUCA,.((((.(((((((.((((((....)))))).))).))))...)))).....(((((((((.((.....)).))))).)))).((((...)))).......,.((((.(((((((.((((((....)))))).))).))))...))))((...(((((((((...........))).))))))))(((.((....)).))).,100,,-14.1,-14.1,0.08,0.1201
12,22,AUGCCAACUUAUUCUUGUUGGUUAAGGCAACGAAUCCCCUACGUCUCAACACGAAGUGGAUGACCAGGGAUGAAACCACGCUGGGCCAGCUUCCUCCCUC,..((((((........))))))...(((.....((((.((.(((......))).)).))))..((((.(.((....))).))))))).............,..((((((........))))))...........((((.((.(((......))).)).))))....(((((.(((.....((((...))))))).))))).,100,,-12.0,-12.0,0.0873,0.1959
13,23,CGAUGUGUGCUCAUUCCAUAAGAUCCAGGCGGUGCGCCUCAAUCACUCACCUGUUUAGAUCCUUUUAUCCAUGGGGGACAUUGCCGGAGCUGAUCUGUAA,..........(((((((.(((..((((((((...)))))......((((..((..((((....))))..)))))))))..)))..)))).))).......,((((((.(.(((((...((((((((.((((((((.(.........).)))).)))).))))...))))..))))).))))))).((((.....))))...,100,,-3.3,-3.3,2.7701,4.7574
14,25,UAUGUCUGAGAUUAAUUCUCCGUCGAAUGAUAUACGCACUCUGCCAGCGUCCCCAUAUUAUUUGUGCCUGGUUCUUGCGGUUAGGCACAGGGCUACGUUU,.......((((.....))))...((((((((((..(.((.((...)).)).)..)))))))))).((.((((((((((......))).))))))).))..,...((((((((.....)))).....((((((((((((.........))))....))))))))((((((((((....))...)))))))))))).......,100,,-11.5,-11.5,0.5199,1.162
15,26,GUAAAGCGACGGUCCGAAAUAAUCUUAACUCUAUGCCCGAAUUAGGGCCCCACCGAGCCAGCGAGGGUCAACGCUUCACACCAUCGGGCUUGAAAGUCUU,.......(((........................((((......)))).....((((((..(((((((.((...)).)).)).)))))))))...)))..,.......((((((((.............................)))))....((((((..(((.(((...........))).)))))))))...)))..,100,,-10.9,-10.9,0.1118,0.3345
16,27,GGACCUCAGGGUAUCCGGGCCUGUAAUCACGGCUAGUGCAAUGCGGGUGUUUCGAGGGCCAGGGCUUGUUCGUUGGUCUGGUCGCCAGAGUUUGUAGAAG,((((.((..(((...((((((((((.((((.....))).).)))))))...)))..(((((((.(.........).)))))))))).)))))).......,....(((..(((..(((((((...(((...((((...((....(((.....)))...))...)))).)))....)))))))..))).)))..........,100,,-14.6,-14.6,0.8116,1.0473
17,31,CUCCAUAUUGCUAUCAGAGAGAAACCCUUGUAUUUACAGUAAAAUAAUUCAUAAGGCAGGUAUCUACCAGGCUCCGAGCCAUUCCAAACUGAACAGAUAU,..........((.((((...(((..((((((((((......)))).....))))))..(((....))).((((...)))).)))....))).).))....,....(((((....(((((((.....(((((((.(((........))).).))))))......)))....((((...))))........))))...))))),100,,-6.4,-6.4,0.2032,0.2671
18,32,AGCGGAGGGGUCUAGUGGUCACAUCCUACGAGUUCGGGGCACCGAACAAAUCGAAGUCUACCGAGAUAGGGCGUUCGUUAGGCGGACGCUAGCCCAUCAU,...((.(((((((.((((.(........(((((((((....))))))...)))..).))))..))))..(((((((((...)))))))))..))).))..,....((.(((.(((((.(((....(((((((((((((....)))))).............((......))....)))).)))..))))))))))).))..,100,,-22.2,-22.2,1.057,1.5014
19,35,GUCUCUCUCGUGCUGGCUAUCUUCUAUGCUCAUACUAAUACUCUAUGCCAAUCUGCCAAUGCUACGUCAGUCUCAUCUAUGCCAUGACGUGGACUUAUUG,........(((..((((.......((((...............)))).......)))))))((((((((....((....))...))))))))........,.........(.((((((.............................))))....)))....(((((((((.(........).).))))))))........,100,,-5.78,-5.78,0.2389,3.0171
20,37,ACUCCCUUCGCGGAUCGCUAGCGUGUUUCUAUUAUCAGUACUACGAUUGUUGUGCUUGCCUAACACCUGACGCUGAGGACGAUCCUUACCGCAGGUCUGU,....(((.((.(((((((((((((...........((((((.((....)).)))).))...........)))))).)..))))))....)).))).....,.........((((((.......(((((.........(((((.((....)).))))).....)))))(((.((.((((((...)))))).))))))))))),100,,-9.1,-9.1,1.0861,1.5878
21,40,AGUGCACUGAUCUACAAGCAUAAGCGGGACGCUUCGUGAGUACAUUCAGACUGCGCGACGACACUCGGCGUUCAUACCCGACGCAGCCAAAGGUGCCCUC,.((((..((.....)).))))....(((.((((((((((((........))).)))))(((...)))(((((.......))))).......)))))))..,.(((((((((...........(((((...)))))...........))))..)))))........((((.((....)))))).((.(((...)))))....,100,,-8.0,-8.0,2.0203,4.2892
22,41,UGUAACGUGGUGAACCCGCUGAGCAGAGGAUUAAUGGCGUAGAAUGAUAACGCAGGAAACUCUAAUUAUAUCGACGUCUCAUGGCUCAGCCGUAGGUAUA,......(((.(..((..(((((((....((.....(((((....(((((.....(((...))).....))))))))))))...))))))).)).).))).,...............(((((((((...........(((((.((...((((...(((....)))..)))).)).))))).....)))))))....))....,100,,-13.1,-12.6,0.3492,0.5748
23,42,UGGCCUGUUGGGGAUGUAUUAGAAUAAAAGAUGGAAUCUUUCCUUUUAGCACACCUAGAACCAUUCCCUGUCGGGCUCUAGCCCGCGCUCCACGAGUUCG,.((((((..(((((((..((((......(((.((((...)))).))).......))))...)))))))...))))))......((.((((...)))).)),.((..(((((((..(((..(((((..((((((...))))))..))))))))..)))))...))..))..(.(((((....))))))((((...))))...,100,,-10.5,-10.5,1.8297,2.5956
24,43,AUCCUUGUCGCCCUGAAAUUUCGACUAAAGAACUGUAAAACCAAGCGAGGGAGCGCAGUGUACGCGUAUCAACCAAAGGCGGCCCAGUGGUUGCGCCGAG,......((((...........))))......(((((....((......))....)))))....(((...((((((..((....))..)))))))))....,.(((((((((...........)))).......((.........))..)))))((((.......))))..((((((..((....))..)))))).......,100,,-8.7,-8.7,0.1416,0.2382
25,45,AACAUUGUUCUGCCCAAGUAAUGGAGGCAAUUUUCAGUCUCGAAAUCUUCCAGACGGUCCCCGGGUAAAAAUUUCAUACCCCUAAUUGCGUUGAAUACCU,.................(((.(.((.((((((....((((.(((...))).))))((...))(((((.........)))))..)))))).)).).)))..,...(((((.(((...(((...(.(((((........))))).)...))).))))))))....(((((.........)))))...................,100,,-3.0,-3.0,0.6737,1.4212
26,46,GGCGUCAACGUGUACCCGUCUUCUUAACUAAAUUGGUGGAUGCAUCCGGAAUGAUUGUUUCGGUAAUACAAGCACGAUCUCGUAUAUAAGAAAUAGUGAG,((.((...(((.((((..................)))).))).))))....(.((((((((.(((.(((.((......)).))))))..)))))))).).,.(((....(((((...(((((.((..........)).)))))...(((((((....)))))))........)))))....))).................,100,,-2.2,-2.2,1.5416,2.1714
27,50,CUAGACGGAUGCCACGUCCUUGCGAUUUAGCUCGGCAUCAUGUCUCAACGUUUUUGGUUACGGAUCCUCUGGCGACGAUACAGGAGUAAUGACACUUUGG,..(((((((((((....................)))))).)))))(((.((...(.(((((...((((.............))))))))).).)).))).,..(((((((((((..(..((........))..))))))).)))))....((..(((....((((...))))....))).)).(((((......)))))..,100,,-10.2,-10.2,0.3657,0.4901
28,51,GCAAACAACGUACAGCCUCACCGACUUGCCCAUCGUUCAAACAUUCGGCCACCCCCUGCCUAAACACCCGGCUGGCUUUGGACUUUGGAAAGCUUUCAUU,((((.....((........))....))))(((..((((((......(((((......(((.........))))))))))))))..)))............,...........................(((((..((((((......(((((.((..((......))...)).)))))))))))..)))...)).......,100,,-9.5,-9.5,0.0897,0.1455
29,53,AAGGCACGAGGAUAUACUCACCACGCUCGCAGCCCAUACAACGGAACCGGGACGGUGGGACCGGAUCAAUUACGCAUAACCGACGCGAGUUUACAGGUCU,.......(((......))).(((((((((...((........))...)))).).))))((((.....((((.(((.........)))))))....)))).,..((...(((......))).))..((((((..((........))..((((..(....)..))))........((......))..))))))..........,100,,-9.2,-9.2,0.5264,2.5698
30,54,CCGACAUACUAGCCAGGAGGAAGCCAAACCUCCAGCACGCAACCGAGCUGAUAGUCCAUAUACUCUAAUGGUGCCAGACCCCUCUUUGCUUGAGAGGACG,...............(((((........))))).((((.((...(((...............)))...))))))......((((((.....))))))...,...........((..(((((........))))).))........(..(((.....((((........))))...)))..)((((((.....))))))...,100,,-13.0,-13.0,0.1036,0.4815
31,56,GUUUGCCCCGCUAUAAAGCCAUCUGAUACAUCCGCAACUAUGGCUUGUCAAAUACACCGCCCUUUCUGCAUCACAUCAGCAUGGAGGAACUCGGCCGCGU,....(((...........(((((((((......(((.....(((.(((.....)))..))).....))).....))))).))))........))).....,...(((.(((........(((((((((......(((.....(((..............))).....))).....))))).)))).......)))..))).,100,,-12.1,-12.1,0.0339,0.0437
32,57,UCCAAAUUGGAGCGCAGCGAAGUAGUUUUCGAGUGAGGUAUGGGAACUCCGUUCCCUGGUUUUGGGCGGGCGGAAGUGCUGGUUGCUCCCUACACCGUGU,((((...))))((((..(((((....)))))((.(((..((.((.((((((((((((......))).))))))).)).)).))..))).)).....)))),........((((((((((.((....))(((..(((...))).)))((((((((((((......))).)))))).)))))))..))))))...........,100,,-17.3,-17.3,0.6897,1.2883
33,60,CUGUACGAUCACCGAGUUAGGAAAUAGACAAUCAGUCUUGAAAACGGGUAGACUCAGUGGAAUUCGUUCUUCUGAGACCCCUCGACCAUCUGAAACUGAU,.(((.(.....((......)).....))))((((((...((...((((..(.(((((.((((....)))).))))).)..))))....))....)))))),..............((((.(((...((((.....)))).......((((...(((((.((((....)))).)))))))))........)))..))))...,100,,-10.4,-10.5,0.489,1.7654
34,61,AACCGACUCAAUAAUCACCCAGGAUCAAGGACACCUUCUCCGGUAGAGACCAAAAACCAGGGGCGUCGAACCUACCGCUUGCGUUUGCCAAUGACCUGAC,...................((((.(((.((..(((......))).........((((((((.(.((.......))).)))).)))).))..)))))))..,...................((((.((((((...))))....((((..((((((......(((........))).....))).)))))))...))))))..,100,,-6.3,-6.3,0.5858,1.1796
35,63,AGGCAGGCAACGGAUGAAGAAGUUGUGCGGUAUAACGGGAGGUAGAAUGUAUUGGUGUAGACACUAUUGUCGAGCAUACAGCAUAGUGGAACCAUUGUGU,..((..(((((..........)))))...))................((((.((.....((((....))))...))))))((((((((....)))))))),..(((..((((..........)))))))......((.....)).........((((((.((((....))))..)))).))((((((((....)))))))),100,,-13.8,-13.8,0.0567,0.079
36,64,ACGAAUUCAAUGUACGACAGAGAGCCAAACCUGCGGAUGGGAGGUUUCAGACUUGGGGAUACUUUUUCGAUCCUCAGGCAUCGGGAUCUGCACUGCGAGU,.....(((..(((...)))..)))......((((((...(.((((((((..(((((((((.(......))))))))))..).))))))).).)))).)).,...........((.(......).))...((.(((((.((..(((((((.(.(((((((((.(......)))))))))))...))))))).))))))).)),100,,-20.0,-20.0,0.1555,0.2778
37,68,CGUAAAGGACGUAUUCAUCGGGCCGAGCUCGCCUUCAGUGGUUCCGACUUUAGUCUUCGAUAACCUCAGGCCAAUAACCUGUUAUGAUCCCUCUUCGACA,.((..((((.(...((((.((((...))))(((......)))...(((....)))...........((((.......))))..))))...)))))..)).,((..((((..((......((((........((((...(.((((.(((.........)))..)))).)))))......)))).....))...))))))...,100,,-6.0,-6.0,1.6964,3.1383
38,69,GGGGCUACACGCGGAGAGCUUAAGCAAUACCCAAGCCGGACGCGCAACGCGCCCCCUUUAGCACGCACGGUAGAGGGAGAGCAUUACAACUUCGAAUUGU,((((((....((.....))...)))....))).....((.((((...))))))(((((((.(......).))))))).......................,((.((....((((..(.((((...........)))))...))))....)).))(((((((.(......).))))))).......................,100,,-12.2,-12.2,0.5946,10.4129
39,71,UAUCCCUCUUUGCAUCACCUAGGCUAGCAGUGUCUAUCUGAAUCAGCGCGCUUGGCGUAGAUAGGAGGGUCCAGCUCCGUCUUCCUCCUACUUCUCACAG,..................(((.((((((.((((............)))))).)))).))).((((((((.............))))))))..........,..................((((((..((.(..((.....))..).))..)))))).(((((((((((((.............))))))))..))).))..,100,,-11.2,-9.9,0.3635,0.7585
40,74,UUUUGUGAAAUCCAGCUAAUUAAUUGUGUAUUAAUGAGCUUUAGGAGGGUUUUAUCACGUAUUUGUCUCUGAGCAAGAAGAUUACAAAUCCCAUUGUUAA,....(((((((((..((((....((((......))))...))))..)))))))))...(((.((.(((.......))).)).)))...............,...((((((((((..((((...((((.....)))).....))))..)))))))).))...((((((.(((........)))..))))))...........,100,,-8.8,-8.8,0.2453,0.4344
41,75,UCAGUGGGAUAGUUAUACAUCCACACGUGGCACCUAUACCUAUCAUAUAACAUCUCGAGGCAAGAUAAAAUACCCAACUGGGUGGGCGCCCCUUGACAAU,...(((((((........)))).)))(.(((.(((((........(((...((((.......))))...))).((....))))))).))).)........,...(((((((.((...)))))).)))(.(.........))..............((((((...(......(((((....)))))..)...))))))....,100,,-8.9,-8.9,0.3955,1.1846
42,82,CGAUAGUCUCUCAGGGGACGAUCGAUGUUCAGGCGGCUGCGAUUUUGAACGCCGUGAAGCGUGAUUAAACCGGUCGACUUUUGCUCCUUGAAGUUUUCAU,((((.(((((....))))).))))...((((((((((((.(.(((...((((......))))....))))))))))..........))))))........,.((..(((((....)))))(((((.((.(((.((.((.(((........))).))...)).))).))...)))))((((((........)))))).))..,100,,-10.9,-10.9,1.588,2.363
43,84,GACGGGACAGCACCUAGACAUACUCAAAUUAGGCCUAGCCACUAUUUGGCCGCACGCUUGUAUCAGAUUGGUCAAAGUACACUCCAUUUCUAAAGAUUUA,....(((..(.((...(((....((....(((((...((((.....)))).....))))).....))...)))...)).)..)))...............,....((..((..(((((...........))))).))..))....((((((((..(..........)..))))))))........................,100,,-0.5,-0.4,0.7584,2.7002
44,85,CCCCUCUAGCCCCUCCAGUGAGUGGCGCUGUCCGUUCAUAAAACUCCGUACACUCAUAUAGUCGAUGGCGAACGCGAUGUGGUGUAACCGAUUUACGUUA,........(((.(((....))).)))..............(((.....(((((.(((((..(((....))).....)))))))))).....)))......,.......(((.((.(......).)).)))((((((((........((((..(((.....)))..)))).))))).)))(.(......))...........,100,,-3.6,-3.6,1.2725,6.8122
45,86,UUGUACUAUAAUGGUGAGGGUUCGGCACUAUGGCGUGUGUUCAGUUAAUAAAGGGUACUGUAAUUCCGCGUGGACGGCGCCUCUCGCAUGCUAUUUAAAG,.............((((((....(((.(((((.((.(.(((((((...........)))).))).)))))))....).))))))))).............,.............((((((((.(.(..(((((.((.(.(((((((...........)))).))).)))))))).).).))).))))).............,100,,-13.4,-13.4,0.0404,0.1533
46,88,GGCCGGUUCAGUAACGAGAUGCAUUCUUGUUCCAGAAUUUACGUGCUCAGAAACCAGGCCUUAUCUCCCCUAUCCUAGCGCGAUGCAUACCUGCAUCCAU,(((((((((((((((((((.....))))))).............)))..).)))).)))).....................((((((....))))))...,....(((((.(.(((((((.....))))))).).)))))...(((((..((.....((........))....))..)))))((((((....))))))...,100,,-11.5,-11.5,0.204,0.3665
47,89,CUGGUAUAAACUCCACACGAAUGACCCUGUGAUCGGGUGUUAUCUACCCCGUUAUAUCAGGAAAUUUCCUCUGUUGUGUCUAGCUCCGGAAGCGUGGUGU,.........((.((((.((((....((((....((((.((.....))))))......))))....))).((((..((.....))..)))).).)))).)),.(((........)))((((......((((....((((.((.....))))))......))))...(((((...((((....))))...)))))))))....,100,,-13.9,-14.0,0.3689,0.7055
