,i,sequence,s1,s2,seq_length,indirect_moves,saddle_en
0,0,AAAAUAAUGUACCGGACAUUCGCGCACGACCACCAUAUGGCAGAGCAUGUGUCUGUGGACCCACUAUAGCUGGGGCGCUUAACCCCAGAAAAGUAUCUUC,.......(.((.(((((((....((.(..(((.....)))..).))..))))))))).)...(((....((((((.......))))))...)))......,........((.(((((((..((.((.(..(((.....)))..).)).)))))))).).)).........((((((.......))))))............,100,[],-20.4
1,1,GGUCUAUGCCUCACACGCAGCCUCCUAUUAGCAGCUCUCCUGGCCCACAAUUUUAUUAAAAGUCCAAGUUGGACUGACAAAACGCGUGCGGUGUCCUAGG,...(((.((((..(((((.(((...................)))................((((((...))))))........))))).)).).).))).,((...(((((...(((((.(((...................)))................((((((...))))))........))))).)))))))....,100,"[(6, 97), (8, 94), (5, 98), (4, 99), (12, 90)]",-13.6
2,2,CAAUUGCGCCGCAUAAAACCAGAGAUUCUACCCUCAAUCGGUUCUUAAGACGUACUGCGCGUUUCACCAGACCACAAUGCAGGGCGGCACCGUUAGGCAA,.......(((((.........((((....(((.......)))))))........((..(((((............))))).))))))).((....))...,....((((((((((.......(((........)))....((.(((..((((((.....))))))....)))))...))))..)))).))((....))...,100,[],-7.7
3,3,CACAACGAGACUACUCAUGCACAUAAGGAAGGUUAUCGCCAUAGACAUGGCGCGGCAGCGCAGAAUGUUUAAAUCUAAAUCUGGUAUGGGAGGCGUGCCC,....(((...((.(((((((.((......(((((.......(((((((.((((....))))...)))))))))))).....))))))))))).)))....,....(((...((.(((((((.((....((......))(((((....)))))(((....)))((.((......)))).....))))))))))).)))....,100,[],-13.4
4,4,GUUGGUAUGAAGAAAUUUGCUGGGAGAAAAAGUCUAAGGCCUUGAAUCCGGCGGGUCUUAAUACUUACCUACAAAAUCAUCAGGCUGUACUUCCUGUAUC,((.(((((.((((..(((((((.((....(((.(....).)))...))))))))))))).))))).))..................((((.....)))).,((.((((.......((((((((((...((..(((...))).))...)))))))))).........)))).))......((((((........)))).)).,100,[],-12.6
5,5,UACCACGGCUCAUCAUGGCGCACCCUCUUAUUUUGUCAACUUGCUCUUAUCCGAACGACAACUAUCACUUGGUUACUCUGCAAUGAUUACGUACCUAGUU,....(((....(((((.(((.(((....((..(((((...................))))).))......))).....))).)))))..)))........,....((((((......)))...............((((..((((......((((..((......))..)))).......))))))))..)))........,100,"[(45, 54), (46, 53), (43, 56), (41, 58), (42, 57)]",0.09
6,6,GUCUAAGCCAAGGCAACUGCUUAGCCUUGUUUCGGAUAUAGCACUUCAUUCACUCGUUUGCGAGUAAUCGUUUCACAGAAAUGGUGCCCGGUCCGACUAA,........((((((.........))))))..((((((...((.........(((((....))))).((((((((...))))))))))...))))))....,........((((((.........))))))..((((((...((((..((((..((.....((((....)))).....)).))))))))...))))))....,100,"[(45, 83)]",-19.4
7,7,GAGACAAGGAGACACGGCAUAACGGACGGGGCCGCAUUGAAACGCCGGUUGCAUUUAGUCAUCGCGCCGAUAAAGGUGACACGACGGCCAGGGCUUAUGU,................((((((.(..(..((((((..........((((.((.....)).))))((((......))))....).)))))..).))))))),................((((((.(..(..(((((........((((((.(((((......)).)))))......))))......))))).)..))))))),100,"[(39, 82), (37, 84), (38, 83)]",-11.9
8,8,UCGAAAGCCCGUUUCUUUCUUACACCGCCAGUGCCUAAAUGGUUCAAUGUCAACGCGUGUACAGGAGAUCCAAAGCUCGCGCAGUGCCUUUAUGAUAUAC,.((..(((.......(((((((((.(((((..(((.....)))....)).....)))))))..)))))......)))..))..(((...........))),.((..(((.....(((((..((((.(((....(((.....)))...........)))))))..)))))......)))..))...................,100,[],-8.1
9,9,UAAAAUGAUCACGGUUUCAGCUUUGGACAGGGCGUUCCACUAAACUCCUGGUGACAUAGAUAUAUUGGAUUGCAACUACUCGUCGGUCCGGUUGGCGUUC,.....(((........)))(((((((((..((((........((.(((..................))))).........)))).))))))..)))....,....(((.((((...((((....))))(((((.(((......)))))))))))))))......((((((((((........)).))))))))........,100,[],-3.3
10,10,CCAACCCGGUAGAGGGAUCGAGUGGUCUAGGCGAAUGAUACGAGAGGCUCACUGGGGACGAUGGGAGUGAUCUACUCGAUGUUGCGUCCGAUCACAUCCA,....((((((.(((...((..((.(((.........)))))..))..))))))))).....((((.((((((.((.((....)).))..)))))).)))),....((((((.(((...(((.((.(((.....)).).)).)))....)))))))))...(((.((((((((.........))))).))).))).......,100,[],-12.9
11,11,CAAGCCGGCACGCGAAAGGGCGGCUAUGUACAGCUCUUAAAACCACCAGAGGUUUAGUGAUCACUGAGGCUUGUUCGCAAAUCACUGCAAUUAGAUAUGA,(((((((((.(((......)))))).....(((.((...(((((......)))))...))...))).))))))...(((......)))............,(((((((.(.(......)).)))))..(.(((((.(((((((((......))))).........))))))).)).)(((......))).........)).,100,[],-10.9
12,12,CUCACGAUAUGGGGCACGGUGCAUACAUACAAGAAUUACUUGGCACCCCCGCGGAAAGUAGUCUCCUUGUACGCAUAUCGCUACAAAAUCGGGGAACUUC,(((.((((.((.(((...((((.((((....(((.((((((.((......)).))..)))))))...)))).))))...))).))..)))))))......,...((....((.((...(((((.......((((.....))))))))).)).))....))((((((((((((.((.....)))))))....)))).)))..,100,"[(53, 66), (55, 64), (54, 65)]",-6.8
13,13,UCUUGUACAAGGAUAGUGACUCCGCAAUUAGGACUGAACAAUAACUUGGGCGUAAAGUAAGCGCAGGACUAGAGGAAGGCUGGUGCGCGAUAGGCCCCCG,(((((.....(((.......))).....)))))..............((((.((......(((((...((((.......)))))))))..)).))))...,(((((.....(((.......))).....)))))..............((((.((..((..((((.((.((.......)))).))))))..)).))))...,100,"[(68, 84)]",-12.9
14,14,GGAACAAGCAGCUGCAACAAGUUUGAACGGUUUCUCCUGCAGAAUGAGUGGUACCCUAACAUGCUAGGCUGCACUGGAAGCAAUGUCCCAUUGACCACUC,(((((...(((((......))).))....)))))...........(((((((...((..(((((......))).))..))(((((...)))))))))))),.......((((..(.(((..((....)).))).)..)))).....(((((((......(((((((((......))...)))).))).......))))))),100,"[(10, 38), (9, 39), (30, 36), (29, 37), (8, 40)]",-11.9
15,15,CGCUCUCCCCUCUGGGAGUCGUGGGCCUGACCCCGAACUCACAUGAUCUAAUCAUUGCCUAAGGGACAUUUCCACGUGUAAGAAACCCGGAAACAUCGUU,.......((((..((((((((.(((.....))))).))))..(((((...)))))..))..))))...(((((..((.......))..))))).......,(((.(((((....)))))..)))........(((........(((((...))))).......)))...(((((..((.......))..))))).......,100,"[(66, 96), (62, 100), (63, 99), (65, 97)]",-12.9
16,16,UGGCUUAGAAUGAACAGAUAGAUUGCCUACAACAAAAUACUGAUGACGGGGGAGCCGUGACAUGGCGGCCACCGCUAGUCGGCCUACGCUUUAAAACAUA,.(((.....((......)).....)))............(((((...(.((..(((((......)))))..)).)..)))))..................,.(((.(((......(((.((..(((.......)))..))))).(((((.((..(((((......)))))..)).)..))))..))).)))..........,100,[],-14.0
17,17,UGCUGUUAUCAGACGCCAGUCCAUCUUCGGUCACGAGCGCCUGGUACCUUCUUAAGAAGUAGCGCUGGUGGAUAAUGUUUCUCAUGCCGGCAAGGCCUCC,.(((.....(((.(((..((((......))..))..))).)))((..((((....))))..))(((((((((......)))....))))))..)))....,.((((......(((....)))......))))...(((.(((((.(((.(((....)))))).)(((((((..............))))))).))))))).,100,"[(3, 12), (4, 11), (5, 10)]",-14.5
18,18,GUGCCUGUAGCCUGCACUUUCAAAUACAAGAUGCGAUCUGGUCCGACUAGAGUUCGCCGCAUUAAUCAUAGACAGAACCGUCGUUGCCUUGGGCACUUUA,(((((((..((.(((((((........))).)))).((((((...))))))((((...................)))).......))..)))))))....,(((((((((((.((......)).......(((((((((((((...))))).))....)))))).......(((......))))))))...))))))....,100,"[(33, 57), (34, 56), (36, 54), (35, 55)]",-15.2
19,19,GCCAAUAACUACCUUCGUAGUACGGUAGAGGCCCUUCUACAUCCACGCCUAAAACGGCUAGACGUUUAUGACUGGCGAUAAUUAUUUGCAUGAUGGAUCC,((((...(((((....)))))...((((((....))))))......(((......))).....(((...)))))))(((..(((((.....)))))))).,.......(((((....)))))...((((((....))))))(((((((((((.((((......)))))).....))))................)))))..,100,"[(4, 94), (2, 96), (52, 67), (46, 77), (3, 95)]",-10.0
20,20,AUACGUCAAGCGAGACAUUGUUACGUGAUGGAUAAUGGUAUGCAUACACCUGGGCUGCACUCUAGCAGCAUACUCUUUGUUAUACAGCGCGUUUAUACUA,....(((......)))......(((((.((..(((((((((((......(((((......)))))..)))))....))))))..)).)))))........,....(((......)))..(((.(((((.((..(((((((((.((......)).(((((......))))))))))....))))..)).)))))..)))...,100,[],-13.0
21,21,CGCAUCUCUUUAGGGUAUGAAAUGUUAUAUGCUACGGGAACAAUGCCGACCUUCGGAGACCUAAGGAAUACGUCUUUCGAGCGGAAGGAUUCCUCGUUCA,.((((.(((((((.((((((....)))))).))).))))...)))).....(((((((((.((.....)).))))).)))).((((...)))).......,.((((.(((((((.((((((....)))))).))).))))...))))((...(((((((((...........))).))))))))(((.((....)).))).,100,"[(50, 83)]",-14.1
22,22,AUGCCAACUUAUUCUUGUUGGUUAAGGCAACGAAUCCCCUACGUCUCAACACGAAGUGGAUGACCAGGGAUGAAACCACGCUGGGCCAGCUUCCUCCCUC,..((((((........))))))...(((.....((((.((.(((......))).)).))))..((((.(.((....))).))))))).............,..((((((........))))))...........((((.((.(((......))).)).))))....(((((.(((.....((((...))))))).))))).,100,"[(67, 77), (68, 76)]",-12.0
23,23,CGAUGUGUGCUCAUUCCAUAAGAUCCAGGCGGUGCGCCUCAAUCACUCACCUGUUUAGAUCCUUUUAUCCAUGGGGGACAUUGCCGGAGCUGAUCUGUAA,..........(((((((.(((..((((((((...)))))......((((..((..((((....))))..)))))))))..)))..)))).))).......,((((((.(.(((((...((((((((.((((((((.(.........).)))).)))).))))...))))..))))).))))))).((((.....))))...,100,"[(24, 42), (22, 44), (23, 43)]",-7.6
24,24,CAAUACUUCUACAGAGACCACGUGAGGUAGCUGUCUUAAGUCGUUGCUUACUGCGUGAGAUUGCAGCCAAUUAGCGGCUGUCUCAUCCGUACAUAAGGUA,....((((..((((..(((......)))..))))...))))...(((((..(((((((((...(((((.......))))))))))..))))....))))),((((((((..((((..(((......)))..))))...)))).))))((((.((((((((((.((.((......)).)).))))))..))))..))))...,100,[],-17.6
25,25,UAUGUCUGAGAUUAAUUCUCCGUCGAAUGAUAUACGCACUCUGCCAGCGUCCCCAUAUUAUUUGUGCCUGGUUCUUGCGGUUAGGCACAGGGCUACGUUU,.......((((.....))))...((((((((((..(.((.((...)).)).)..)))))))))).((.((((((((((......))).))))))).))..,...((((((((.....)))).....((((((((((((.........))))....))))))))((((((((((....))...)))))))))))).......,100,"[(23, 66), (22, 67)]",-11.5
26,26,GUAAAGCGACGGUCCGAAAUAAUCUUAACUCUAUGCCCGAAUUAGGGCCCCACCGAGCCAGCGAGGGUCAACGCUUCACACCAUCGGGCUUGAAAGUCUU,.......(((........................((((......)))).....((((((..(((((((.((...)).)).)).)))))))))...)))..,.......((((((((.............................)))))....((((((..(((.(((...........))).)))))))))...)))..,100,"[(16, 24), (17, 23)]",-10.9
27,27,GGACCUCAGGGUAUCCGGGCCUGUAAUCACGGCUAGUGCAAUGCGGGUGUUUCGAGGGCCAGGGCUUGUUCGUUGGUCUGGUCGCCAGAGUUUGUAGAAG,((((.((..(((...((((((((((.((((.....))).).)))))))...)))..(((((((.(.........).)))))))))).)))))).......,....(((..(((..(((((((...(((...((((...((....(((.....)))...))...)))).)))....)))))))..))).)))..........,100,"[(59, 64), (20, 76), (58, 65)]",-15.2
28,28,UAAGGUCCCACACCCCCACGGGAUUUAUGCCUCAUGCGAGACUCGAUUAUCUGACGCUUAGGAGCCUAAGUGGCGGAGUCUCGCGCUGAACCGAGCACAG,..(((((((..........))))))).........(((((((.......((((.(((((((....))))))).)))))))))))(((......)))....,..((((......(((....)))......))))...(((((((.......((((.(((((((....))))))).)))))))))))(((......)))....,100,[],-23.3
29,29,CGGACCGGCCAAUCGGGUAUUGCUGCAAACUAUGGCAAUAGUGCAUAGGUUCAGACGAAGUACGGGUGGAUAUUUGUAGCCAGUAUGCUGGGUCUCCGGG,....((((....(((((((((((((((((((((.(((....)))))))(((((..((.....))..))))).)))))))).))))).))))....)))).,((((..((((....(.((((((((((((((((((.((....)))))))(((((..((.....))..))))).)))))))).))))).)..))))))))..,100,[],-23.6
30,30,GAACCAGACCUUCCUCGUAGGUCACCAGCUCGAAUCUAGGGCGAGGACGAUCACUUACCAGGAAGGCUGUAUAAAAUGCGUCUGAAUGCACUUCCGUACA,....(((.(((((((.(((((((.((.((((.......))))..))..))...))))).))))))))))................(((......)))...,........(((((((.((((((..((.((((.......))))..))......)))))).))))))).(((((....(((((....))))).....))))),100,[],-22.6
31,31,CUCCAUAUUGCUAUCAGAGAGAAACCCUUGUAUUUACAGUAAAAUAAUUCAUAAGGCAGGUAUCUACCAGGCUCCGAGCCAUUCCAAACUGAACAGAUAU,..........((.((((...(((..((((((((((......)))).....))))))..(((....))).((((...)))).)))....))).).))....,....(((((....(((((((.....(((((((.(((........))).).))))))......)))....((((...))))........))))...))))),100,"[(5, 100), (6, 99)]",-7.4
32,32,AGCGGAGGGGUCUAGUGGUCACAUCCUACGAGUUCGGGGCACCGAACAAAUCGAAGUCUACCGAGAUAGGGCGUUCGUUAGGCGGACGCUAGCCCAUCAU,...((.(((((((.((((.(........(((((((((....))))))...)))..).))))..))))..(((((((((...)))))))))..))).))..,....((.(((.(((((.(((....(((((((((((((....)))))).............((......))....)))).)))..))))))))))).))..,100,"[(26, 56), (27, 55)]",-23.1
33,33,AAGACUGUUUGAGUCCAGACAAUAUAAGUUGUGUCAGACCCUAGCACGGCCACCGAGUAUAGGGGAAACUUGGAUCGAAGAGCGUCAGGGGCGUAGCUCG,..((((.(((((.((((((((((....)))))......(((((...(((...)))....))))).....)))))))))).)..)))..((((...)))).,....((.((((.(((((((((..........))))((.((((.((.(((...))).))...))))...))))))))))).))......((((...)))).,100,[],-17.0
34,34,AAGAUGGCGACGAUGUGCAGAGGAGUCGGAGCUACGCGAAUCGAUGUUCGGCGUCUUACAGGGUUGUCUCUCGGCCGGCCCUCAACAACCUGUUGGCUGC,.(((.((((((..((((...(((.((((((..(.((.....)))..)))))).)))))))..)))))))))((((((((............)))))))).,.(((.((((((..((((.(((.(...(.((((..((.....))..)))).)).)))))))..)))))))))((((((((............)))))))).,100,[],-24.8
35,35,GUCUCUCUCGUGCUGGCUAUCUUCUAUGCUCAUACUAAUACUCUAUGCCAAUCUGCCAAUGCUACGUCAGUCUCAUCUAUGCCAUGACGUGGACUUAUUG,........(((..((((.......((((...............)))).......)))))))((((((((....((....))...))))))))........,.........(.((((((.............................))))....)))....(((((((((.(........).).))))))))........,100,"[(60, 97), (58, 99), (59, 98), (61, 96), (57, 100)]",-5.78
36,36,AGGUUGGCGGUGCAGGACGCGGGGGGCAGAAGUAAGUACCUGCACAUGUGGGCACGUAGAUGAUCUGCAGUAUUAGGCGAGGGGCUAGGGCUCAGAAAAU,..(((.((((((((((..((.....((....))..)).))))))).))).)))......((..((((.(((.((((.(....).)))).)))))))..)),..(((.((((((((((((((...........))..)).))))))).))).)))..........((((.(((.((((.(....).)))).)))))))....,100,[],-26.0
37,37,ACUCCCUUCGCGGAUCGCUAGCGUGUUUCUAUUAUCAGUACUACGAUUGUUGUGCUUGCCUAACACCUGACGCUGAGGACGAUCCUUACCGCAGGUCUGU,....(((.((.(((((((((((((...........((((((.((....)).)))).))...........)))))).)..))))))....)).))).....,.........((((((.......(((((.........(((((.((....)).))))).....)))))(((.((.((((((...)))))).))))))))))),100,"[(12, 16), (10, 18), (11, 17)]",-10.1
38,38,UUUAAACUCAAAUCCGGGGAAGUACGGAUCUUGUAGGCGCUCGAACCUGCGAGUGACUGCUUUGCGCGGGGUCACGUAUAUCACUGCUCCGUUUUAACUC,..............(((((..((((((((((((((((((((((......)))))....))))...)))))))).))))).......))))).........,...........(((((........)))))...((((.((((((......)))))).)))).....((((((.((.((.....))))))))))........,100,[],-13.3
39,39,UCCGGCGGGGUCGAACCGUAAUUUUACGCAAGAAGUACGACGGCGUCUGACAAGUUCAUUCACCGUGCGCGACAUGUCUCGGUAUGCUGCCUAUAAAGUA,...(((((.((...((((..((....(((.....((...((((.(..(((.....)))..).)))))))))....))..)))))).))))).........,...(((((.((...((((..((....((((..........(((.(..(((.....)))..).)))))))......))..)))))).))))).........,100,[],-15.8
40,40,AGUGCACUGAUCUACAAGCAUAAGCGGGACGCUUCGUGAGUACAUUCAGACUGCGCGACGACACUCGGCGUUCAUACCCGACGCAGCCAAAGGUGCCCUC,.((((..((.....)).))))....(((.((((((((((((........))).)))))(((...)))(((((.......))))).......)))))))..,.(((((((((...........(((((...)))))...........))))..)))))........((((.((....)))))).((.(((...)))))....,100,"[(21, 36), (19, 38), (20, 37)]",-9.2
41,41,UGUAACGUGGUGAACCCGCUGAGCAGAGGAUUAAUGGCGUAGAAUGAUAACGCAGGAAACUCUAAUUAUAUCGACGUCUCAUGGCUCAGCCGUAGGUAUA,......(((.(..((..(((((((....((.....(((((....(((((.....(((...))).....))))))))))))...))))))).)).).))).,...............(((((((((...........(((((.((...((((...(((....)))..)))).)).))))).....)))))))....))....,100,"[(14, 97), (15, 96), (16, 95)]",-13.1
42,42,UGGCCUGUUGGGGAUGUAUUAGAAUAAAAGAUGGAAUCUUUCCUUUUAGCACACCUAGAACCAUUCCCUGUCGGGCUCUAGCCCGCGCUCCACGAGUUCG,.((((((..(((((((..((((......(((.((((...)))).))).......))))...)))))))...))))))......((.((((...)))).)),.((..(((((((..(((..(((((..((((((...))))))..))))))))..)))))...))..))..(.(((((....))))))((((...))))...,100,"[(76, 81)]",-10.8
43,43,AUCCUUGUCGCCCUGAAAUUUCGACUAAAGAACUGUAAAACCAAGCGAGGGAGCGCAGUGUACGCGUAUCAACCAAAGGCGGCCCAGUGGUUGCGCCGAG,......((((...........))))......(((((....((......))....)))))....(((...((((((..((....))..)))))))))....,.(((((((((...........)))).......((.........))..)))))((((.......))))..((((((..((....))..)))))).......,100,"[(36, 45), (35, 46), (34, 47)]",-8.7
44,44,UACGCCAACGACAGACAGUCCCCGUUCGUCCGAUUAUCCAAGAACUAAUAUUAGAUAUGAGGUCGUAACAACCUCGCGUGAUAUCUCUAUUCAUGGUCAG,.........(((...........((((..............))))............((((((.......))))))(((((.........))))))))..,...(((...(((.....)))...((((....((...))...))))............((((((.......)))))).((((((....)).)))))))...,100,[],-8.4
45,45,AACAUUGUUCUGCCCAAGUAAUGGAGGCAAUUUUCAGUCUCGAAAUCUUCCAGACGGUCCCCGGGUAAAAAUUUCAUACCCCUAAUUGCGUUGAAUACCU,.................(((.(.((.((((((....((((.(((...))).))))((...))(((((.........)))))..)))))).)).).)))..,...(((((.(((...(((...(.(((((........))))).)...))).))))))))....(((((.........)))))...................,100,"[(56, 89), (55, 90), (54, 91)]",-3.0
46,46,GGCGUCAACGUGUACCCGUCUUCUUAACUAAAUUGGUGGAUGCAUCCGGAAUGAUUGUUUCGGUAAUACAAGCACGAUCUCGUAUAUAAGAAAUAGUGAG,((.((...(((.((((..................)))).))).))))....(.((((((((.(((.(((.((......)).))))))..)))))))).).,.(((....(((((...(((((.((..........)).)))))...(((((((....)))))))........)))))....))).................,100,"[(66, 85)]",-2.2
47,47,AACCGCAAAAGAUGUCGGGUGCUAUGAGGAGCACGAACAAGGUUGUCGGUGGUCUCGUCUUUUCUUUUUCGACUGGGCAACAGCCUAUUUUUAUUAUUUG,...((.((((((.(.((((.(((((((.((.(........).)).))).)))))))).)...)))))).))..(((((....))))).............,...((.((((((.(.((((.(((((..(.(((.(......)))).)..))))))))).)...)))))).))..(((((....))))).............,100,[],-18.3
48,48,AUAACUUGCGCAAUCCGGAUUGCUGCGCGUCACCGCCUCUAAUGUAACGAGGAACUGAGCGCUAUCGUAAAGCGUUCCCCAGUGGAUCCCUUGAUGAAUG,...((.((((((((....))))).))).)).....((((.........)))).((((((((((.......)))))))...)))((...))..........,.........(((((....))))).((((.(((...((((.........))))...)))))))..((((.(((.(.(((.....))).).))).))))...,100,[],-11.3
49,49,UCGGGCCAAGAUCUCAUGCGGCAAGUUGUCUAUCGAUUAGAGAAGAUAAAACUUUGGGCCACUCGAACAUAAGUGUACAGGCCAGGCUUAGCCGAGGUGU,...(((.(((.(((........(((((((((.((.....))..)))))..))))..((((((.(........).))...)))))))))).))).......,..............(((.(((((((((((((.((.....))..))))..)))))..((((...((........))....)))).......))))..))).,100,[],-8.0
50,50,CUAGACGGAUGCCACGUCCUUGCGAUUUAGCUCGGCAUCAUGUCUCAACGUUUUUGGUUACGGAUCCUCUGGCGACGAUACAGGAGUAAUGACACUUUGG,..(((((((((((....................)))))).)))))(((.((...(.(((((...((((.............))))))))).).)).))).,..(((((((((((..(..((........))..))))))).)))))....((..(((....((((...))))....))).)).(((((......)))))..,100,"[(76, 83), (73, 86)]",-10.4
51,51,GCAAACAACGUACAGCCUCACCGACUUGCCCAUCGUUCAAACAUUCGGCCACCCCCUGCCUAAACACCCGGCUGGCUUUGGACUUUGGAAAGCUUUCAUU,((((.....((........))....))))(((..((((((......(((((......(((.........))))))))))))))..)))............,...........................(((((..((((((......(((((.((..((......))...)).)))))))))))..)))...)).......,100,"[(26, 91), (25, 92), (27, 90)]",-9.5
52,52,AAUAUAACAUUUGAGAGAUCAACGACACGGUACAUAGGUCAGUAAUGCUGUUGCUCUCCGACGAGCCGGCUUAUGGUCCCGGCAGGGUGGUGCCUUAAAA,.........((((((..((((.(....(((..((((((((.(....(((((((.....))))).)))))))))))...)))....).))))..)))))).,.........((((((..((((.(....(((..(((((((((((...))))..((((......))))..)))))))...)))....).))))..)))))).,100,[],-15.6
53,53,AAGGCACGAGGAUAUACUCACCACGCUCGCAGCCCAUACAACGGAACCGGGACGGUGGGACCGGAUCAAUUACGCAUAACCGACGCGAGUUUACAGGUCU,.......(((......))).(((((((((...((........))...)))).).))))((((.....((((.(((.........)))))))....)))).,..((...(((......))).))..((((((..((........))..((((..(....)..))))........((......))..))))))..........,100,"[(65, 98), (66, 97), (64, 99), (67, 96), (63, 100)]",-9.2
54,54,CCGACAUACUAGCCAGGAGGAAGCCAAACCUCCAGCACGCAACCGAGCUGAUAGUCCAUAUACUCUAAUGGUGCCAGACCCCUCUUUGCUUGAGAGGACG,...............(((((........))))).((((.((...(((...............)))...))))))......((((((.....))))))...,...........((..(((((........))))).))........(..(((.....((((........))))...)))..)((((((.....))))))...,100,"[(51, 61), (52, 60), (38, 71), (53, 59)]",-13.0
55,55,GACCCGCCCGGUGCUUGGCCGCCUGACAUAGAGGUAGUCCUGUUCUUUGCGGAGAAAAUUGGGUGGGGUGUGAUAUAACCUGCCACUUGUAGAUCUAUUC,..((((((((((..((..((((..((.((((........))))))...)))).))..))))))))))............((((.....))))........,..((((((((((..((..((((..(((.((....))))).........))))..)).))))))))))............((((.....))))........,100,[],-20.4
56,56,GUUUGCCCCGCUAUAAAGCCAUCUGAUACAUCCGCAACUAUGGCUUGUCAAAUACACCGCCCUUUCUGCAUCACAUCAGCAUGGAGGAACUCGGCCGCGU,....(((...........(((((((((......(((.....(((.(((.....)))..))).....))).....))))).))))........))).....,...(((.(((........(((((((((......(((.....(((..............))).....))).....))))).)))).......)))..))).,100,"[(1, 98), (2, 97)]",-12.1
57,57,UCCAAAUUGGAGCGCAGCGAAGUAGUUUUCGAGUGAGGUAUGGGAACUCCGUUCCCUGGUUUUGGGCGGGCGGAAGUGCUGGUUGCUCCCUACACCGUGU,((((...))))((((..(((((....)))))((.(((..((.((.((((((((((((......))).))))))).)).)).))..))).)).....)))),........((((((((((.((....))(((..(((...))).)))((((((((((((......))).)))))).)))))))..))))))...........,100,"[(15, 35), (16, 34)]",-17.3
58,58,UGCGUCCUGCGCUCAGGAUGGGGCCUUGCACUGUCUAGGAUUCCCCAGCCCUUGAGCUGAUAAGCUCGGUGGAUGCGCAGCAGUGAAUUGAUCCCGGAGG,..(((((((....)))))))((((....((((((...(.(.(((...(((...(((((....)))))))))))).)...))))))....).)))......,..(((((((....)))))))(((.....(((((.((..(..(((((.......(((((....))))))).)))..)..))))))).......))).....,100,[],-27.7
59,59,CCCAGAUUUUGAAUCCUUUAAGGAGGGGUAGUUGCUUGUCCACGUCUCCGGCGUCUCCAGCAAUGAGCAACGGCCCCUCUACCCGAUGUGAAGGUCGGCU,....((((...))))......((((((((.(((((((((..(((((...)))))........))))))))).))))))))..(((((......)))))..,........(((((...)))))((((((((.(((((((((..(((((...))))).....)))...)))))).))))))))..(((((......)))))..,100,[],-28.6
60,60,CUGUACGAUCACCGAGUUAGGAAAUAGACAAUCAGUCUUGAAAACGGGUAGACUCAGUGGAAUUCGUUCUUCUGAGACCCCUCGACCAUCUGAAACUGAU,.(((.(.....((......)).....))))((((((...((...((((..(.(((((.((((....)))).))))).)..))))....))....)))))),..............((((.(((...((((.....)))).......((((...(((((.((((....)))).)))))))))........)))..))))...,100,"[(39, 84), (40, 83), (33, 92), (34, 91), (38, 85), (41, 82), (35, 90)]",-10.5
61,61,AACCGACUCAAUAAUCACCCAGGAUCAAGGACACCUUCUCCGGUAGAGACCAAAAACCAGGGGCGUCGAACCUACCGCUUGCGUUUGCCAAUGACCUGAC,...................((((.(((.((..(((......))).........((((((((.(.((.......))).)))).)))).))..)))))))..,...................((((.((((((...))))....((((..((((((......(((........))).....))).)))))))...))))))..,100,"[(37, 49), (38, 48), (40, 46), (39, 47)]",-6.6
62,62,GUUCAUUUGGGUUUUGGCUACAUUAUGGACGGGGGGAAUACCGUCAGUUGCCCAACCUGCGGUACCCAUAGGGGUCUACAGUGGAUCCCUUUGGACCGCA,........(((((..(((.((....((.((((........)))))))).))).)))))(((((..(((.(((((((((...))))))))).)))))))).,......((((((...((((........(((((........)))))))))))))))..((((((..(((.(((((((((...))))))))).))))))))),100,[],-29.3
63,63,AGGCAGGCAACGGAUGAAGAAGUUGUGCGGUAUAACGGGAGGUAGAAUGUAUUGGUGUAGACACUAUUGUCGAGCAUACAGCAUAGUGGAACCAUUGUGU,..((..(((((..........)))))...))................((((.((.....((((....))))...))))))((((((((....)))))))),..(((..((((..........)))))))......((.....)).........((((((.((((....))))..)))).))((((((((....)))))))),100,"[(52, 76)]",-13.8
64,64,ACGAAUUCAAUGUACGACAGAGAGCCAAACCUGCGGAUGGGAGGUUUCAGACUUGGGGAUACUUUUUCGAUCCUCAGGCAUCGGGAUCUGCACUGCGAGU,.....(((..(((...)))..)))......((((((...(.((((((((..(((((((((.(......))))))))))..).))))))).).)))).)).,...........((.(......).))...((.(((((.((..(((((((.(.(((((((((.(......)))))))))))...))))))).))))))).)),100,"[(7, 23), (13, 17), (8, 22), (11, 19), (12, 18)]",-20.5
65,65,GGUCGUAACGCCCUUUUAACGGCGGACGUUAAUACUCAACGAUCCGAAUGAUUGGGACAGCUUAAACCGCUAGCAUAGUGUGUAGGCACACUGCCUUGCA,(((.......(((..(((....((((((((.......)))).))))..)))..))).........)))....((((((((((....)))))))...))).,(((.......(((.........((((((((.......)))).)))).......))).........)))((.((..(((((((....))))))).)).)).,100,[],-19.2
66,66,GGUGACUUUGAUUUAAGCAAUGAGAUCUUGGACCUCUGCUAGAAGCUAUGACCUUGUCUGCCAAGCUUUUACUCAAAAAGACUCGUAUUCUCAAUCGUGA,........(((((......(((((.((((.......((.((((((((..(((...))).....))))))))..))..)))))))))......)))))...,.......((......))..(((((.((((........(.((((((((..(((...))).....))))))))).....)))))))))..............,100,[],-9.8
67,67,UGCUAUCGAAGCCUCGGUGAACGACCUAUCGAAAAUCAGGUUGAUAUGUUCUAUCAGAUGGAGUGGAAGAUUGCAUUUGCUCCAGGAUAACAAUCCAGCU,.(((((((..((((.(((...(((....)))...)))))))))))).))(((...)))(((((((((........)))))))))((((....))))....,.(((......((((.(((...(((....)))...)))))))(((((.....)))))..(((((((.((.......)))))))))((((....))))))).,100,[],-17.7
68,68,CGUAAAGGACGUAUUCAUCGGGCCGAGCUCGCCUUCAGUGGUUCCGACUUUAGUCUUCGAUAACCUCAGGCCAAUAACCUGUUAUGAUCCCUCUUCGACA,.((..((((.(...((((.((((...))))(((......)))...(((....)))...........((((.......))))..))))...)))))..)).,((..((((..((......((((........((((...(.((((.(((.........)))..)))).)))))......)))).....))...))))))...,100,"[(11, 91), (19, 31)]",-6.9
69,69,GGGGCUACACGCGGAGAGCUUAAGCAAUACCCAAGCCGGACGCGCAACGCGCCCCCUUUAGCACGCACGGUAGAGGGAGAGCAUUACAACUUCGAAUUGU,((((((....((.....))...)))....))).....((.((((...))))))(((((((.(......).))))))).......................,((.((....((((..(.((((...........)))))...))))....)).))(((((((.(......).))))))).......................,100,"[(4, 90), (2, 92), (3, 91), (52, 81), (51, 82), (1, 93), (53, 79)]",-12.2
70,70,AAGGGCGAUGACCUCAUGGAGAAAUUUUGGUUAUACUCAAUCUGGAACGUACUCAGGUUUUCUGGCAGCGGAAGUAAUGUGGUUUUUAAGAAUCGAAGAG,..(((..((((((..((......))...)))))).))).((((((......).)))))((((((....)))))).....((((((....)))))).....,..(((..((((((...............)))))).)))..((((((((.....((...((((((....))))))...))..)))))..))).........,100,[],-8.6
71,71,UAUCCCUCUUUGCAUCACCUAGGCUAGCAGUGUCUAUCUGAAUCAGCGCGCUUGGCGUAGAUAGGAGGGUCCAGCUCCGUCUUCCUCCUACUUCUCACAG,..................(((.((((((.((((............)))))).)))).))).((((((((.............))))))))..........,..................((((((..((.(..((.....))..).))..)))))).(((((((((((((.............))))))))..))).))..,100,"[(24, 55), (26, 52), (25, 54)]",-11.2
72,72,GAUAUCAGCCAUUUUGCAUUGGGCAAGAGAUGGCCCUGGCACGCAGGUCCACGAAUCGAUAGCAUUGUAAGACAGACCGACUUACUCCCCUCCAGGGGUU,(.((((.((((((((((.....))))..))))))((((.....))))..........)))).)...(((((.(.....).))))).((((....))))..,(((.((.((((((((((.....))))))..))))((((.....)))).....))))).........(((((.(.....).))))).((((....))))..,100,[],-20.6
73,73,CGAUGUGGUGGCCUUAAUAAAAUUACCUUAUAUUGACGCCUGGAUGUGUCGUACUCACAAGUAAGCCUUCGAACUGAGCUGGAAGAAGAGACCCCCUCGG,(((.(.((.((.(((..................((((((......))))))((((....))))...((((.(.......).))))..))).)))))))).,((((.....(((.((((((...........)))))).))).......))))((((....))))...((((.(.......).))))..(((.....)))..,100,[],-5.0
74,74,UUUUGUGAAAUCCAGCUAAUUAAUUGUGUAUUAAUGAGCUUUAGGAGGGUUUUAUCACGUAUUUGUCUCUGAGCAAGAAGAUUACAAAUCCCAUUGUUAA,....(((((((((..((((....((((......))))...))))..)))))))))...(((.((.(((.......))).)).)))...............,...((((((((((..((((...((((.....)))).....))))..)))))))).))...((((((.(((........)))..))))))...........,100,"[(70, 76), (68, 78), (69, 77)]",-8.8
75,75,UCAGUGGGAUAGUUAUACAUCCACACGUGGCACCUAUACCUAUCAUAUAACAUCUCGAGGCAAGAUAAAAUACCCAACUGGGUGGGCGCCCCUUGACAAU,...(((((((........)))).)))(.(((.(((((........(((...((((.......))))...))).((....))))))).))).)........,...(((((((.((...)))))).)))(.(.........))..............((((((...(......(((((....)))))..)...))))))....,100,"[(1, 30), (2, 29), (3, 28)]",-9.2
76,76,UUCAUUCUUAAAUCAUAGAGCACGUCCAGAGUUUUCUGCAUGACCUUAUCGUCGAACCUGUAAACCACGGAACGACAUGCGCCCGUGUACAAACGCCUGU,..........................(((.(((((.((((((..(.(((.((((..((((.....)).))..))))))).)..)))))).))).))))).,....((((........))))......(((.(((((.((((((..(.(((.((((...((((.....))))..))))))).)..)))))).))).))))).,100,[],-11.3
77,77,CCGUGGCUGGGCACCUGCGACGUCCCAUUUGAAACUGAAUUCGAUCAGGCUCCACGAAGUGCUGCCUAUCCUCAGAGCGAUGCGGGUGCACAGGCGACAC,..((.((((.(((((((((.(((....(((((..........(((.((((..(((...)))..))))))).)))))))).))))))))).)).)).))..,..((.((((.(((((((((.(((.....(((((......)))))..((((..(((...)))..)))).........))).))))))))).)).)).))..,100,[],-27.7
78,78,UAUAAUGAAAACCAACAUAAUGCACUGAAAUGGUCUCCAAGACCUGGCAACCUUGUCCAAACCUUAGCCCGUUGCAGGGUACGGCGGUACUCAUGGACAU,(((.(((........))).))).........(((((...))))).........((((((.......((.....)).((((((....)))))).)))))).,....................(((........(((((...)))))..)))....((((((.(((...((((......)))).....))).....)))))).,100,[],-13.8
79,79,GUGCAGUGGCCCUUCUAACCCGCUCCGGGGACACUAGCGAUAUAGGACUGCUCAGUGCGUACGUCGAGUUGCUGGGGGGCGCACGUUAAGACGGACAAGU,((((....(((((.....(((......)))...((((((((...((((.((.....))))...))..)))))))))))))))))................,.....((((((((.....((((...))))....((((((((....((((((.....)))...)))..))))))))))))).)))(((......)))....,100,[],-22.4
80,80,CUAAUCCGUGGAACUGUUGAGAUAGUCCAUGCGAGCGACCGAGUUCGGUGCUUCUAACCCCAACGGCAAAUAGGAAUGGACACAAAGUCCCAUCGAUCUA,...(((.((((.(((.........((((((..((((.((((....))))))))....((.....)).........))))))....))).)))).)))...,....(((((((.(((((....)))))))))).))((.((((....))))))......................((..((((.....))))..))......,100,[],-11.8
81,81,UUGUGUGAUGUGCAUCGGUAGCUCGGUAAAUACGUUCGCCGGGCUUGAAGCUGUAUCCGUUGGAAUCCAAGUUGGGAGUUAUAACGUAAAACGGCAUUCC,...................((((((((.((....)).)))))))).((((((((...(((((...(((......)))....)))))....))))).))).,.....((((....))))..((((((((..........))))))))....(((((...(((((((.(((......))).)).)))))....))))).....,100,[],-21.4
82,82,CGAUAGUCUCUCAGGGGACGAUCGAUGUUCAGGCGGCUGCGAUUUUGAACGCCGUGAAGCGUGAUUAAACCGGUCGACUUUUGCUCCUUGAAGUUUUCAU,((((.(((((....))))).))))...((((((((((((.(.(((...((((......))))....))))))))))..........))))))........,.((..(((((....)))))(((((.((.(((.((.((.(((........))).))...)).))).))...)))))((((((........)))))).))..,100,"[(73, 98)]",-10.9
83,83,CAACCGUAAAAGAACCUCCGGUAAGAGUAAAAGGAGGGUACAGGGUACAGUAAAGACGAUAGGACAGCCGUGUGUUAGGGCCGGAAGCCGCGGGCAAAUU,...((((.......(((((..((....))...)))))((((...))))...........(((.(((....))).))).(((.....))))))).......,...((((.......(((((.............))))).((((.(((....................))).))))....(((.....))))))).......,100,[],-11.9
84,84,GACGGGACAGCACCUAGACAUACUCAAAUUAGGCCUAGCCACUAUUUGGCCGCACGCUUGUAUCAGAUUGGUCAAAGUACACUCCAUUUCUAAAGAUUUA,....(((..(.((...(((....((....(((((...((((.....)))).....))))).....))...)))...)).)..)))...............,....((..((..(((((...........))))).))..))....((((((((..(..........)..))))))))........................,100,"[(54, 59), (52, 61), (53, 60)]",-0.5
85,85,CCCCUCUAGCCCCUCCAGUGAGUGGCGCUGUCCGUUCAUAAAACUCCGUACACUCAUAUAGUCGAUGGCGAACGCGAUGUGGUGUAACCGAUUUACGUUA,........(((.(((....))).)))..............(((.....(((((.(((((..(((....))).....)))))))))).....)))......,.......(((.((.(......).)).)))((((((((........((((..(((.....)))..)))).))))).)))(.(......))...........,100,"[(80, 90), (81, 89), (82, 88), (83, 87)]",-4.8
86,86,UUGUACUAUAAUGGUGAGGGUUCGGCACUAUGGCGUGUGUUCAGUUAAUAAAGGGUACUGUAAUUCCGCGUGGACGGCGCCUCUCGCAUGCUAUUUAAAG,.............((((((....(((.(((((.((.(.(((((((...........)))).))).)))))))....).))))))))).............,.............((((((((.(.(..(((((.((.(.(((((((...........)))).))).)))))))).).).))).))))).............,100,"[(23, 79), (20, 81), (24, 78), (26, 76)]",-13.4
87,87,ACGAUAGCUGAGUUCUCUUCCCUCAACGACCACGACAGUGAUUGAGAAUUCCGAUUUGCAGAUAGUGCACCUAAAAAUUUGAGCCUUGCUAAAGCUCAGC,......((((((((.......(((((....(((....))).)))))..........((((.....))))............(((...)))..)))))))),......((((((((.((.....((..(((.(((....))).))).)).....))..((((.....)))).......................)))))))),100,[],-12.9
88,88,GGCCGGUUCAGUAACGAGAUGCAUUCUUGUUCCAGAAUUUACGUGCUCAGAAACCAGGCCUUAUCUCCCCUAUCCUAGCGCGAUGCAUACCUGCAUCCAU,(((((((((((((((((((.....))))))).............)))..).)))).)))).....................((((((....))))))...,....(((((.(.(((((((.....))))))).).)))))...(((((..((.....((........))....))..)))))((((((....))))))...,100,"[(43, 54), (44, 53)]",-11.5
89,89,CUGGUAUAAACUCCACACGAAUGACCCUGUGAUCGGGUGUUAUCUACCCCGUUAUAUCAGGAAAUUUCCUCUGUUGUGUCUAGCUCCGGAAGCGUGGUGU,.........((.((((.((((....((((....((((.((.....))))))......))))....))).((((..((.....))..)))).).)))).)),.(((........)))((((......((((....((((.((.....))))))......))))...(((((...((((....))))...)))))))))....,100,"[(32, 55), (33, 54)]",-14.0
90,90,AACAUGUUGAUGGGGGUCAUUUCAGUGCUUCGCCUUUGCGCUUGUGGUCCAGGGCAGGAUAUCAAACGCUCAUACCCUCGAGAAUUGGAACACUCUUCCC,....(.((((.(((.........(((((.........))))).(((.(((......))))))............))))))).)...((((.....)))).,.....(((..(((((((.......(((...)))....(((.(((..((((......))))..))).)))....)))))))..))).((((.....)))).,100,[],-9.7
