sequence,s1,s2
UUCCACUAGCUUAACUCGAUCCAAUACUCACUUGGGCUCACUGAUAAUAGAGAAGGCGAGGGAGUGCGGCUGGGAGUGGAGGAAUCACAACCGGCCCAUC,.(((.((.((((..((((((((((.......))))).))..........))).)))).)))))(((.((((((..((((.....))))..))))))))).,..........................(((.(((.(.(((.(((....))).)).).).))))))((.((((((..((((.....))))..))))))))..
UCAGUGGGAUAGUUAUACAUCCACACGUGGCACCUAUACCUAUCAUAUAACAUCUCGAGGCAAGAUAAAAUACCCAACUGGGUGGGCGCCCCUUGACAAU,...(((((((........)))).)))(.(((.(((((.((...........((((.......)))).............))))))).))).)........,...(((.(((((.((((...(((....)))....)))).))))).)))......((((((...(......(((((....)))))..)...))))))....
GAUAUUAUGGUACCAUACUUUUGGGGUCUGCGAGUACCCGCCUUAGCCAUCCUUAUUUUCGGGGGUGUCUCCGGGCGAUUGAGAUUCCUUAAUACCUCUC,(((((((.((((...))))...(((((((.(((.....(((((.((.(((((((......))))))).))..))))).)))))))))).)))))..))..,........((((..........(((((((.(((...((((.....(((.(((........)))))).....))))...))))))))))....))))....
UUUUAGUUAGCCACGUCGCCGGUCGCGUAUAAGCCGGGUACCCGAGUACUAUAAAUCGCUUUAAUAUUUCGUUGCGAUCCUGCCGGCACCCGGGACAGGG,..........((.((..((((((.((......))..(((((....)))))....(((((..............)))))...))))))...))))......,((.((((.......((..(((((.........)))))..))......)))).))(((((..............)))))((((((((...))))..)))).
GCUCACUUUUAUUUAGUUACUCGGGUCCGGUCUGGUCCGUUGGCGGCGAUUCAGAUCGUGUGCGCCUUGGAGAACACCAUUGCUAAGGGUUAGUCUAUUA,(((.(((((((..........((((.((.....))))))...((((((((....))))).)))((..(((......)))..))))))))).)))......,.............(((..((((.(((..(((....((((..(((((((((....)))))...)))).))))....)))...)))..))))....)))...
GCUUUGGAUUUCCGGGCCAUUAACGCACCCCGUCUAGUAUCCCACUAUGGCAAGCUAACUUAAAGGUCUAGAAAGCCGAACCAGCUCCCGUCUAGACCGU,((((.((....))(((............)))(((((((.....)))).))))))).........((((((((....(......)......))))))))..,...((((.(((....((((...(((.....))).((((.....)))))))))))))))......((((((((.(((.......)))....))))))))..
UAAACGGCAGUUCUAAACUACUCGUAUUUCAUCACGCCAUUGAAGACCCAUUGAGUAACGACACCGCACGGCGCAUGGCGUCAGAGUAGCACUGCCUCGU,...((((((((......((((((..........((((((.((..(.((...((.((......))))...))).))))))))..)))))).))))))..)),.....((((((.(((...((((((....((.(((......))).)).....)))))).((....))...(((((...)))))....))).))))))....
GCAGCACUAACCCCUAUCCGGGGUCGUUUUAAUACUAUCGUACCGGCUUACUAAUCGACGAAAUAGCGAGGUAGCGAGACCCUGUUUCAGCGGCUCCAUU,...................(((((((((..((((...(((((((.(((................)))..)))).))).....))))..)))))))))...,((.((....(((((.....))))).((......))...((...))((.((((..(((.(......))))))))))(((((...))))).)).))......
GGAGCCAACUUUAUCCCCGACCCCGGUAUACGAUAGUUCAGCCGGCAUAAUGUGCGAAGAGUCUUAUCAUGUUCCCUUCAAGUACGCCCUGCGAUUUAAG,(((((...........(((....))).....(((..(((.((((......)).)))))..))).......)))))....((((.(((...)))))))...,(((..........)))(((....)))........(((((((..(((.....((((((((.(............).))))..)))))))))).))))....
CUUUCGGGGGAAGGUCGUCUUUGUAUGGGAGAGAAGGGAUGCAAAAGUGGGUCUAGAUAUGUAGGAGUUGAUAGGUAAUUCGUGACGCGUCGACUAUGGC,((((((.(.((((.....)))).).))))))...((.(((((..........(((......)))((((((.....)))))).....)))))..)).....,((((((.(.((((.....)))).).)))))).....((((.((....)).))))......((...(((((((..((........))..)))))))...))
AGCGGGGGAGUCGAGGCUGGGGAACUUCUUUGGAAACGUAUGUGAACUAAAAACAAGGAAUAGUCGUUAGACAAGGGGAGUACCAACCAUAUGCGCUUCG,..((((((((((........)..)))))))))(((.((((((((..((.......)).....(((....)))..((......))...)))))))).))).,.((......))(((((((((((.(((((((((..((((..(((...((.......))..)))..))))...)))))).))).))..))).....))))))
AUGCAGUGACCCUAACGGUAUAGCACCGAAUACAGUACGAGAUUCUAGAACGUGCAAAUUAGCGGGCUACGUGUUAUGAGUACGUAGGAGAUGUCGAGGA,.....(((.......((((.....))))..)))....(((.(((((...((((((..((..(((.....)))...))..)))))).)))).).)))....,..........(((..((((((..(.(((......(((((...........))))).......))).(((((((.......))))))))..))))))))).
CCACGCGAUCAGAGGAAAAUGCCGAUGUGAGUGAGAGGCUUGCCAGAUUUCGCCACGAACACUAUGCGCAACCUACAAGGUCUUCCCCCUCCGGCUGGUA,(((.((.....((((..((.(((..((((((((.(.(((............))).)...))))...))))........))).))...))))..)))))..,(((..((....((((.........((.((.(((((...))))))).))((((...))))...........((((...))))......))))))..)))..
UUAUCGUCCCCAAGACCGCACGAGUUAAAGGAUGUGUAAUCAAUUUCUAGCUAGAUCUGCUGAUCGCCUUGAAAAAUGGCCAUGGCAUCUUGCGCUUUUU,(((((((((..((..(.....)..))...))))).))))..........((.((((..(((.((.(((((....)).))).))))))))).)).......,...........((((.((((.(((((..((((..((....))..)))))))).((((....))))(((.((.........)).)))..).)))).)))).
UGGGUGGAUUUUUCAUCAGCGAACCUACUGCCAGACUGUUGAUUGGUUCCAUUCCGCAACGAUGACACACCGAUGCUAUUUUACAAUUCGAUUUUGCAGG,.(((((((......(((((((...............)))))))....)))).)))(((.((.((...)).)).)))....((.(((.......))).)).,(((.((......(((((.(((........(((((.(....).))))).......)))...)))))..))))).(((.(..((.......))..).)))..
AAUAGGGCAUGGCGAAAGUAGAGUUCCGAGAAGGAGUGACGCCCUGGAUUGUUGUCUAAUCGACUCGACCCUCAACAGUCCCAGUCGAUCUGUGGUACUC,...(((((.(.((...........(((.....))))).).)))))((((....)))).(((((((.(((........)))..)))))))...........,...(((((.........((....((((.....))))..)))))))(((((((((.....(((...)))....)))))))))...................
AGGUUAAAGGGUGGCGAGUGUGUUAAGGAGUGUGAGACUACUUCAUCAGUGCCCAAGAGCAUGUUACCGUGCUUCAUGUGGUGGGGUCCUGGAGGCACUG,................(((((.((.((((...........(((((((((((.....(((((((....)))))))))).)))))))))))).)).))))).,.........(((((((....((((..((...(((((.....))))).....))....)))))))))))(((((((....((......))..)))))))..
ACAACAAUUGUGAGCGAAGACUUAGGAAGUGAGAUCAGAAAUUGGAUAGUAUCACCUCUUAGCUGCAGCGGGACCCGAGGGCACCCGGUAACAUUGCCCC,....((....)).((((((..((((((.((((...................)))).))))))))..(.((((.((....))..)))).)....))))...,((((...))))..((..((.(.(((((.((((.(((........)))....)))).))))))))...))((..((....))..)).((((....))))..
ACCGAUUGACUAAGUAUAGUUCCUUCACCGUUAUUCUGAUCGCCGGAGAGUUUUACGCGUCAUUUCCCGCUCAAACCCGCUCAUUGCUGAACGUUGAAGA,.......(((((....))))).(((((.((((.........((.(((((.............))))).))........((.....))..)))).))))).,.......(((((....))))).(((((.(((........(((.(((.(((((((..(((........)))..)))...)))).))).)))))).))))).
AGACGUCCUUGGGCACUAUCAAGCGGCUUGAAGACCCUAGUGAUUGAAUCAAAGUGUUAGUCGUGUCUUCUUGGAGCCUGAGGAACGAGGGGGCGAACCA,...(((((((((((.(((.((((...))))(((((.....(((((((..(...)..))))))).)))))..))).))))))))).))..((......)).,...(((((((..(..((.(((...(((((((((((.(....((((((..(...)..))))))).))))))...))))))))))..)..))))))).....
CGACGUUUGCCAAGAUAUGUAAUAACAGUUUGCAGACUAGGCGUUCCCGGUGACAAGCCUCGGGGGUAGAUCAAGAGUGAUAUGAGGGAUGCUCGCAUCA,....((((((.(((...(((....))).)))))))))..(((.(((((((.(......))))))))..).)).....((((.((((.....)))).)))),....((((((...((..(((....)))..))))))))..(((((.(((..........(((..((.....))..)))........)))))))).......
GACGACGUCCUUCUGUGCGCCAGCUUUUCUAUGGAUUACACGGGCACCCCCUGAGGUAGGCCUAUGGACCCACAUUUGUCAGUAUAGCUACGUGUGAAGU,..((((((....((((((....((.......(((....((.((((.(..((...))..))))).))...))).....))..))))))..)))).))....,.((.((((....((((((....((...(((((((.((((.((((.....))))..))))..))))))).........))..))))))..)))))).....
ACGGUAUCGGGGCCCUCCAACCACCAAGCGGCAGGAUUGCCACGCUACGGUUGAUGGCGUUUAGUAGUUGAUACGUCAAGACGUCGAAACGCUCAGUAGC,........((.(((.((.((((....(((((((....))))..)))..)))))).))).)).(((.(((...((((....))))...)))))).......,..(((.....((........)))))..(.((((....)))).)(((((...((.((((((((....((....))....))))))))...))....)))))
ACCGGCAACCGGAACAAAGGUUACUAGGACCUACGUGAACAGACGGGUCAGUAGAUUCGAGACCAAAAACUAUUCUUUCCCCAUCCUACCCGAGUAAGUG,.((((...))))......(((..((.(((.((((.(((.(....)..))))))).))).)))))....(((((((................))))).)).,.((((...)))).....(((((.....)))))...........(((((..(.......((((...........)))).......)..)))))........
AGUUGCAAUAACCCGGCUAAGGCGCCCUUUGGGCCACAUGUUCAGAUGCUUGCGUAUUACGAGCAAUAAUGUAUUAAGGGUUGCCCGAAUGCUUCGUCUA,..............(((...(((((((((...((....(((((.(((((....)))))..))))).....))...))))).)))).....))).......,(((((........))))).(((((.(.(((((((.((.(.((..(((((((((.........))))....))))))).))).))))))).)...))))).
GGGCUCUUCCAAAAGGCGUUUCAUCACAACCAUUCGCUAAGUCCUAGAAAUCGUGUGACGGCUAUUAAUUUGUGAGCUACCAUUGACGUACUCCCAGGAA,(((....)))....((((................))))...((((......((((((..((((((......)).))))..)))..))).......)))).,(((......(((..(..((....((((((......(((..((((..(....)..).)))))).......))))))))..)..))).......))).....
GAAAGUCUAAUAGAAGAUACGCGCUACAUAUGGACUUACCCGGACCUGGAUGCUAGAUACUUCUAAAGCUAGCGCGCAAACUCGAGGAGGUGCUUCGCAA,....((((......))))..(((........(.((((.(((((...((..((((((............))))))..))...))).)))))).)..)))..,....((((......)))).(((((((.....((.(......)..)).....((((((....)))..))))))))))......(((((.....)))))...
AGGGGAGACAACUGCGGUUGAUGGAGGAACGCACCACACAAAGACCCCAUGGUUAUCCCCCCAGGGAUAAUUCACAUGUUCCCCGGCUCUUUAAAGUACG,.(((((.(((.....((((..(((.((......)).).))..))))....(((((((((....)))))))))....))))))))................,.(((((..((..((.((((..(((.((......)).).))..)))).))))....)))))((.((((((.......))).))).))..............
CUCUUGAAUCAUGGAUUGUCAGCCGCGCAAACUGGGAAGCGCGAUCUGUGGGUGUCUUCGACUUCCGCUCGAGCCACCUUACAAGAAAAUGAGAGAAGCC,(((((....((((((((((..((..(.((...)).)..))))))))))))((((.(((............))).))))............))))).....,(((((....((.....)).....(((((..........))))).((((((((((.(.(((((....).))))).)))).)))).))....))))).....
GGUUCGUGCCCUUUUCGGGUUGACACGAAACAGGUUCCGCGAUCAAGAAGACUCAGGUAUGUUCCUUACCGCGCACUGGUUGCACGCUUGAUAACCUCUA,(((((((((((.....)))....)))))..(((((...(((((((....(.(.(.((((.......))))).))..)))))))..)))))...)))....,.(.(((((.((((((((........))))).)))...))))).).(((....((((((.(((.((............))..))).)))))).....))).
GUAGGGCAUCCAAUUAGGACUAGGGAGUAAACGCGGCUUGGCCUGGUCGGAUCAAGCCAUAGCGCAAAAACUCGCCCUAGUGGGUCUAAUCUAACAACUC,.((((....((.((((((....(.((((....((.(((((((.((((...)))).)))).)))))....)))).))))))).)).....)))).......,.((((..((((.((((((....(.((((...((((((((((((.....)).)))))))...))).....)))).)))))))))))....)))).......
UACAUAUCUAGGUCGCAGCCAUUCCGCGACAAACAAGGUUAUUUAUUGUGGCAAAAAGACACUUUUGUGACGCAACAACUUGGAGCAUUACAUUCAGGAU,.((........(((((.........))))).......)).......(((.((((((......)))))).)))......((((((........))))))..,..........(((....)))..(((((.((((.............)))).)).(((((...)))))((((.((..((...))..)).)))).....))).
UGUCACGUUAUUCCCAACCACCUCUCCGAUAGGGUCUUUAUCGGCGCUCCGAACAUGGUCCAGGCUAGAGGGCUGGUUUAAACUUCGAGGGGCGUAGUUU,....((((....((((((((.(((((......((.((...((((....))))....)).))......))))).)))))..........))))))).....,..........................((((((.....))))))(((((((.........((((.((...)).))))............))))))).....
ACUACGAUUCCGUUCGGAUUGGAGCGCCACCCAAGAUAAAGUGAACACGCCGUCUGUUGGACGUAUAAGAAGGGAGGCUGAACGUAAGUUAACUCGCGAG,.....(..(((.(((..((....((((((....((((...(((....))).))))..))).)))))..))).)))..)....(((..........)))..,..((((..((((..((((.(((.(.(.(((..........)))..).).))))))).))))))))......(.(((....(((....)))..))).)...
UCCAGACGAUGUUUCAGAUAGGUUAAUGGGGAUCUAUUGCCAUGUACAGCCCUCGGAUCACGAUUUAUGAAUGGUGCCAUUAUUACCCUGUUCCCUUUCU,...............(((.(((..(((((((....((.(((((.........(((.....))).......)))))...)).....))))))).))).))),.......((....)).((((((.((((((((..(((((..............(((.....)))......)))))..)).)))))).))))))........
GUUAGCCAUUCGACUAUCCUCCCCGAGGUAUUCUCGCGGUCGAGUAAUCGUGGAGGCUGCGACCUACUGCAAUAUAUUAGCGUAUAUAAAGAACUGCGCG,...((((.(((((.((((..((.((((.....)))).))..)).)).))).)).))))(((......))).........(((((..........))))).,.......(((((((.......(.((((.....)))).))))))))...((((.((..((((......))))((((((....))))))......)).))))
AUACACUGCUGCCGUUUUACUUAGGCGUCCACACAGCAAUUCAAACUGCACAGCCUCGCGACUAAUACAUGCAGCCAGAGAUUACCUUCCUAAGGUUGUG,.....(((((((.((.(((.((((((.......(((.........)))....))))...)).))).))..)))).)))..((.(((((...))))).)).,......(((((((..........)))........))))..........((((((((.((..(........)..))....((......))...))))))))
AGGUGUUAUAAAAGUGCAGAGCCAAGUCACCGCCUUGCCGUCGCUUCCGCUAUGCCUCAAAAGCGGAAUAUCGAGCGAGCGAUUGUGAUUCGAAUGGUCG,.(((................))).((((((....(((((((((.(((((((.(......).)))))))...))).)).))))..))))))..........,...(((.........)))..((((((((((.(((((((((....(((((((.(......).)))))))...)).))))).).).))))))....))))..
UGCACCCAGGUGGCAUUGCUCAGACGUACGUCGCUAUUGAAUCGGUGAGAAAUAACUCUACUACUAGUCUACCGUAAUGGCAUUGGUUGUUUGGGAGCUG,(((((....)).)))...((((((((..((..(((((((...(((((((......)))............)))))))))))..))..)))))))).....,.((.((((((((((........(((....)))(((((((...((((.(((..((..........)).))))))))))))))....)))))))))).))..
UUUAUACCACUCAGUUUUUACGACCCUUUGGAAAUGGGCAGGGCGCACUAUAAUAGUUGAUCAGAAUUGAAAGGAUUGUUCAUCACCACGUCUCACUGUU,......(((.((((.............))))...)))((((((((......(((((((..(((....)))...)))))))........))))...)))).,..........((((((((..((((...(((....((.((...)).))...)))..))))...))))))))..((((.((.....))...)))).......
CCGAACCCUGCCAACCCGACGGAUCACGGGUCUCGUGGUGCGGUAAGUCAGUGGUGUCCGGUGUUCGGAUAACAUGACCGCAUGCCUCCGGAGCACAUAA,.((.((.((((..((....((.((((((.....)))))).))....))..)))).)).))(((((((((...((((....))))..)))).)))))....,..((((((((((........))..)).)))).))(((.(.(((...((((.((..(((((.....)))))..)))))).........))).).)))....
GCGCAGCAAUUGGGUUUCCCUUAUGAACACGGACAAAAUGUGUCCACUAUCUCCAUGUGAGCAAACACACCAGUGCGGCUGUUAUACAUCGGAUCCCAGU,........((((((.(((......)))...(((((.....)))))......((((((((((((..(.((....)).)..)))).))))).))).)))))),((...)).((((((..(((..(((((.((.(((((.....)))))..........((((......))))((.....)).)))))))....))).))))))
AGUGCAGCUAUGUUCACAUCCCUCCGGACAAUAGCGUUUAAUCAACGCUCGCAGAUCUGCAGGCUUUGCCAUGCACGGUUCAGGAUUGCGUUACUGUUUG,...((((...........(((....)))....((((((.....))))))(((((.((((..((((.(((...))).)))))))).)))))...))))...,......(((((((((..........)))).)))))........(((((((.(.(((((((((((...))).)))).)).)).)))..)))))........
ACCAUUACAAUUACAUGCACCCAGUAGGACGGCGAAGGUAGUCGGCAUCUCUUCAGCUAUCUGACCUCUUAAGGUAAAUGGAGAUUUAGCAUGGAGCGUC,.((((...((((.(((..(((...(((((.((...(((((((.((.......)).)))))))..))))))).)))..)))..))))....))))......,.............(((((..((....)).((((.......)))).....((((((..(((((.........)))))..))))))....))))).......
UAAAGCCUACCAUAGCACGUAGAAUGGCUCCGACUGCUGAUGGCACUAUUAAGAGAACAAGGGCCGCGUGCAAUCCAGGACUUGAGCUUAGGUGUGAUCU,.....(((......((((((.....(((((....((((...))))((....)).......))))))))))).....)))(((((....))))).......,.........((((((((.((.((.....))..))))))).)))(((..(((((....((((..((............)).))))..)))))..)))....
GCAAUAAGAAUUUAUAGAUCCUAGUGUGGAGUGGCGACGAUACACUCUCAGAAUCGCACUUGGGUAGUGCCCGAACAACCUGCAGUCGUAUGAGUCAUCA,.......((((((((((((..(((.((((((((.........))))))...........((((((...))))))...)))))..))).)))))))..)).,......................((((((..((....))..))))))((((....((.((((((((...)))))).((...))..))))..))))......
CUGUACCAAUUUAGCGAGCGAACUCCCGGGAGUGUUCCAGGCGUAGUUAAUGGCAGAAACCAUUGGUUGGAUGCCCCCGCAGGCACACGGUUUUGACUGU,(((.((((((((.((.(...(((((((.(((....))).)).).))))..).)).))....))))))))).((((......)))).(((((....))))),....(((......((..((((((((((.(((....))).)).).))))...((((..((((...))))...))))..)))..))....))).........
AAACACGGCCGUUGGGCUAAUGUCGGUGCGCCCCGAGUAAGUGAUCGGCCCCUUUGACGGCAGUGAUGAAUUCGUUUUAGAGUGGAUUAAUGGGUGUGCA,......(((((....(((....((((......))))...)))...)))))((.(((((.((..(((((....))..)))..)).).)))).)).......,......((((....)))).......(((((((((((........)))(((........)))..((((..((((......))))..))))..)))))))).
UUAAAGGCAAAAAGUCGACUCACGUUCUGCUCAAAAGUAGCUCUGAUCAAUCGGAGGAUCAAUGCUAACCAAUGCGUCCGCUCUGGGUACGUCAAGAUAU,.....((((.......(((....)))(((((....)))))((((((....))))))......)))).......((((((......)).))))........,.....(((.....)))..((.((((...(((....)))(((..(((((........)))))..)))..(((..((....))..)))..))))..))....
UGACUGGAAACGGCUGUAUACAACUGCAUUGGAGGUCCGCGACAUGCCGUAUGUAUAACUUAGACUUUCUCUGUGGAUGCGGCGACGUGCUAAUAAAUCA,....(((..((((((((((....(((((..(((((((......((((.....))))......)))))))..))))))))))))..))).)))........,.((((.......((.((.....)).))......))))((((...((((((((.((((....(((...))).)))).)))))))).))))...........
AAACAAUUCUUAAAAUUGUAGGGUACGCAAACCAGGACGUCCUGUGACUUUUCAGUUCGCAAUUAGUUCUAUGCAAAUGCCUGAAAUCGGCGCCCCCUCA,................((.((((..(((....((((((....(((((((....))).))))....))............))))......)))..)))))),..((((((.....))))))((((..(((....((((....))))(((..((((((...(((................)))))))))))))))..))))..
GUUUGGGCCGUAGUACGGUUACAGGGUUCAGGAUUGUUCCCGCGACGCGGUCGAUUAUAAGGCCACCGGCGUUCCGCUAUAUGUAGUACGAUAGCGGUGG,...(.((((((.((.(((..((((.........))))..)))..)))))))).)....((.(((...))).))(((((((.(((...))))))))))...,.....((((((...))))))...(((..((....))..)))..(((((((((........))))....)))))(((((((.(((...))))))))))...
UACUUUUGCAAACUCCUCAAGGCAUGCGGUGGCGUUUUCUCAGGAAGUCUUUACCUCGUUCAUCUAAUGAAUCCAACACAAACGGUCGGCAUCAUAUGUU,....................((((((.((((.((........(...((.........((((((...)))))).....))...)...)).)))).)))))),...........((((((..(((.((((....))))..))).)))).))..................((((..((.((.(....))).))..)))).....
ACACGAUUUUAACGAAGUUGAACGUGCGGAUAUGGGGCAUUGGCUGCUGUGCUGCUUAUAACCUAGUCGACGUGCUCAAACCAAUCCCGAUCGUAAUCUG,..((((((.........((((((((..((.(((((.((...(((......)))))))))).))......))))..)))).........))))))......,.((((..((((((...))))))))))(((((((.(((.(((((..(((((.(.(((........))).)))).)).....)))))))).))....)))))
UGGAGGGCGGAUAAUAGCCUGUCAUUCGUAGGCUUAACCGUCCUUUCGGGCACGUGGCACCCAAGAGAACGUUAUCGCCAUCUAUUGGCGUGUGUAGGAA,.(((((((((.((..((((((.(....))))))))).))))))))).(((.........))).........(((((((((.....)))))...))))...,((((((((((.((..((((((.(....))))))))).))))))).)))....(...((((((((.(((..((....))..))).)))).))))...)...
GCAGUUUUGUGACCAGUAUAGCUCAUGCCGUUUUGCAACGCACCGAUGACUAAAGAUUGAGUAUGCCAGCUAGGACUAACGCCUUUGGACGUCUAAAGGU,..(((((((.(.(..((((.(((((..(..((...((.((...)).))...)).)..)))))))))..)))))))))...((((((((....)))))))),((.(((....)))..)).(((((((((((((((((((.((...)).)).).))))..)).)))))..)))))........((((((((....))))))))
GGCUCAGUCGACGCUGCACCGCCUAGACCCGAUCGCUAAGAAGGAAAACAGUCAGAUGACCGAGUAUUCGAACGCUGCCGUAUCUCUCGCAUAUAACACA,(((.((((....))))....))).....((..((.....)).))......(((....)))((((....((........)).....))))...........,((..((((....))))..))..............((..(((.((...((.(.(((.((..(((....)))..))))).))).))))).))..........
AUGUGAACAUUCAUAGGUAGGCGGCCACUGUUGUUCGGAUGCUCACCCCGGCUUUGCAUUACUUGACGGGAUAUAACGCGUACGGGCUGGCAAUACGAGC,.(((((....)))))(((.(....).)))...(((((..((((...((((....(((.(((..(......)..))).)))..))))..))))...))))),.(((((....)))))(((.((((.((((....))..)).)))).))).((...((((....(((((((.(......).))).))))...))))..))...
UGAUCUAUGAUUACUUUUGGACCGCCCCGACCCGUGGAAAACGAUACCGAUCUUUAUGCAAUUUGCGAGUGCUAUGGCGUUGGGAUAAGUUUUGUACAGA,(((((...))))).....((((...((((((((((((....((....))........(((...))).....)))))).))))))....))))........,(((((...)))))...((((......))))...(((.(((((....(((((((....(((.........)))...)).))))).....))))).)))...
AUGUAUCCAAAAGAAGCAUUUUACGGAAAACUGUAGCCGAUGGAGCAACGCGCAGGACUUAACUCCGCCCAAGAGCGAUGCAUCGCGACCCAUCCCGCUC,((((.((.....)).))))..(((((....)))))((.(((((.(((.(((...(((......)))........))).)))........)))))..))..,(((((((..............(((((....)))))(((..(((.((...(.(.((.......))))))))).).))))))))).(((........)))..
GGGUCUACUGUCCACCGACUCCGGCGUGGCCCCAACUUGUGGAAGCUUACUUCAGCAAAGAUAGUCUAAUUCCGAAAAUUGGACAGUGUUACCCGCGUCG,((((.((((((((((((....)))..((....)).....(((((....(((((......)).)))....))))).....)))))))))..))))......,((((.(((((((((.......(((...(((......((((.((((....)))).)))).....))).....))).....)))))))))..))))......
ACCGCUAGCAUCUCUCUUUCUAAGAUUCCGUUGCAACUUCCCAGGCUCUUUUAUGCUCGGAAACCGCAGUCUGCAUCUUAAACGACGCGUACGCGAGUUG,..(((((((.((.....((.((((((.(.(((((...((((..(((........))).))))...)))).).).)))))))).)).)).)).))).....,...((.........((((...)))).......))....(((..(((........))).)))((((((.((.(((.((......)).))).))))).))).
GGAAAAUCCAGAAGGAUGAAGUAUAGUCCAGUGUAUCACCGUGAGAAGACGCCAAUCCCGGGGCGUAAUCAUGCACAUCAUCGUUCCAUACGAUCUGCGG,(((...)))....((((........)))).(((......(((((....(((((........)))))..))))))))...(((((.....)))))......,(((...))).(((.(((((.((........(((...))).(((.((..(((((........)))))..)).))))).))))).)))..............
CGAUUCGUAUGUAAAAAUACCGAAUCGAGUACAGCUGGCAAUAUCUGCAGAAAUGGUGAGCGCCUCUUAAAGGUAGGAUCUUCCUCAGCAAUGACUGGCC,((((((((((......)))).))))))(((...)))(((......(((.((...((.(((..(((((....)).)))..))))))).))).......))),((((((((((......))).)))))))......(((.((....((....))....)).)))(((........((((((...))))..)).......))).
GAGCAAUAUAGCCGCCUCUUGAAAAUCCACCGGGUAUUAGCACGUCUAUGGAUUAUUUUGUGAUUGGCGGAGCUUUUUUCAUCGACUGGCGCCUUGCACC,..((((....((((.....(((((((((.((((.(((......(((....)))......))).)))).)))....)))))).....))))...))))...,(((........(((((..((((.((((((..(.((......)).)...)))))).))....))..))))).......))).......((.((...)).))
AUGCUCUUGGUAGCGUGGCCACCCGGAUUCAGAUUCUACCCAUCCCUCUGUAGAAAUCACUGACGGACCCCGGAACAUGGGACGUAGGGACCUAACGGAC,....(((.(((.((...)).))).)))....((((((((..........)))))).)).((.(((..(((........))).)))..)).((....))..,.((.(((.(((.((...)).))).)))..))...............(((((((...((.((.(((...((((.....)))).))))).)).)).))))).
UAUGGGAUUGUACCGGGGUCAAGUGUUGGGGAUCGUACCGGUCGGCUGAUGCGGGAGUGGAUGAGUGACAGUUGGAUAUCAGGGCCAGUGAUCCGAAGAG,....((......)).((((((.((.((((..(((..((..((((.((.((.((....)).)).)))))).))..))).)))).))...))))))......,..(.((((((..((.(((((((.((((.....((((.(((.((.((....))..)).)))))))..)))).)).))).)).))..))...)))).)....
GUCUCCUGGCCCCGACUUUGGGAGGGAAGGAACAGGUGCUGGGCGUAGGCCCUCACAUAACAUGGCGAGUAUAUUUUAUAAACCAUCUCAAGCACGGUGU,...((((..((((.......)).))..))))....(((((((((....))))................(((.....)))...........))))).....,...((((...((((....)))).))))....((..(((((((((....)))).........((((.(((.....))).....))))....))))).))..
UUCUAAGUCACAACUCUGUUUGUGGGGCUGGCCCCUUGCCGAUAGACUUCUAGGAGUUAAUUGGGUGACGUGACUUCAUUCAGUGUGGAUUGGCAGGCGC,....(((((((............((((....))))...(((((.(((((....))))).))))).....)))))))......((.((......)).))..,.......((((((......)))))).........(((((((((..(((....(((((((..((.....)))))))))....)))....)))))))))...
GACAAGUCGGAAAAGUCGCUAGGGAGACAAUUGUUAGAGGUUACUACUGGAUGUUGGUUAAAUACGCAUAACCUGCGGUUCCUCGCGUAGAGCAAGUUUC,((((((((.................)))..))))).((((..(((.(.((.(((((........)).))).)).).))).))))((.....)).......,...........(((.(.(((.(.(((..((((((...((((((....((..((((.....))))..)))))))))))))).))).)....))).).))).
CGCGGAACCCCGUAUCCAUCCAGGUCCCAGUGACAUUAUCUGAACUUCGUAAGCGCGUAACUAAGGCUCGGAACCCCAUAUCUCUUUGUGCUAGAGUUAA,.((((....)))).......(((((............))))).....(((....)))(((((..(((.((((............)))).)))..))))).,.((((....)))).....(((.((((..(((.((.......(..(((...)))..))).)))..)))).))).........((((.......))))....
GCGGGAUUAGCUAGCGCGGAACGGAAUGCAGAGAAAAGUUUCUUACUCAGUCAGUCACUCUCAGUUAGGUGUUUCAAAUAUAACACCUCCCUGUCUUGGA,(((((...((((.(.(.(..((.((.....(((((....)))))......)).))..).).)))))(((((((........))))))).)))))......,.((((((..((....))(((((...............)))))..(((.((.........)).))).(((((((........)))))))....))))))..
UCUCGCCAAUUGAUCAUAAUUCGGUGCGAUGGGGUCUUCAGGAUGUUAGAUCCUGUGUUGUCUGGGCGGAAAUGAUAAAGAUGAUCGCUUAUUAUCUAGG,..(((((.(((((.......)))))((((((((((((..........)))))))..)))))...))))).........(((((((.....)))))))...,............(((((..(((.((.((((((.(....((((((.....))))))).))))).).)).))))))))..(((((((.....)))))))...
CAACGUAGUUGCUUAUGCGUUGCGUUACGGCAAUCCAAGGAGCCGACCUACUGUCAGUUCGAGGCCAGCGGGGUCGCGCGUGUUCGAGCGUUGGCCGACA,....((((((((((.((.(((((......))))).))..)))).))).))).....(((...((((((((...(((........))).))))))))))).,(((((((........)))))))((((..(((..((....((((.(((.....))).)))))).))))))).((((((((........))).)))))....
CAGCGAACCGGAGCAAUGCAGUCAAACAUGGGGCUUUUUUUGCAAAGCAGUUCCAUAGGCAUAGGGUAGUCGGAGCUAUGGGGGAUCCUGAUGGGUGUGU,......(((...((...)).......(((.(((((((......))))...((((((((.....((....))....))))))))...))).))))))....,.......((((..(.((((........((((((((((((....)))).))))))))..))))..)....))))(.((((.(((...))).)))).)....
AAUCACUGAGAAUGUCGGGUUGGAUAGUGACUGUGGCGCCGCGAGAGAGCGAUAGAGUCGCAUUGGAUGGUGUACUUCCUAACACUAGAGUCCACCCUCA,......(((.......((((.((((.((((((.((.((((......).))).)).))))))......((((((........))))))..))))))))))),................((((.((((((((...((.((((((....((.(((((...))))).))...)))))))).......)))))...)))))))...
AUUAUAGAGCAGGCAUGCCGGGUUCGUCGUCAGUUCCCUAAUAUGCUUGUAGGCAUGGGAGCUUUAGCUGCACACGGAGGCCUGGGAGUAACAGCAAACU,.((((....(((((...(((.((..((.((.(((((((....(((((....))))))))))))...)).)))).)))..)))))...)))).........,........((.(...(.(((((.((.((((.(((((((....(((((....))))))))))))..........)))).))))))).)....).)).....
AAUAAACUGUCCAUAUGGCAAGAAGACACUGUUCCUCGGGGCGCCCGCAUUACGCAUAGGGUAACUACGAGUCCCAAUGCCACGAAGGUUGGCCUGCAGG,......(((((((..(((((.((........)).((((((..((((((.....))...))))..)).))))......))))).......)))...)))).,.......((((.............)))).....(((((((.((((........((((.(((..(((...)))))).))))......))).).)))).)))
UUUGAGCAGUUUGUCGUAUGAUAAAUGUAAUAUUCCCGGAAUCCAAGACGUGUUUUUGCGUUGUCAAACCAAUCAUAGGUAACUUAAAGAGCCAACUCAC,.(((..((.((((((....))))))))))).......((.......((((((....))))))......)).......(((..........))).......,..................((((((.(((((....(.((..........)).)...))))))))))).(((.......)))........(((....)))..
AGGGUUGUUGUCUCAUACAUACGGAUUGUAAAUAAUCGAGUUUGGUGUCGCGUGUAACACCCUUAAGUGUAGCCGGGACUGGCACUUGGUGUCGCCUCAU,((((.(((((......((((.....(((........))).....))))......)))))))))...(((..((((((.......))))))..))).....,.((((................((((((...........))))))..(((.((.((.((((......)))).)))).))).(((((...)))))))))...
AUACUAAGGAUGGCCUGAGGGGUGCAGGUUAAUAAUAAAUUAUCUCACAGAAGUGUCAGGGGUAGAGCAGACUUAAUUUAGGUUUCGAUUUGCUAAUCUC,.......((((..(((((...(((.((((.(((.....)))))))))).......)))))((((((.((((((((...))))))).).)))))).)))).,......(((....)))((((...(((((((..........(((((((((....)))..))))))....(((((((...))))))).)))))))...))))
GGUAACGAAGCCUAAAGUACCCGGCCCAAGUUGCGGUUGAGUUUGAUGUAGGAUUUGAAAAGACCUGUGAGAUAAAACCGCCGCAAACUGGUGAAAUCCC,((((.(..........)))))..(((....((((((.((.((((.((.((((...........)))...).)).))))))))))))...)))........,......((.(((..........)))(((.(((((((((..((((.((..(((.(((....)))))))).))))..))))))....)))))).....))..
AUAACUGACCGCUGGUUACGAAGAGGAGUCUGGAGCAAUGAAACUCCCUCCAAGUAAAUACGGCUUGAUUGACCAUCGGCCUAGAUCGGGUCCCGUGGUG,.......(((((.((((((...(((((((.............))).))))...))))....(((((((((..((...))....)))))))))))))))).,.......(((((.((...(((...((((...((((........))))))))..........(((.((((.....)))))))....)))...)).))))).
UGUGGUGGUGCUUUGAGUAAUCGAAAACUACUUAUUGGGAAGGGGACUGCUACCAAGAUUCCUAUCGGCAUGGGAUACCUCUGGUAGAUUAUGAUAACAG,...((((((..(((((....))))).))))))...((..(..(......((((((.((.((((((....))))))....))))))))....)..)..)).,.((((((((.(((((((((.........)))))).......))).))))))))........(((((((...((....)).))))))).............
AGCGGAGGAUGGGGCAUUAUCGGGAGUCUGUACGAUUUGACGAACACUUGUGAUCUGAGCUGACGUUACAAGCGGUAUUACCGUUUAGGCGGACCGGUAU,.((..........))..((((((..(((((.(((...(((....(.(((((((((......))..))))))).)...))).))).)))))...)))))).,((((..((....((....((((.((((.(((........)))...)))).))))))...))..))))...(.((((....((((....)))))))).)..
CUUUAAGCUGCAGUGCGCAAAGAAUGGCUCAUUUUAGGGAUGAGCUCCGUGCAUCUUGCGAUUCUUCCGGUGGAUUUCCGAUAUAGAAGCGCGUAAACGA,............((((((...((...((((((((...)))))))))).))))))..((((.((((..(((.......)))....)))).)))).......,((((..((......))..))))...(((((((((...))))))))).(((((.(((((((.....(((...)))....)).)).))).))))).......
CAAGUAGCUUGUUGAGGCCAAUUAAGUCCCGUAACGGUACCCCUCGAGCCAUACUUACCUUCCGUAGCAUUAAUAAAUUACAGAACGAGUCUCCAUCCAA,...((.(((((...(((........((.(((...))).)).)))))))).))((((...(((.(((..(((....)))))).))).))))..........,......(((((((..(....(((((....((....((((................))))...)).....)))))......)..)))))))..........
GGCAAUAGACAGCCGGCGAGUCGUAGCUAUCGGAGCCAUCAAAGGGCAGUUUCAUUCCCCUGAUCGACUUGGUUGCAGACCUCCUAACAUAUUCGGGGAA,(((........)))((.(.((((((((((((((.....(((..(((...........))))))))))..))))))).)))).))................,(((........))).....(((((((((....((((.((((..(((.(......).))).)))).).))))))))).))).((((..........)))).
CUAGUGUGGCUUAGUCCCGAACCGCGCGAUGCGUAACGACUUACGGCGGUUUCGACUAUGCUUGGGCACCGGGAGAGUCCACGUCCCACUCUGCUUUAGG,((((.(((((.(((((..(((((((.((.((.((....)).)))))))).)))))))).)))((((.((..(((...)))..))))))....)).)))).,...(((((((.(((((..(((((((....................))))))).))))).)))...)))).((.(((((.........))))).)).....
GUCGCAUUAGGCUGUUGGUACUUUGUUCUAAACCAUGCCUUCACGGCGGUAUUGACGGUGAUCUAGGAUCGGUUUCGAGGGCGUGGCGUGGUCGCAACUA,(((......))).((((..............((((((((......(((.(.((((.(.(((((...))))).).)))).).)))))))))))..))))..,(((......))).((((..(((.((.......((((((((((..(.((((.(((.........))).)))).)...)))))))))))).)))..))))..
GUCUGCGGGUUGUAUUCUAUCAUGUGGAAAAAAGCCGGCCCUACCGGACGGUGAAAUAGGGCGGUCUAUAUCGUUCCAGUGCAUAAUAACAUACGGUUAU,(((((.((((((..((((((...))))))......))))))...))))).(((.....(((((((....))))))).....))).(((((.....))))),....((.((((...((((((...))))))...)))).))..(((.(((((((...(((((....))))))))))))..)))....(((((.....)))))
UGACAGAUCAGGAGGAAGCAGGACUUGCUCUUGCGUGGUCGAGUGAGAAGCCCCCUUUCCCUGUUACGGUCGGCCUCAGCUGGUCCUGUGCGCUUAGACA,.(((....((((.(((((..((.(((.(((...((....))...)))))).)).))))))))).....)))((((......)).))(((........))),.......((..(((...((((((((.(((.....(.((((((.((...(((...........))).)).)))))).)))).))))))))...))).))..
CGGGGUCAGCCGUGGUACAAGGAAGUACCUCAACUUUGGGUUUACGCCUGACAACGUUCAGGCUCCUCCAAUCCGAACACAACUUCAAUGGUCCCGCCUG,((..(((((.(((((...........((((.......))))))))).)))))..))..(((((....(((..................)))....))))),.((((...((((((((((......))))).....((((((((...((((((......))))))......))))))))..........))))).)).))..
GCGCAUGAUCCCUCAAUUUGGGGCACGGGUGUUAUUGCUGCCGCGACAAGGGCCCAGACCCACGUUCCAUAAUCUAGGCAAUGACAAGGCAGGGUGCUAU,((((.((...(((((...)))))..)).))))...(.(((((.......(((......))).((((((........)).))))....))))).)......,((((......(((.....((((....((((.((.((((....))))..)).))))...))))((((((........)).))))...)))....))))...
UACCCAAUUGUGACUGCCAAUUCUCGGAGUGCCGUUACGGAAUUCCCGCAAUCGCCGGUCCUAGGAUUGUCAUUUGCGACCGGCACGUUUCGGAUCGGCG,......((((((.............(((((..(......).)))))))))))(((((((((......((((..........))))......))))))))),...............(((.((..(((((((((((....((....))(((((..(.(((((....))))).)..)))))..))))))..))))))).))).
CCGGUGAGAACGCGUCCCACCCAAGCUACUCAUUACACUACAAAGAAUCAAAUCGACCAAUCCCGAUCUACUGGACGGGACCGACCCUCGGACUUUUGUU,..((((((...((...........))..)))))).....((((((...............(((((.(((...))))))))((((...))))..)))))).,((((.(.(..((.(((((..(((............................((((........))))....)))..)))))))..)))))).........
UCUUUGGGGUACGCCGUUUAUUCUUUGGCUUACAGCAUAAGGGGAAGCCGGCCGGAUAAGUUGGUAAGUGUGGUGCGGUCUCUAAUUAUACAUGAGCAGU,...((((((..(((...((((.((((((((..(.........)..)))))(((((.....)))))))).)))).)))..))))))...............,............(((((((.(((((..(((...)))..))))).))).)))).......(((.((..(((((((..........))))))))).)))...
GCAUUUCCACGGUGCACCAAAUCUUUUGACCUUGCGUAGCAGUCAAAGUGGGCAGAACCACUGUGUUAGGAGGGAAACGCGACCGUCAAUUUAGGAUAAA,((.(((((.(...((((........(((((..(((...))))))))(((((......)))))))))...)..))))).))..((.........)).....,(((((.....))))).....((((((((((.((((((..(..((..(((((......))))).......))..)..))))))..)))))...)))))...
UAUCGUAACUAGUCGAAUGAGAGUCGUACACCCUGUCAUUCAGUGGCAGAUAGUGCCGUGAACGGUAGCUCGUCUCUCCUAGUCAACAUAAAACUUCUAA,.......(((((......(((((.((..(...(((((((...)))))))....(((((....))))))..)).)))))))))).................,.......(((((..(((((((..((((.(((.(((.....))).((((.....))))))).))))...))))).))..))))).................
UAGGAAAAAGUCCCUCAACCGCAAGUCAAAGUUUGAAGGAUAAGGUAGUACUCCGUUUAUCGACAGCUAAGCGGAUCGUUCAUCCGCUAUCCGCUCAGGG,...........((((.(((...........))).((.(((((.((....((((((((((.(....).))))))))..))....))..)))))..)))))),.........((((.((((..((........)))))).))))..(((((........))))).....((.(((((((.((......)).))))))).))..
