sequence,s1,s2,sE_500,sE_5000
AACCAGGGGAUAAACUGUAGAGGGUUCUCGGGUAGACCCCAGAAGUUCUGGUCUAAGUCUAGAUAAAAGG,.(((.((((....(((......))))))).)))...((.((((...))))(((((....)))))....)),..((.((((((...((....)).)))))).))(((((..(((.....))))))))...............,-6.8,-6.8
UGGUCGGUCCUUAACCUAGACCUAGUACUUUUGACGUAGCCUGCUUUUAAACUUACAACUCAUGUUCAAC,(((((((........)).)))).).....(..(((((........................)))))..).,.((((((.......))..))))..(((..((((....((....))..))))..))).((....)).....,1.2,1.2
AUCCUGUUCCCCAUACGGGUCCAACUCGAACAUGAACUACGUCUGACCUAUGCGCGGUGCCUUCGUCCUG,.((.((((((((....)))........))))).))(((.(((.........))).)))............,.((.(((((.......((((...))))))))).))...(((...((((.......))).)...)))....,-2.9,-2.9
UUCGCUUAUCAAUCUUGGGACUUGAACAAGGGUCGGGGGUAGGGUUUAUUCCAGGGAAAUCCAUUCUGCU,...........(((((..(((((......))))).))))).((((((.((....))))))))........,...........(((((.((.(((.....))).)).)))))(((((..((.........))..)))))...,-1.8,-1.8
CGGCCUUAAUCCCCAACAGAAAACCUUCACGAGUGGGGUCGGUUUCGCAAUUCCUUGCGUGAGAGCCGAG,..........(((((...(..........)...)))))(((((((((((......))))...))))))).,(((((((...((((.((.(((....)))....)))))).......((((......)))).))).))))..,-7.6,-7.6
GGUAUGCUGCCUAUAAAGUAAGUGCACUGAUCUACAAGCAUAAGCGGGACGCUUCGUGAGUACAUUCAGA,....((((((.......)))...)))((((..(((...((((((((...))))).))).)))...)))).,.(((((((........)))..)))).((((..(((..((..(((((...))))).))..)))...)))).,-6.0,-6.0
UCGAUGUUCGGCGUCUUACAGGGUUGUCUCUCGGCCGGCCCUCAACAACCUGUUGGCUGCGUCUCUCUCG,..((((..(((((.....)(((((((((....))).))))))(((((...))))))))))))).......,.(((.....(((((.....(((((((((....)).)))))))((((.....))))...)))))....))),-8.4,-8.4
GUCGAUGGCGAACGCGAUGUGGUGUAACCGAUUUACGUUAUUGUACUAUAAUGGUGAGGGUUCGGCACUA,(((((..((...(((.(((((((((((.((.....))...))))))))).)).)))...)))))))....,(((((...(..((.(..(((((((.(((........)))....)))))))..)))..)...)))))....,-8.4,-8.4
ACACGAUUCAGGGCGAAUCUAGAGCGGUUGUUCAGUGCGUGCUUUUACACAUCUCAGAUAGUGAAGACCG,....(((((.....)))))..((((....))))....((.((((...((((((...))).)))))).))),.((((((((.....)))))..((((....)))).))).(..(.(((((............)))))).)..,-4.0,-4.0
UUGUCGAGUACCCUUACUUGCGUAUAACUGUAUGCGUCGGACGGAUUGCGCUACGGACACCAUGAAUAUG,.......((((.(......).))))..(((((.(((.((.......))))))))))..............,..((.(((((....)))))))......(((((((((((.....))).))).)))))....((......)),-4.2,-4.2
GGUAUGCUGCCUAUAAAGUAAGUGCACUGAUCUACAAGCAUAAGCGGGACGCUUCGUGAGUACAUUCAGA,((((...))))...............((((..(((...((((((((...))))).))).)))...)))).,.(((((((........)))..)))).(((((.(((..((...((((...))))..))..))).).)))).,-6.1,-6.1

