sequence,s1,s2,sE_500,sE_5000,sE_50000
UAGCGCUUAGAUUAUUUAUCGCUGCCUGGCGGCGAAACUUAGGCGGGUCAGUCGCCGUACGAACACACGAGAGACCAUCCCUCAUUAGGGUUUCGAUGUUGACAGGUCCAAGAAUAUCUCAAACGUAAAAGUGAGUACCAUCCGAUAGUCUACGUGGUGCUUUAAUCAAACACCUAACGGAUCAUCGUACGCCGUCAGCA,.((((..(((.....))).))))(.((((((((........((((.......))))((((((..((((((......(.((((....)))).)))).))).....(((((.(((...)))...........(((((((((((............)))))))).........))).....))))).))))))))))))))).,.((((..((((...)))).))))((.(((((((........((..((((..(((..((......)).)))..))))..))((((((...(((..((((((............))))))...))).....)))))).......((((.((((....((((...........))))....)))).))))...))))))))).,-32.1,-32.1,-32.1
UGACUGUUAAUUGGAGCUUUGCAGAAUUGAAUAAAACGUUCACCAGCCAGUUUUAGUAGGAAGCAUGCCAUACCAUGCCGCAAGCAUUCCUGGUGGCCGCGGUUCAAACAUAGAGAACGCGAGUCGACCGCUAUCUAACAACGAAGAGAUAUUGAGUCGGCUGCGGAAUGGUGAUGAGGACCAAAUUACAGUAGGUCCUU,...........(((.((((((((((((((..................))))))).))..)))))...))).(((((.((((.(((.....((((((((((.((((.........))))))).))).)))).................(((.....))).))))))).)))))...(((((((...........))))))),....((((.(((............)))..))))......((((((((((.(......(((((((.((((.......)..))).)).)))))).))))(...((....))...)....(((.(((((((((.(((((..........))))).)).))))))))))...))))))..((((((.(.......).)))))).,-30.47,-30.47,-30.47
UCGUAGGGGGCAUGAAUGAAGGACCCCCCGUGCAUUUCGGAAAUCGCGUUGGUUGAAUUCCACAAACCUCGUAGCUCCGCCCCAGUCGACAGUCACCUGCAGAGGUUAUCUCAGUCCAUACUAUCACUACGCCACCAGAUCAUUUCUCCUUAUCCCGCCAACCUGGCCCGGUAUUCUGGAUGUCAAGGUCUUGACCACAC,.((((((((((..((((((.((.....)).).)))).)(((...((((..((((..........)))).))).).))))))))....((.(((.(...((.((((...)))).))...)))).)).))))).....(((.....))).........(((.....)))((((....)))).((((((....))))).)...,.(((((((((((((.(((..((....))))).)))...(((....(((..((((..........)))).)))...))))))))(((.(((.((.((((....)))).))....)))...)))....))))).((..(((((...(.(((..((.((((((...))))..)).))...))).)....))))))).......,-31.2,-31.5,-31.5
GCAGGUGCUCGCAGGCUUGGUUGCGACGACCGGGCACCUGGAAAAUGGAGAUAAGUUGCCCCCAUGGCCUAGAACGACAACGUAUCCCCUGAAUUGCCAAGCAACCGAAUUACUUAUCUUCCCAUCGCUUAUGGUGAUAUUCAAGCGACAGAUGGCGGCAGAUCUUCGGGACCCUUAGUCGCAUGGCGUCAGUAGCGGGG,.((((((((((.....(((....)))....))))))))))....((((.............))))....................(((((((..(((((.((..(((((......((((((((((((((..(((......))))))))....))).)).)))).)))))(((.....))))).)))))))))....))).,.((((((((((...(.(((....))))...))))))))))......((((((((((.(((.....))).........................((((...)))).......))))))))))((..((((.((..((((..(((.(((((.((.((.....(....).....)).)).))))).))).)))))))))).)),-30.1,-30.6,-30.6
AUGAACUUUCGUCCGAUCCCUGGAAAGGAGAUUGCUAGGGCCUAGAUCCACACAGACUAGACUGGCCGUUGGAUGAUAAAGGUUGCUGAUCUCAGAGUAAGCGUAACACCCGUAUACGACUAGUUCAAUGUUUUAGCUAAAGGAUCAGCCGGAUGCCAGUCCAUAGCUCAUUGGUUUCGGUGUGUGUGUCUUAGGAUUCU,((((....)))).....((((((.((.....)).))))))(((((((.((((((.....((((((.((((((.((.((..(.(((((........))))).).)).)).)))...))).))))))(((((....(((((..((((..((.....))..)))).)))))))))).......)))))).)))).))).....,.....((((.((..(((((((....))).)))))).))))((.(((..((((((.(((((((((((...(((((..........((((((((.((...(((((((((...((....))....)))..))))))...))...)))))))).........)))))..)))....))))).))).)))))))))..)).....,-27.7,-29.6,-30.7
GUGCAAGGUACUCCGAUGAGUUUGAUUGGUGCGUAUGAUUUAAAAUGGGAUACUAGGUAACCUAAGUUGUAUAAAAGCCAUGUCACGCACACACAACGUGGAUAAAGCACGGUGGGCUAGUUGCUUCCAAAAGCGUUGCGGCAUUUCCGAUGCGCAACCAAUCGUCCCACUCGCUGGCGCGCACGCUACUGCUCGAUCAG,((((...))))..........((((((((((((..((((.....((((...((((((...)))).))..........)))))))))))))......((((.......))))(((.((((((.(((......)))((((((.(((.....)))))))))..............)))))).)))..((....)).))))))),((((...))))...(((((((.......((((((............(..(.((((((...))).))))...)....(((...(((((.........)))))....(((..((((((...(((((((....))))((((((.(((.....))))))))).)).)..)))))).))))))))))))......)))).)))..,-32.2,-33.4,-33.4
UUGGAGUCUUGAUCCGGCCUUGGCCAGUAGUGCCAGGGCCGAGCCAGCGCGCAACCUAUUGGCUUGGUUUUGUGAAGUAUGUCCGUCUGGUUAUCAGCUCGCAACAACUGUCGUCAGGGUAAGGCCGGGAGUGCAUCUCUAGGACUCACCGGGAAGCUCCUUCUGAAUCACAACUUUUUGUAUUUUCGUAAAUUUGGUGA,..(((((((((((.((((((((((.......))))))))))((((((...........))))))((((((((((.((((((.((....)).)))..)))))))).)))))..))))))......((((((((.(.......).)))).))))...))))).......((((((.(((.((......)).))).))).))),...((((((((...(((((((((((....).))))))))))((((((.((.(((....)))))))))))......((.((((.(.(((((((...(.((.((.((....)).).).)).)..))))))).).)))))).))))))))..(((((.(...))))))..((((((.....((......)).....)).)))),-36.3,-39.0,-40.6
UACGCAGCAGUUGUCCUGGCUGUACCGGUCAUGAUCCUGGACUAUGUGGUUAUUAGACAUUUGCUCUUCUUCUUUAACAAUCCUUCGAGUAGAGUUUGAGCACUCAGGCACAGUGCUUUACUCGUACAUACCAAACUAUCCGACUAUGCGCUCCAGACUACCACCUGCUGCAUGUUGUUCACCUGAUAAAAUUAUCGGAC,...(((((((.((..((((.((((..((((..(((...((..((((((((((..(((..........)))....))))........((((((((((((.((......)).))).))))))))).)))))))).....))).)))).))))..)))).....)).)))))))..((.....))((((((....))))))..,...(((((((.((((.((((((...)))))).))..((((((...((((((..(((........((....................))(((((((..(((((((.......))))))).)))).)))........)))...))))))..).))))).....)).)))))))...........((((((....))))))..,-29.5,-31.2,-32.4
AAUAAAUGCCGUAAUUGCGGCAUCAUCUCGGGACUGGCUGAUAUACGCGAGCAACGUUCGCGUGCACACCGGUGAAGACUUUAUAGUUUCUCAGAAGAGAUUCUCUCGUUCUGAGGCUCGGUGGUGAACGACCCAUUGGUGUACGGCGUUAGCCGCGCGGGCCACAGCUUCGUGUGUGCGACGGUAUCAUGAUAGAACUU,.....(((((((....))))))).(((..((.((((........((((((((...))))))))(((((((((.(.(((((....)))))((((((.((((...))))..))))))((((((((((..(((.((.....(....))))))..))))).))))).....).))).))))))..)))).))..))).......,.....(((((((....))))))).(((.....((((..((.(((((((((((...(((((((...(((((((((.(((((....)))))((((((((((...))))...))))))(..((........)).).))))))))).((((....)))))))))))....)).))))))))))).)))).....))).......,-46.1,-48.9,-50.3
CUGUUCAGCCCAAUCCCCCGUAAUCCCCCGGACGCGUUCACACUUUUGAUAGGUGGUACUGGCAGUUGAAGAGUCUUGUAUAUCUGCACCCAUGCCCGACUGUCCACUUGCGUCUCAACCGUGAAAGGUGCCAUAAAACGUGCGUAUACACAGGCUGCACCCGAAUCCUUAAGAUGAUUUGAGAGACACGGAACUAUUCG,..((.(((((.......(((........))).(((((...............((((((((.((.((((.(((..(..(((((...(((....))).....)))..))..)..))))))).)).)...)))))))...)))))..........))))).))(((..((((((((....)))))).))..))).........,..((.(((.((......(((........)))...(.(((((....(((((((((((.....(((((((........((((....))))........))))))))))))))....))))..))))).)(((((((.....))).)))).....))))).))(((..((((((((....)))))).))..))).........,-20.2,-20.3,-20.3
GUCCCUGCUAGUGGUUUGUAGGCACUAGGACUAGCCCUUCUGGAAGAACCCUGAUUUAGAACUCUCUGUGCGUAGGAGCGACGCAUCAGGCGGUUAUAGGGCGAGCACGAUGCCCAAGGGGUGAGAUGGCAUACGCCUUAUCGAGCACGUGAUCUAAUUGACGACGGCCUGUGUGUACUCCAUCCCUGGCCCGAGGGCCA,((((....(((((.........)))))))))..(((((((.((......)).))......(((.(((((((((.(...).))))).)))).)))....((((..(((...))).(.((((((((((((.((((.(((((.((((....(....)...)))).)).))).))))))).)).)))))))))))).)))))..,(((....((((((..(....).)))))))))..(((((((((((((....))..))))))(((.(((((((((.......))))).)))).)))....(((((.......)))))...((((..(((((((((((.......(.((.(((((......)..).))))))))))))....)))))....)))).)))))..,-45.4,-46.6,-46.9
CAAAUAACUCGUCUAGAUGCAUGGCAUCUGCCUCACAGCAAACUGCUAGGUUACUAGAAACGCUCUGAAGCCAAGAGGGCUGGGGCUCUAUUAAUGGAUCGGACGGAGACCAAUCUUUAUUCAUAUAAGCGAAAAUACCGGUCCGAAUCGGGUUAUGAACCUGCAUCUUCUUAGCUGAACGUUCCGGAUUCAACAGGGGG,...(((((((...(((((((...))))))).....(((....)))((((....))))....(((((..((((.....)))))))))((((....)))).(((((((..(....(((((((....))))).))...).))).))))....))))))).........((((((..(.(((((......).)))).))))))),((..(((((((((.((((((...)))))).(((..(((....)))..)))....((((...(((((..((((.....))))))))))))).....(((((((..(((((....))))).(((........)))....)))))))))..)))))))))..((((.....(((.(((.....)))..))).....))))...,-36.2,-36.4,-36.4
UAGGCUAUGGCCCAUCCUCUAUCCGAAGUGCGAGCUUUAAUACAAGUGUGAUGUGGCUUGACAACACUGACCGGUGCGGAUUGAAACCCGGGCCUAGGAAAUGAUCCUGGUGUAAUGUGACAGAUGGCUGGAAUUAGUUCCGAAUCACGAUGCUGCACGGGGUGUGCGUGUCGAUACAAAAGCUGCCGACUUUGUAGAAU,..(((....))).....((((..(((((((..((((((.......((((..(((......)))))))...((.((((((((((.....(((((((((((.....)))))).))...((..(((....)))..)).....))).....)))).)))))).)).((((((...)).))))))))))..)).)))))))))..,..(((....))).....((((..(((((((.(((((((..(((((((........)))))((((((((....(((.(((........))).)))..(((.....))).)))))..)))....(((...((((......)))).))).((((((.((((.....)))))))))).))..)))))).))).)))))))))..,-33.9,-35.4,-35.4
GAUCUUCGCGUCUUUCUUCAGGGAGUGGGUUGCGCGAACUCGAGCCCGUCUUCACGACCUGCUCGCCGUGGCGUCUGGCCAUUGCCGAUUAGUCCCCGCAGGGGGGAGGUAUGGAUCUAUCUUGACCAUCUCGAUAGGUUUUCUUGAGUCUACCGGUAACGCUGUCGCAUACCAGGACUUUCUGUGGUGUGCAUUAGCUU,....((((((((.((((....)))).)....)))))))..(((((..(((.....)))..)))))...((((.....))))((((((.....(((((.....)))))(((..(((....)))..)))..(((((..(.....)))))).....)))))).(((...((((((((.(......).))))))))...)))..,....(((((((...(((.(.....).)))..)))))))((((((.((((((((.....(((.((((.(((((.....))))).).))).))).((((....)))))))).))))(((((((..(.....)..)))))))...))))))............(((((.(((((((((((...))).)))))))))).)))..,-50.7,-50.8,-51.2
CACCCCUGAUGUAUUCUCAUUUGUCGUAUCCCAGUCGGAUGACCACACCGAAGGUCUGGUGAGGGAUGGGAGAAUAACAAGGGGCCGAUGUUCUGUUUCGGACAGGUGGGGCAACUCGAUGGUCUAUUAGGUCAAUAGGAGGGUAGAGCCUACCAAAAGGCGAUAAGCGUAUCGGCAUAUCUGGUAUAGCGUCUUUAUAG,..((((((.(((.(((((((((.((.(((((.....)))))((((.(((...))).)))))).))))))))).))).)).))))((((.........))))...((((((...((((.....((((((.....)))))).))))....)))))).(((((((......(((((((.....)))))))..)))))))....,..(((((....(((((((......(..(((((..(((...((((........))))...)))))))).))))))))...)))))....(((((......)))))((((((....(((..(((.((....)))))....))).......)))))).(((((((......(((((((.....)))))))..)))))))....,-47.2,-47.2,-47.2
GAGCGUUACCGCGCAUUCUGGCAUUGCGCGUGCUCUAUGGCUCGGCUUCAGGUGGCAGAGUGGUUGUACUCCUUUAGAAAUUGGAGAUGUCAAUCGAUAUUCCCUGGCUCAUGUCUUCCUUAAUCUGAAUCAUUGGAGAUCUGAUGCUGUAAUAGUUCUAGCCAAGGUUUGAUUGACCGGCACGUAUGUAUGCCACGGCC,..((((....)))).....(((..((.((((((..((((((.(((..((((.((((.(((((....)))))...(((((...(((.(((((....))))))))..(((((..(((.(((...............))))))..)).))).......)))))))))....))))....))))).)))).))))))))..))),(.(((....))).)....((((((...(((((((...(.((((.((........)).)))).)..((.((((..........))))))(((((((((....((.(((((...((((.((...............))))))..((.((((...)))))).))))).)).))))))))).)))))))....)))))).....,-30.9,-33.4,-36.6
CCCAGCCUGAGUGGUGGUGCGAGAUUGCUCAAUCUGUAUACUGUAACGCGUAUCAUUAAUCUUAGUCGGGUCCUUGAAUCUAUCGUUAGAAGGGCAUACACCUAACUGACUGAGGAUGCGCUUGGAACUAACGCGCCCUCGAAUAUCCAAGCAACUUAGGGUCGUCGAGUCGUGGGCAACUGAGUUAUAAUCAUUUCUUA,((((....((.((((((((((.(.((((..............))))).)))))))))).))..(((.((((((.....((((....))))..)).....)))).)))((((((.(((.(((((((.....................))))))......).))).)).)))).)))).....((.......))........,....(((((.(.....(((((..(.(((..............)))..(((((((......((((((((((((((....((((....)))))))))..........)))))))))))))))).......)..))))).(((((..(((((((...))).))))..))))).).)))))...(((.......))).......,-29.4,-30.4,-30.52
AGAGACGGUAUAAAAUAUUGACGGCGGAAGGCUAAUUCCGUGUGAGUUACCUGUAUUUCCUACAAGCGGCAGCAUAAGAAAGCUAAGGCACGAAUUGUAUUUCUAGGACUGCCAACAAUGGUACCGAAAACUAGGCGCCCUAACCUUUUAUACCCAUUCGUAGACACGAACCCCGCGCCCUGAACUAGCGGCCACGAAUC,......(((((((((.(((.(((.(((((......)))))))).)))....((((.....))))...(((((..(.(((((...((........))...))))))...)))))......(((.((........)).)))......))))))))).((((((.(.........((((...........))))).)))))).,......(((((((((.((((..(((((.(((.((((((.....))))))))).....(((((....(((((((........)))...)).))...........))))))))))..))))............((((...))))...)))))))))..(((((....)))))..((((...........)))).........,-28.6,-28.6,-28.9
AUACAUAGGCUACGCAAGUCUUAGCGGUGGUCGAACUUGACACCAAAGUUAGUCUCAGCUUUAAAAACGUACGCUGGGGGUAACUGCCGGUCUAGGCUGAAGAUGUUUGAUCUCGCGUAGGAUCAUUAUGUAAAAGUAGGUUAGACUACGGUACAGAUUCGUUGUUUUCUAACAUGAGGCGGUGAGUCCCCAUGCGCUUC,.....(((((.(((...((((..((.((((((..(((.((((.(..(((((.(((((((.............))))))).)))))(((......)))....).)))).(((((......)))))..............)))..)))))).))..)))).))).)...)))).....((((((((......))).))))).,.(((((((((...))..((((((((((.((((((((((..((....(((((.(((((((..((......)).))))))).)))))(((......)))))..)).)))))))))))).))))).).))))))).......((((((..((((.......)))).....))))))..(((((((((......))).)))))),-32.79,-32.99,-32.99
CCGAAGUGACUAAGGCGAAUCGACGUCUAUCGCAGUCUCAACUAUAUAUUUGACAAGAUACCGUGAGAAACUCUGAGCUACUGCUGUCUAGGACGCUUAAGAACCUGCAAGCCCUCCAGCGCGGCUUACGUGGUUAUCGCAACGUUGAUACUCAUAUCGAGACCAUGAAUCUCGGGUGGAAGGUACGUUUGCUCCAUUGC,...(((((.((.(((((...)((......))(((((((((....(....((.((........)).))).....))))..))))).))))))..)))))........((((((((((((.(..((.((.(((((((.........((((((....))))))))))))))).))..).)))).))...))))))........,.....((((...(((((......))))).))))..(((((......(((((....)))))...)))))....((((((..(((.....)))...)))).)).....((((((((((((.(.(((....(((((((.(((..(............)..))))))))))....)))).))).)))...))))))........,-32.2,-32.2,-32.2
GGAUGUUGCUCAAAUCAGCAAGAACCGAAGGGGUUUGGUUAAGUGUAACCUCGUCAAAGCGAUCUCGCCCGGUACUAGAUCGGGUGGCGGUAUCAUGCUUUACUGAGAGGCACUCGUCCCGUAUUGUCUGGGCUCCAUUCUAGUUCACCGGGCCAGUCAUUCCGCGAUUUUCCCUAACCUUACCCCCCCUCCCAGCUAUA,((.(.(((((......))))).).))(..(((((..((((((((((..((((...((((((((((((((((((.....))))))))).)))....))))))...))).))))))..((....(..(.(((.((((..............))))))).)..)....)).......)))))..)))))..)...........,((...(((((......)))))...))((.(((((..((((.((.(.((..((((..((..((.((.((((((.((((((..(((((.(((((........))))....).)))))(.((((.......))))..)...))))))...)))))).)))).))..))))..)).)))))))..)))...)))).........,-32.3,-34.4,-34.4
AACUACGAGGGUGCUCCUAGUAGGUCUACCCGAGUGCGACAUAAGCGGUGCUUAUGGGAGAGCAUCUCAUGCGAAGGUAUCACAAUAGAAGCUGUAUGUUAACACAAUUCUUACUGGCGGUCGGCUGCCGGCCUGAAGGGUCGUAAAUAACUUUAUAACUAGAAAGAAACUUCAGAUUCAUUCGACUCUGGCGCUGGCAU,..((((..(((....))).))))......((((.(((.(.......((((((..((.(.((.....)).).))..)))))).....((((..(((........))).))))...).))).)))).(((((((((..((((((((((......)))).........((....)).((.....)))))))))).))))))).,..((((.((((...)))).))))(((.((((.((((...(((((((...)))))))..(.(((.(((..((.((.....)).))..))).))).).((....)).......)))).).))).)))(((((((....(((((((..................(((......))).........)))))))...))))))).,-31.4,-34.52,-35.62
CAGAUUUAUGACCCUGGAAUCAAUAUGUAGCUUCGUAAAGUAACUGGUACCGAGAGCUGUCAAUAAAUCUUCGGCCAACGCGCGAGUUCGCAGGAGAAUAGGGCGUUAUCUACGCGGCGCGACUUAGAUCGUUUGUCGUUCUUGUUUAUGGUCCGUACGCUGGAAAAUAAGUGUUGCUAUCGUGAAGCUGUCGUAUAAAU,(((.((...))..)))......(((((((((((((..(((((((......(((((((.(.(((...(((((((((((((((.(..((((......)))).).)))))........))).)))...))))...))).)))))))).((((..((((.....))))..))))..)))))).)..)))))))).)))))....,..(((((.........)))))..(((((((((((((..(((((((((..((((((..((....))..)).)))))))((((.(..((((......)))).).))))..((((.((((((.((((..((.......))............))))))).)))))))........))))))...))))))))).)))).....,-30.1,-31.67,-32.0
GGUUCACCCAGAGCAAUGGUUCCACUCUUUCGUCUUUACGGAUUCUGCGCUCGACGCCCAGUGAUAGGAAAUAUCAAACUCGGUAUGGCUAUAUAGGAAAAUUACGUUUCUCGGUGCCUUCCUCUUAGAGGAAGUGGGUUACCUGUUCUGUGACUGCUAUCCUGAUUUGUUAGCGUCGUAGAACCAAGCAGCGUGCGCAC,(((((...(((((((..((((((((...(((((....)))))(((((((((.(.....))))).))))).(((((......)))))(((......(((((......)))))....)))((((((...)))))))))))..)))))))))).(((.((((..(......).)))))))...))))).....((....))..,(((..(((((((((......(((................)))......))))(.((((.....((((...(((((......)))))..))))...((((........)))).)))))(((((((...)))))))))))).))).((((((.(((.((((.(.......).))))))).))))))...(((...)))....,-33.8,-35.6,-35.8
GGGAUAUAAAGUCCUUGAUUGCUGCUAGGUGAUGGUGUGGAUGUUAUUGAAUCUGGGCAGAUUCUAGUUACGCCCCCUUUGGGGAACGGCAAGACUCCCGCGGGGACUAGUAUAUGCAAAACUCACGCUUGACUAAUAGGAGUUAAGCUUACGUUCGCGCAGACGCAUGGUCGGUGAACCGCUUCUCGCACGACACACUU,(((((((..((((((((((((((....))))))(((((((.((.....(((((......))))))).))))))).......(((.(.(......))))).)))))))).))))........)))..(((((((........)))))))......(((.(((((.((..(((......))))).))).)).))).......,.(.((((..((((((((...(((((((((.....((.(((((........))))).))....)))))).).))((((...))))..(((........)))))))))))...)))).).........((((((((......))))))))........(((....))).((((((((((........)))).)))).))...,-37.1,-40.7,-40.7
GCCCAACAAACUGUAAACAAGCAUUUCCUCGAGGUUGGGUCGAUGGGGCUAUCCGCUCGGCAACGCAUAGUCUGCACUGUGAAAUGGAACUAACAGACUCCUAAAUGUCUGCGUCCGGCAAAAUCUUGUAGAUAUGCUGCGGAAACAGCGUAAGACGUCCCCGAAGAAGUUAUGCUCCGUUCGAAGUUGAGACUGUCGAU,(((((((.....(.(((......))).).....)))))))(((.(((....)))..)))....((.(((((((..(((....(((((......(((((........)))))...((((((..((((...)))).)))..)))....(((((((....((......))..))))))))))))...)))..)))))))))..,(((((((.......(((......))).......)))))))(((((((((((.(..(((((..(((....(((((((........((((.....(((((........)))))..)))).........))))))).(((((......))))).....)))..))).))..).)).))))))).)).................,-26.9,-28.6,-28.6
