sequence,s1,s2,bp_dist,label
AAAAUAAUGUACCGGACAUUCGCGCACGACCACCAUAUGGCAGAGCAUGUGUCUGUGGACCCACUAUAGCUGGGGCGCUUAACCCCAGAAAAGUAUCUUCGGUCUAUGCCUCACACGCAGCCUCCUAUUAGCAGCUCUCCUGGCCCACAAUUUUAUUAAAAGUCCAAGUUGGACUGACAAAACGCGUGCGGUGUCCUAGGGAUUGGUGGCAUAACCAGCGGUUUAAAAGCUGUGUAUAUCCGCAGCAAAUCACCGGAAAGCGGCGUUAUUAGCACCACAAAUUGAUGGUUGGUACGAGUA,........(((((((((((.(((((.((.(((......((.(((((...((((((((((((...(((..((((((.......))))))....))).....))))...........)))))..........)))))))))))))............((...((((((...))))))...))..)).)))))))))))...((((((.(((.....))).))))))....((((((......))))))......(((.....))).(((...)))((((((...)).)))).))))).....,...((..(((((((((((.((((((.((.....((((((......))))))...(((((((.(((....((((((.......))))))...)))......)))))))(((......((.((.........)).))......))).......(((......((((((...))))))....))))).)))))))))))...((((((.(((.....))).))))))....((((((......))))))....(.(((.....))).)........((((((...)).)))).)))))).)).,54,0.2222222222222222
CAAUUGCGCCGCAUAAAACCAGAGAUUCUACCCUCAAUCGGUUCUUAAGACGUACUGCGCGUUUCACCAGACCACAAUGCAGGGCGGCACCGUUAGGCAACACAACGAGACUACUCAUGCACAUAAGGAAGGUUAUCGCCAUAGACAUGGCGCGGCAGCGCAGAAUGUUUAAAUCUAAAUCUGGUAUGGGAGGCGUGCCCGUUGGUAUGAAGAAAUUUGCUGGGAGAAAAAGUCUAAGGCCUUGAAUCCGGCGGGUCUUAAUACUUACCUACAAAAUCAUCAGGCUGUACUUCCUGUAUC,......(((((.......((..(((((((.(((.(((....(((((...((..((.(((((((((((((((......(((((((.((...((((.(......)))))...)).))).)))).........(((....))).(((((((.((((....))))...)))))))........))))))....)))))))))..))..))...)))))..)))..)))))....)))))..)).........)))))(((..........)))...........((((........))))....,....(.(((((.......((..(((((((.(((.(((....(((((...((..((.(((((((((.(((.((((...(((((((.((...((((.(......)))))...)).))).)))).....((..........)).(((((((.((((....))))...)))))))..........)))).))))))))))))..))..))...)))))..)))..))))))....))))..)).........))))).).........................((((........))))....,24,0.2916666666666667
GCCGCUAGAUCGAGAUGUUUAGGAUAUGCAAACAGGUCUGGGGGGUCAUGUCUUUAAAGGUCAUCAUGAGGCUCCGCCAAGACUAGAGUCCGGCCGAGCCUACCACGGCUCAUCAUGGCGCACCCUCUUAUUUUGUCAACUUGCUCUUAUCCGAACGACAACUAUCACUUGGUUACUCUGCAAUGAUUACGUACCUAGUUGGGGACGACAAUUGCUCAAUCGUUCGCGCCGUACGUGUGGCGAAGGCCUUAUGAUGAUCAAAGAGACUGGCCAGCGCCCGGAAGUACGCCGAACGGAGCG,.((.(((((((....(((.........)))....)))))))))(((((.((((((...(((((((((((((((.(((((.((..((((....((((((((......))))).....))).....))))..))(((((...(((........)))..)))))..((((.(((.........)))))))(((((((...((.(.((((((...........)))))).))).))))))))))))..)))))))))))))))..)))))))))))..((((((.............))).))),..(.(((((((....(((.........)))....))))))).)(((((.((((((...(((((((((((((((.((((((((..((((....((((((((......))))).....))).....))))..))).((((..((((......((((..((......))..)))).......))))))))(((((((...((.(.((((((...........)))))).))).))))))))))))..)))))))))))))))..)))))))))))..((((((.............))).))),33,0.0
GUCUAAGCCAAGGCAACUGCUUAGCCUUGUUUCGGAUAUAGCACUUCAUUCACUCGUUUGCGAGUAAUCGUUUCACAGAAAUGGUGCCCGGUCCGACUAAGAGACAAGGAGACACGGCAUAACGGACGGGGCCGCAUUGAAACGCCGGUUGCAUUUAGUCAUCGCGCCGAUAAAGGUGACACGACGGCCAGGGCUUAUGUUCGAAAGCCCGUUUCUUUCUUACACCGCCAGUGCCUAAAUGGUUCAAUGUCAACGCGUGUACAGGAGAUCCAAAGCUCGCGCAGUGCCUUUAUGAUAUAC,.........((((((.((((....(((((((((((((...(((((......(((((....)))))....(((((...))))))))))...))))))......)))))))......(((((...((.(((.........((((((((((((((.(((....((((...))))))).)))))....))))..((((((........))))))))))).........))))).)))))...((((((.......))).)))......(((........)))..))))))))))..........,.........((((((.((((.....((((..((((((...(((((...(((........((((....))))......)))..)))))...)))))).)))).((((..((..((.(((((...((.(((((((((((((......)))).)).....(((....((((......))))....))))))).((((((........))))))((.........)).))))).)))))....))..))..))))...(((.((...((....))...)).)))))))))))))..........,92,0.15217391304347827
UAGCGCUUAGAUUAUUUAUCGCUGCCUGGCGGCGAAACUUAGGCGGGUCAGUCGCCGUACGAACACACGAGAGACCAUCCCUCAUUAGGGUUUCGAUGUUGACAGGUCCAAGAAUAUCUCAAACGUAAAAGUGAGUACCAUCCGAUAGUCUACGUGGUGCUUUAAUCAAACACCUAACGGAUCAUCGUACGCCGUCAGCAUAAAAUGAUCACGGUUUCAGCUUUGGACAGGGCGUUCCACUAAACUCCUGGUGACAUAGAUAUAUUGGAUUGCAACUACUCGUCGGUCCGGUUGGCGUUC,...(((((((.((.....(((((((...))))))))).)))))))((((..(((.............)))..))))..((((....))))....(((((((((.((.((.(((...)))...((......))((((((.(((((((((((((.((((((.((.....)).))))..(((......)))(((((((((((......(((........))))))...)))..)))))..(((((......))))))).))))).)))))))).)....)))))...)).)).))))))))).,.((((((..(((......(((((((...)))))))......(((((.....)))))...((.((..(((((.......((((....)))).......((((.((.((((((..((((((.............(((((((((............)))))))))......(((.(((..((((((((.....((.....)).....)))))).))((((.......)))))))..))).(((((......)))))....)))))).))))))))))))..)))))..)).))))))))))).,148,0.42567567567567566
AGCUUAAUGAUCCACGGGUUCGCUGCACUGCAGCUUUUCACGGACUCUGUGCCGUUUGGAGUGACCAGGUCUCUCCCGCUUCGCGCGAGGUGGGUCCACGCAAGCCGGCACGCGAAAGGGCGGCUAUGUACAGCUCUUAAAACCACCAGAGGUUUAGUGAUCACUGAGGCUUGUUCGCAAAUCACUGCAAUUAGAUAUGACUCACGAUAUGGGGCACGGUGCAUACAUACAAGAAUUACUUGGCACCCCCGCGGAAAGUAGUCUCCUUGUACGCAUAUCGCUACAAAAUCGGGGAACUUC,......((..(((.((((...(((((...))))).....((((.(.....)))))(((.(((((.((((((((.((((((((....)))))))).....((((((((.(.(......)).))))).))).((.((....(((((......)))))))))......))))))))........))))).))).......((.(((........))))).(((((.......((((.....))))))))))))).)))..))((((((((((((.((.....)))))))....)))).)))..,.((((.....(((.((((...(((((...))))).............(((.((((...((((((.((((((((.((((((((....))))))))..(((...(((((.(.(......)).)))))..............(((((......))))).)))......)))))))).))(((......)))...........)))).....)))).))).(((((....................))))))))).)))))))((((((((((((.((.....)))))))....))))).))..,56,0.3392857142857143
GGAACAAGCAGCUGCAACAAGUUUGAACGGUUUCUCCUGCAGAAUGAGUGGUACCCUAACAUGCUAGGCUGCACUGGAAGCAAUGUCCCAUUGACCACUCCGCUCUCCCCUCUGGGAGUCGUGGGCCUGACCCCGAACUCACAUGAUCUAAUCAUUGCCUAAGGGACAUUUCCACGUGUAAGAAACCCGGAAACAUCGUUUGGCUUAGAAUGAACAGAUAGAUUGCCUACAACAAAAUACUGAUGACGGGGGAGCCGUGACAUGGCGGCCACCGCUAGUCGGCCUACGCUUUAAAACAUA,(((((...(((((......)))).)....))))).......((..(((((((...((..(((((......))).))..))(((((...))))))))))))...))((((....))))(.((((((((...(((((................((((((((.(((.((..(((((..((.......))..)))))..)).))))))....))))).(((.((..(((.......)))..)))))....))))).......(((.((((((...))))))))))))))))))...........,....(((((...........))))).(((((.(((((((....((.(((((((..(((.(((.(((((((((((((((...((((((((.....((((......(((((....)))))..))))...(((........)))((((((...)))).)).....)))))))))))).))))).......((((.......)))))))))).)))......)))..))))...........))).))..))))))))))))(((.((((((...)))))))))(((....)))..........,149,0.2550335570469799
UGCUGUUAUCAGACGCCAGUCCAUCUUCGGUCACGAGCGCCUGGUACCUUCUUAAGAAGUAGCGCUGGUGGAUAAUGUUUCUCAUGCCGGCAAGGCCUCCACGUCUCCGGUCUUUGACGAGUCUCAUUCAAUGGCUGGUAGGCUGAUAGCAGCCUUACAUUCUCAGGCAACCUAUAAAUCCACGACUAUUACUCGAUGUAGUGCCUGUAGCCUGCACUUUCAAAUACAAGAUGCGAUCUGGUCCGACUAGAGUUCGCCGCAUUAAUCAUAGACAGAACCGUCGUUGCCUUGGGCACUUUA,.(((((((((((.((((((.((((......((((.((((.(((.(..(((...))).).))))))).))))..((((.((((((.(((((..((((......)))))))))...))).)))...))))..))))))))).).)))))))))))........((((((((((.........(((((.......))).)).(((((.........)))))...........(..((((((((((...))))))..))))..)..........(((......))))))))).)))).......,.(((((((((((.((((((.((((......((((.(((((....(((.(((....))))))))))).))))..........(((.(((((..((((......)))))))))...))).((((...)))).))))))))).).))))))))))).......(((.(((((((.........................(((((.((.....)))))))(((........)))((((((((((((...))))))..))))..........)).(((......)))))))))).))).......,56,0.5714285714285714
AUACGUCAAGCGAGACAUUGUUACGUGAUGGAUAAUGGUAUGCAUACACCUGGGCUGCACUCUAGCAGCAUACUCUUUGUUAUACAGCGCGUUUAUACUAGUUGGGGUAGGGGCCCGACUAAUAGCAGUUCUUUGACAAUUCUUCUGCGUUAUUCAUUUUGAUAACAAUUAUUAUAUAAGUGCUGGAAAGCCAACCAUAUCGGCCUUAAUCCCCAACAGAAAACCUUCACGAGUGGGGUCGGUUUCGCAAUUCCUUGCGUGAGAGCCGAGGUUGGUUACAUGAGAAUAACCACGCCGAAC,........(((((....))))).((((...(((((.(((((((............(((......))))))))).).)))))...((((((...((((.((((((((.......))))))))...((((................))))((((((......))))))......))))...))))))...((((((((...(((((((((..((((.((...............)))))).......(((((....))))))))).))))))))))))).............))))......,...((((((((((....)))))...)))))(((.(((((..((..(((...(((((((......)))))...))...)))....((((((...((((.((((((((.......))))))))...((((................))))((((((......))))))......))))...))))))....))..))))))))(((......(((((...(((....))).....)))))((((((((((((....)))))...)))))))...((((((........)))))).)))....,77,0.2987012987012987
UAAGGAAACUGAUGAGGGCAAAGUCUCUUCAUUGGCGCAAAACGGGGUAGAUGUCGGCCUGCAGGUGAUGAUGUAUCCGUCCGGCGAUCAACGCCUAAUUCGCAUCUCUUUAGGGUAUGAAAUGUUAUAUGCUACGGGAACAAUGCCGACCUUCGGAGACCUAAGGAAUACGUCUUUCGAGCGGAAGGAUUCCUCGUUCAAUGCCAACUUAUUCUUGUUGGUUAAGGCAACGAAUCCCCUACGUCUCAACACGAAGUGGAUGACCAGGGAUGAAACCACGCUGGGCCAGCUUCCUCCCUC,........((((((((((.......))))))))))........((((..((.((.(((((((.(((........((((.((((((((............)))).......(((.((((((....)))))).)))(((........)))...(((((((((.((.....)).)))).))))))))).))))...((((((..(((((((........))))).))..).)))))(((((...((((((........).)))))....)))))...)))..).)))))).)).))..)))).,........((((((((((.......))))))))))........((((..((.((.(((((((.(((...((((....)))).((((.....))))....((((((.(((((((.((((((....)))))).))).))))...)))).))((((.((...)).)))).....(((((((.....)))))))...((((((...((((((........))))))....).)))))(((((...((((((........).)))))....)))))...)))..)).))))).)).))..)))).,62,0.24193548387096775
CGAUGUGUGCUCAUUCCAUAAGAUCCAGGCGGUGCGCCUCAAUCACUCACCUGUUUAGAUCCUUUUAUCCAUGGGGGACAUUGCCGGAGCUGAUCUGUAAUUUAUUCAGCGAUCCCCUGAGAUCCUGGCUCUUCCGUUCGGCUCUAGUCGCUAUAUAAUCCCAGCGUAUUAGUUAUGGCCUGGAGGUAGAAGCGUUAGAGCAAUACUUCUACAGAGACCACGUGAGGUAGCUGUCUUAAGUCGUUGCUUACUGCGUGAGAUUGCAGCCAAUUAGCGGCUGUCUCAUCCGUACAUAAGGUA,...(((((((...........((((.((((((((.(.........).)))).)))).)))).........((((((((....(((((.(((((............)))))((((......)))))))))))))))))....((((((.((((...((...((((((((.....))))..))))...))..))))))))))((((((((..((((..(((......)))..))))...)))).))))......(.(((((...((((((.......))))))))))).)))))))).....,...(((((((((.........))(((.(((((((..(((((...((......))...(((......)))..)))))..))))))))))(((((............)))))((((......))))(((((.((((....((((....)))).......((((((((............).)))).))).)))).)))))((((((((((..((((..(((......)))..))))...)))).))))))....(.(((((...((((((.......))))))))))).)))))))).....,83,0.3855421686746988
UAUGUCUGAGAUUAAUUCUCCGUCGAAUGAUAUACGCACUCUGCCAGCGUCCCCAUAUUAUUUGUGCCUGGUUCUUGCGGUUAGGCACAGGGCUACGUUUGUAAAGCGACGGUCCGAAAUAAUCUUAACUCUAUGCCCGAAUUAGGGCCCCACCGAGCCAGCGAGGGUCAACGCUUCACACCAUCGGGCUUGAAAGUCUUGGACCUCAGGGUAUCCGGGCCUGUAAUCACGGCUAGUGCAAUGCGGGUGUUUCGAGGGCCAGGGCUUGUUCGUUGGUCUGGUCGCCAGAGUUUGUAGAAG,....((((((((((.(((.((((((.............((.(((.((((((((.........((((((((..((....)).)))))))))))..))))).))).))))))))...))).)))))).((((((..((((......))))......((.((.....)).))...((.(((.((((.(((((....(((((((((.((((.(((.....(.(((((((.((((.....))).).))))))).)))))))).)))))))))))))).)))).)))..)).))))))..))))..,.......(((((((.(((.((((((((((((((((((.........))))....))))))))((((((((..((....)).)))))))).................))))))...))).)))))))((((((..((((......))))...((((.(((((((((..((((.((((.........))))))))(((((((((.((((.(((.(((((((((((....)).)))).........)))))..))))))).))))))))).))))))))).))))....))))))........,92,0.391304347826087
UAAGGUCCCACACCCCCACGGGAUUUAUGCCUCAUGCGAGACUCGAUUAUCUGACGCUUAGGAGCCUAAGUGGCGGAGUCUCGCGCUGAACCGAGCACAGUCGCCGGGUACCCUCAAGUCUGGCCCUGACUAUAGCUAUCCCACGCUCGGUCCGACAUUAAGACACACCAGGGUCUCGUAUCCCUAGGGUAAGGUACGCGCGGACCGGCCAAUCGGGUAUUGCUGCAAACUAUGGCAAUAGUGCAUAGGUUCAGACGAAGUACGGGUGGAUAUUUGUAGCCAGUAUGCUGGGUCUCCGGG,..(((((((..........))))))).....(((((((((((((((...))((.(((((((....))))))).)))))))))))).)))..(((......)))(((((.((((...(..(((((......(((((.(((.((((.(((((((((..........((.((((((........)))).))))..........))))))))((....))(((((((((.(..(((((.((....)))))))..)))).)))..)))).))))))).))))))))))..)...)))).))))).,..(((((((..........))))))).........((((((((.......(((.(((((((....))))))).)))))))))))(((......))).......(((((.((((...(..(((((.(((....)))....(((..((.(((((((..........((.((((((........)))).))))..........))))))))).....)))(((((((.........))))))).((((...(((((..((.....))..)))))...)))))))))..)...)))).))))).,73,0.3972602739726027
GAACCAGACCUUCCUCGUAGGUCACCAGCUCGAAUCUAGGGCGAGGACGAUCACUUACCAGGAAGGCUGUAUAAAAUGCGUCUGAAUGCACUUCCGUACACUCCAUAUUGCUAUCAGAGAGAAACCCUUGUAUUUACAGUAAAAUAAUUCAUAAGGCAGGUAUCUACCAGGCUCCGAGCCAUUCCAAACUGAACAGAUAUCGAAUUGAGGAUGUACAGAGAAAUCCUGGGUGUGAAACGAGGCGGCGGUAGCUAUGAGGCAGGCAAAAUGGAUCACAGGGCUAAACCAGCCAUCAGUAGC,....(((.(((((((.(((((((.((.((((.......))))..))..))))...))).))))))))))(((....(((((....))))).....))).(((((((.(((((.(((.........((((((.((((((.(..................(((....))).((((...))))....((..((......(((((........)))))....))......))).)))))))))))).(((....))).)))....))))).)))).......((((.....))))...)))...,((..(((.(((((((.(((((((.((.((((.......))))..))..)))...)))).)))))))))).......(((((....)))))..(((((...((((.(((.((((((.........(((((((.((((((.(......((((.(((..(.(((((((....((((...)))).(((......))).))))))))..))).))))...(((.......)))).)))))))))))).)..)))))).))).)).)).....)))))......((((.....)))).))......,77,0.23376623376623376
UUGGGAAUCCAUCUUCGAGACAGUGUACAUAGAUACCAAUGAUCUAGAAACAAUUAUCAGCACUCCCGCUUCGUCGGGGAACCGGACGUAGUCUUAGAGAACAAUUCUUUCUACAAUUCGAAAAGCUACUACCGUGGUGGAAUCUAGAGAAACAUUUAUAGGCGUAUGACGGGGUUUCACAGCUAGAUCCAUGAUGUAAUUGUGAUAGUCUACGUAUCAACCGUACCCCCGGGGAAAUCCUGAAAUGUAGCGCGUCACGACUAAAGUAAUUCAGUAUCGUCGGUGGUAGGCGUCUCAAAU,.(((....))).....(((((.((.(((.....((((.(((((((.(((....(((..(((......))).((((((....)))).))(((....((((.....))))..)))...................(((.(((((.(((((.(((((..(((((....)))))....)))))....)))))))))).)))...(((((((.(.((((((.(((.(((......)))((....))))).)))))))..))))))).))).....))))).))))).))))))).)))))))....,.(((....))).....(((((..........(((((...((..(((...(((((((..(((......)))..(((((....))).))((((....((((.....))))..))))..................(((.(((((.(((((.(((((..(((((....)))))....)))))....)))))))))).))))))))))..)))..)).)))))...(.((((.((((.((....(((((((.(((((.....)).)))..))..)))))..)).)))).)))).).)))))....,88,0.375
ACAACAUGGUACGGUGCGUAUUCUAUCCAGCUGUAGCCGGUAUGAGCGCAUGGAAGAAACGGAGCACAUGCGUGCCACGGAAGUACUAGCAGAGUCUAGCACUCCCUUCGCGGAUCGCUAGCGUGUUUCUAUUAUCAGUACUACGAUUGUUGUGCUUGCCUAACACCUGACGCUGAGGACGAUCCUUACCGCAGGUCUGUUUUAAACUCAAAUCCGGGGAAGUACGGAUCUUGUAGGCGCUCGAACCUGCGAGUGACUGCUUUGCGCGGGGUCACGUAUAUCACUGCUCCGUUUUAACUC,...........(.((((((..((...((.((....)).))...)))))))).)..(((((((((((.(((((((((...((((((..((((..(.(((((..(((......)))..)))))).))))..)))).))....((((((...((((((((.(((((((((((.((.((((((...)))))).))))))..))))..............))).))))))))...)))))).((((((......)))))).((((.....)))))).))))))).....))))))))))).....,...........(.((((((..((...((.((....)).))...)))))))).)..(((((((((((.(((((((((.((...(((..(((((.(.(((((..(((......)))..))))))..................((((((...((((((((.(((...(((((.((.((((((...)))))).)))))))....(((......)))...))).))))))))...)))))).((((((......)))))).))))).))).)).)).))))))).....))))))))))).....,32,0.15625
AAGUCUCCACACGAGACUAAACUACGAACGAACGAGUCCAGGGCUGUCGAACACACCUUAAAAGUCUCACGGGACCCAGGUCGGAGUCUCACAGUUUUGUAAUCAUAAAACAGGCAACCGUCGGGCCACAAUGCGCCACUUUUAGGAAUAUACCAAUUUGACGACCGGCUUUGAGCUUGCGGCUGGUGACGUCCAUACCAUCCGGCGGGGUCGAACCGUAAUUUUACGCAAGAAGUACGACGGCGUCUGACAAGUUCAUUCACCGUGCGCGACAUGUCUCGGUAUGCUGCCUAUAAAGUA,.((((((.....)))))).......(((.((((..(((.((((((((((......(((.((((((.....(((((((.....)).)))))...(((((((....)))))))............(((........)))))))))))).............((..(.(((.(((((.(((((((.(((((.......))))).)).))))).)))))))))..)).(((.......)))))))))).))))))..)))).)))((((.(.((.....))).)))).((((........)))),.((((((.....)))))).......(((.((((..(((.((((((((((...((..(((.........(((((((((..((((((((....(.(((((((....))))))).)))........(((((...)).))).......((......)).....(((((((((((..........)))))))..)))).......)))))).)))))...))))..........)))..)).))))))).))))))..)))).)))((((.(.((.....))).)))).((((........)))),80,0.375
AGUGCACUGAUCUACAAGCAUAAGCGGGACGCUUCGUGAGUACAUUCAGACUGCGCGACGACACUCGGCGUUCAUACCCGACGCAGCCAAAGGUGCCCUCUGUAACGUGGUGAACCCGCUGAGCAGAGGAUUAAUGGCGUAGAAUGAUAACGCAGGAAACUCUAAUUAUAUCGACGUCUCAUGGCUCAGCCGUAGGUAUAUGGCCUGUUGGGGAUGUAUUAGAAUAAAAGAUGGAAUCUUUCCUUUUAGCACACCUAGAACCAUUCCCUGUCGGGCUCUAGCCCGCGCUCCACGAGUUCG,.((((((((((.(((..((..(((((...))))).))..))).)).)))..)))))..(((.(((((((((.(......)))))(((((.......(((((((...((((.....))))...)))))))......(((((.(((((((.....(((....))).))))).)).)))))...)))))..((((((....)))))).....((((((((.((((......(((.((((...)))).))).......)))).)).))))))((.(((((....))))))).....)))))))),.(((((((((..(((..((..(((((...))))).))..)))...))))..)))))..(((.((((((((((.......)))))(((((.......(((((((...((((.....))))...)))))))......(((((.(((((((...(.((....)))..))))).)).)))))...)))))((((((((....)))))).))..(((((((..((((((..((((((...))))))..))))))............)))))))((.(((((....))))))).....)))))))),39,0.07692307692307693
CCCGGAGGGGCCUUACGUCACCUCAACAUGGUAAUAAUGAUGUGCGACCACGCUGAUGAACUCACUCUUCAGACUCGAUUGGCAGGAUCCUUCAUUCUGUAUCCUUGUCGCCCUGAAAUUUCGACUAAAGAACUGUAAAACCAAGCGAGGGAGCGCAGUGUACGCGUAUCAACCAAAGGCGGCCCAGUGGUUGCGCCGAGUACGCCAACGACAGACAGUCCCCGUUCGUCCGAUUAUCCAAGAACUAAUAUUAGAUAUGAGGUCGUAACAACCUCGCGUGAUAUCUCUAUUCAUGGUCAG,..(((((((((........(((.......)))........(((((..((.((((.....((....((((.((..((((..((((((((.(........).)))))....)))........)))))).))))...)).......)))).))..)))))((((((.(((..((((((..((....))..)))))).)).).))))))............)))))......)))).....(((.(((...((((((....((((((.......))))))..)))))).....))).)))....,..(((((((((.....((((((.......)))........(((((..((.((((.....((....((((.((..((((.(((((((((.(........).))))).))))..........)))))).))))...)).......)))).))..)))))((((((.((...((((((..((....))..))))))...)).))))))....))).....).)))).))))...((((((....(((...((((((....((((((.......))))))..)))))).....)))))))))..,38,0.07894736842105263
AACAUUGUUCUGCCCAAGUAAUGGAGGCAAUUUUCAGUCUCGAAAUCUUCCAGACGGUCCCCGGGUAAAAAUUUCAUACCCCUAAUUGCGUUGAAUACCUGGCGUCAACGUGUACCCGUCUUCUUAACUAAAUUGGUGGAUGCAUCCGGAAUGAUUGUUUCGGUAAUACAAGCACGAUCUCGUAUAUAAGAAAUAGUGAGAACCGCAAAAGAUGUCGGGUGCUAUGAGGAGCACGAACAAGGUUGUCGGUGGUCUCGUCUUUUCUUUUUCGACUGGGCAACAGCCUAUUUUUAUUAUUUG,..............((((((((((((((........)))))((((......((((((.(((((((((.........)))))......((((((......))))))....(((((((((.(.((((........(.(((..((...(((((((....))))))).....))..))).)((((((((.......))).))))).......)))).).))))))).))((.((.(........).)).)))).)).).)))))......))))...(((((....)))))....))))))))),..............((((((((((((((..(((((((..((((((......((((((.(((((((((.........)))))......(((((((..........)))))))(((((((.(.((((........(.(((..((...(((((((....))))))).....))..))).)(((((..(((.....))).))))).......)))).).)))))))...((.((.(........).)).)))).))..))))))......))))))))))).))..)))....))))))))))),47,0.14893617021276595
