,i,sequence,s1,s2,search_width_multiplier,bp_dist,new_fp_mp_runtimes,new_fp_mp_results,new_fp_runtimes,new_fp_results,cpp_orig_runtimes,cpp_orig_results,py_runtimes,py_results,new_merge_runtimes,new_merge_results,new_merge_ext_runtimes,new_merge_ext_results
0,0,AAAAUAAUGUACCGGACAUUCGCGCACGACCACCAUAUGGCAGAGCAUGUGUCUGUGGACCCACUAUAGCUGGGGCGCUUAACCCCAGAAAAGUAUCUUCGGUCUAUGCCUCACACGCAGCCUCCUAUUAGCAGCUCUCCUGGCCCACAAUUUUAUUAAAAGUCCAAGUUGGACUGACAAAACGCGUGCGGUGUCCUAGG,...........(((((((((.((((.((....((....))....((.((((...(((((((.(((....((((((.......))))))...)))......)))))))....)))).)).(((...................)))...........((...((((((...))))))...))..)).)))))))))))..)),.............(((((.((((((.((..........(((...((.((((...(((((((........((((((.......))))))............)))))))....)))).)).)))...........(((.....)))................((((((...)))))).......)).)))))))))))....,2,22,0.0049,3.1000000000000014,0.0183,3.1000000000000014,0.1074,3.1000000000000014,0.0069,3.1000000000000014,0.0111,2.3000000000000043,0.0097,2.3000000000000043
1,1,GAUUGGUGGCAUAACCAGCGGUUUAAAAGCUGUGUAUAUCCGCAGCAAAUCACCGGAAAGCGGCGUUAUUAGCACCACAAAUUGAUGGUUGGUACGAGUACAAUUGCGCCGCAUAAAACCAGAGAUUCUACCCUCAAUCGGUUCUUAAGACGUACUGCGCGUUUCACCAGACCACAAUGCAGGGCGGCACCGUUAGGCAA,...(((((.(....((.(.(((((....((((((......))))))))))).).))...((((((((((((..((((........)))))))))...........)))))))..................((((((...((.(((..((((((.....))))))....)))))....)).)))).).)))))........,...(((((.(....((.(.(((((....((((((......))))))))))).).))...(((((((((((.(.(((((.........)).))).).)))).....)))))))..................((((((...((((....((((((.....)))))).....))))....)).)))).).)))))........,2,24,0.0032,6.600000000000001,0.0053,6.600000000000001,0.1042,6.600000000000001,0.0068,6.600000000000001,0.0091,6.600000000000001,0.0087,6.600000000000001
2,2,CACAACGAGACUACUCAUGCACAUAAGGAAGGUUAUCGCCAUAGACAUGGCGCGGCAGCGCAGAAUGUUUAAAUCUAAAUCUGGUAUGGGAGGCGUGCCCGUUGGUAUGAAGAAAUUUGCUGGGAGAAAAAGUCUAAGGCCUUGAAUCCGGCGGGUCUUAAUACUUACCUACAAAAUCAUCAGGCUGUACUUCCUGUAUC,......(((....))).........((((((......(((.(((((((.((((....))))...)))))))...........((((((.....)))))).((.(((((.((((..(((((((((.....(((.(....).)))...))))))))))))).))))).))..............)))....)))))).....,......(((....)))((((.....((((.(((.((.(((.(((((((...(((....)))...)))))))...........((((((.....)))))).((.(((((.((((..(((((((((.....(((((...)).)))...))))))))))))).))))).))..............))).))))))))))))).,2,21,0.0043,9.599999999999994,0.0056,9.599999999999994,0.1091,9.599999999999994,0.0073,9.599999999999994,0.0125,9.599999999999994,0.013,9.599999999999994
3,3,GCCGCUAGAUCGAGAUGUUUAGGAUAUGCAAACAGGUCUGGGGGGUCAUGUCUUUAAAGGUCAUCAUGAGGCUCCGCCAAGACUAGAGUCCGGCCGAGCCUACCACGGCUCAUCAUGGCGCACCCUCUUAUUUUGUCAACUUGCUCUUAUCCGAACGACAACUAUCACUUGGUUACUCUGCAAUGAUUACGUACCUAGUU,...(((((.......((((..(((((.(((((((((...(((((((..((((......((((......((((((.(((..(((....))).))).)))))).....))))......)))).)))))))...)))))....))))...)))))....))))((((.....))))(((((......))....))).))))).,...(((((........((((.(((((.(((((((((...(((((((..((((......((((......((((((.(((..(((....))).))).)))))).....))))......)))).)))))))...)))))....))))...)))))))))((.(((((.....)))))..))(((.........))).))))).,2,19,0.0014,2.5,0.0019,2.5,0.1056,2.5,0.0021,2.5,0.0018,2.5,0.0016,2.5
4,4,GAGACAAGGAGACACGGCAUAACGGACGGGGCCGCAUUGAAACGCCGGUUGCAUUUAGUCAUCGCGCCGAUAAAGGUGACACGACGGCCAGGGCUUAUGUUCGAAAGCCCGUUUCUUUCUUACACCGCCAGUGCCUAAAUGGUUCAAUGUCAACGCGUGUACAGGAGAUCCAAAGCUCGCGCAGUGCCUUUAUGAUAUAC,..((((..((..((.(((((...((.(((.........(((((...(((((......((((((...........))))))....))))).((((((........))))))))))).........))))).)))))....))..))..)))).(((((((..(.((....))...)..))))).))...............,..((((..(((....(((((...((.(((((((((((((...(((.(((.((.....)).)))))).))))...........).))))).((((((........))))))..............))))).))))).......)))..))))...(((((..(.((....))...)..)))))..................,2,39,0.0239,15.299999999999997,0.0279,15.299999999999997,0.1323,15.299999999999997,0.0463,15.299999999999997,0.0248,14.699999999999996,0.0284,14.699999999999996
5,5,UAGCGCUUAGAUUAUUUAUCGCUGCCUGGCGGCGAAACUUAGGCGGGUCAGUCGCCGUACGAACACACGAGAGACCAUCCCUCAUUAGGGUUUCGAUGUUGACAGGUCCAAGAAUAUCUCAAACGUAAAAGUGAGUACCAUCCGAUAGUCUACGUGGUGCUUUAAUCAAACACCUAACGGAUCAUCGUACGCCGUCAGCA,.((((..((((...)))).))))((.((((((((.......(((((.....)))))((((...(((....((((((............)))))).(((((...((((........))))..)))))....))).))))....((((.((((....((((.((.....)).))))....)))).))))..)))))))))).,(((((..((((...)))).))))).((((((((........(((((.....)))))((((((......(((.(......)))).(((((((((.((((((............))))))....((......))((((((((..((........)))))))))).....)))).))))).......))))))))))))))..,2,78,0.2561,13.399999999999999,0.2293,13.399999999999999,0.366,13.399999999999999,0.336,13.399999999999999,0.1824,13.399999999999999,0.1853,13.399999999999999
6,6,UAAAAUGAUCACGGUUUCAGCUUUGGACAGGGCGUUCCACUAAACUCCUGGUGACAUAGAUAUAUUGGAUUGCAACUACUCGUCGGUCCGGUUGGCGUUCAACCCGCGAUAAGUUGGCGCUUGUCCCACUCCGUAAACCUGUGUCUCUCAGGCGGUUACCCGAUAGAAGGCAGUAGGAUGUAUCACCCCCCACCGACUCC,.....(((........))).....(((..(((.(((......))))))(((((.....((((((((..(((((..((..(((((((...(((((.....)))))...(((((((....))))))).......((.((((...((((...))))))))))))))).)))))))))..))))))))......)))))..))),.....(((........)))...((((...(((.((((((((.(((((((((.(((((((.......(((((((........).))))))(((((.....)))))...(((((((....))))))).............))))))).).)))).))))..((.......)).))).)))......)))))...))))....,2,86,0.302,15.300000000000004,0.4932,15.300000000000004,0.5766,15.300000000000004,0.3906,17.960000000000004,0.2713,15.300000000000004,0.2811,15.300000000000004
7,7,ACUAUACAACGAAACCGGCCCUUUGUGAAUAAACGCUCUCAGUUAGAUUGAGCGGCGCAACAGAACCAGAUCGAUUCCCGGGGCAGUAGUGUCCUACUGCCCAACCCGGUAGAGGGAUCGAGUGGUCUAGGCGAAUGAUACGAGAGGCUCACUGGGGACGAUGGGAGUGAUCUACUCGAUGUUGCGUCCGAUCACAUCCA,.......................(((((.....(((((...........)))))((((((((.....(((((.((((((((((((((((....)))))))))..((((((.(((...(((.....((.....))......)))....))))))))).....))))))))))))......))))))))....)))))....,.........((....))......(((((.....(((((...........)))))((((((((((...(((((.((((((((((((((((....)))))))))..((((((.(((...(((.((.((........)).)).)))....))))))))).....))))))))))))..))..))))))))....)))))....,2,10,0.0008,1.7999999999999972,0.0008,1.7999999999999972,0.1086,1.7999999999999972,0.001,1.7999999999999972,0.0034,1.7999999999999972,0.0033,1.7999999999999972
8,8,AGCUUAAUGAUCCACGGGUUCGCUGCACUGCAGCUUUUCACGGACUCUGUGCCGUUUGGAGUGACCAGGUCUCUCCCGCUUCGCGCGAGGUGGGUCCACGCAAGCCGGCACGCGAAAGGGCGGCUAUGUACAGCUCUUAAAACCACCAGAGGUUUAGUGAUCACUGAGGCUUGUUCGCAAAUCACUGCAAUUAGAUAUGA,(((((..(((((.(((((((((((((...))))).......))))))(((((((((((..((((((.....((((.(((...))).))))..))).))).))))).))))))...((((((...........)))))).(((((......))))).)))))))...))))).....(((......)))..(((....))),...((((((((((((......(((((...))))).....((((.(.....)))))..((((.(((...))).))))(((.....)))..)))))))...((((((((((.(((......)))))).....(((.((...(((((......)))))...))...))).)))))))..(((......))).)))))......,2,96,0.3819,23.5,0.5599,23.5,0.6686000000000001,23.5,0.5266,23.5,0.3775,23.5,0.398,23.5
9,9,CUCACGAUAUGGGGCACGGUGCAUACAUACAAGAAUUACUUGGCACCCCCGCGGAAAGUAGUCUCCUUGUACGCAUAUCGCUACAAAAUCGGGGAACUUCCAUACAUCCUGUUAUGUGAAAUGCGACGUAGAAGCCACACACUCGUCAUUGACAGAUCUACGAAUUAUGGGUCUACUAAGAAAUUUCACAUUCCGUAGAU,.(((((...(((((....((((.......((((.....))))))))))))).((.((((..((((((((((.((.....)))))))....)))))))))))..(((...))).(((((((((.(...((((.(.(((.....((((.(((....)))..))))....))).)))))...)..)))))))))..))).)).,.(((((.....(((...(((((.......((((.....))))))))))))..((((.((..((((((((((.((.....)))))))....)))))))))))............(((((((((.(...((((.(.(((.....((((.(((....)))..))))....))).)))))...)..)))))))))..))).)).,2,16,0.0018,6.399999999999999,0.0025,6.399999999999999,0.10980000000000001,6.399999999999999,0.0027,6.399999999999999,0.0047,6.399999999999999,0.0044,6.399999999999999
10,10,UCUUGUACAAGGAUAGUGACUCCGCAAUUAGGACUGAACAAUAACUUGGGCGUAAAGUAAGCGCAGGACUAGAGGAAGGCUGGUGCGCGAUAGGCCCCCGAUCAUUGAUCACGUCAAGGACACUCUUGUUGAUGAAGCUAAGGGGCGCCGCCUCCCAUCGCUUUGAAUGACGGCGCAAUGAGGCCCGGAUAUAACUCGGG,((((((.........(((....)))......((((((.((((...(((((.((.......((...(.(((((.......))))).))).....)).)))))..)))).))).))).......((((((((.....))).)))))((((((.(...((......))...).)))))).))))))(((((.......))))),((.(((((.((..((((...(((.......)))...........((((.((.........)).))))))))........)).))))).))..(((((((.....((.((((...(((((....))))).)))).)).....)))).)))(((((....((((.(.....).))))....)))))((((.......)))).,2,102,0.492,15.7,0.7644,15.7,0.8806,15.7,0.5659,17.9,0.5138,15.7,0.542,15.7
11,11,GGAACAAGCAGCUGCAACAAGUUUGAACGGUUUCUCCUGCAGAAUGAGUGGUACCCUAACAUGCUAGGCUGCACUGGAAGCAAUGUCCCAUUGACCACUCCGCUCUCCCCUCUGGGAGUCGUGGGCCUGACCCCGAACUCACAUGAUCUAAUCAUUGCCUAAGGGACAUUUCCACGUGUAAGAAACCCGGAAACAUCGUU,.......((....)).....((((....(((((((((((....(((...((...))...)))..)))).(((((((((...((((((((.(((..((.(((((.(((((....)))))..)))))..(((....((.(......).))...))).))..))))))))))))))).))))))))))))...))))......,......((...)).......((((....(((((((((((((.....((.(....)))....))).))).(((((((((...((((((((...........((..(((((....))))).))(((((.(((....((.(......).))...)))..))))).)))))))))))).))))))))))))...))))......,2,33,0.009,1.7999999999999972,0.0146,1.7999999999999972,0.1264,1.7999999999999972,0.0169,1.7999999999999972,0.0189,1.7999999999999972,0.0138,1.7999999999999972
12,12,UGGCUUAGAAUGAACAGAUAGAUUGCCUACAACAAAAUACUGAUGACGGGGGAGCCGUGACAUGGCGGCCACCGCUAGUCGGCCUACGCUUUAAAACAUAUGCUGUUAUCAGACGCCAGUCCAUCUUCGGUCACGAGCGCCUGGUACCUUCUUAAGAAGUAGCGCUGGUGGAUAAUGUUUCUCAUGCCGGCAAGGCCUCC,.(((..(((...(((((((.(((((..............((((((((((((..(((((......)))))..))(((....)))...................))))))))))....))))).))))....((((.(((((....(((.(((....))))))))))).)))).....))))))...)))(((...)))...,.(((..(((((((..((((.(((((..............((((((((((.(((((.(((((.((((((...))))))))).))....)))).........).))))))))))....))))).))))))).((((.(((((....((.((((....))))))))))).)))).......))))...)))(((...)))...,2,35,0.0132,14.0,0.0232,14.0,0.1298,14.0,0.0289,14.0,0.0235,14.0,0.0245,14.0
13,13,ACGUCUCCGGUCUUUGACGAGUCUCAUUCAAUGGCUGGUAGGCUGAUAGCAGCCUUACAUUCUCAGGCAACCUAUAAAUCCACGACUAUUACUCGAUGUAGUGCCUGUAGCCUGCACUUUCAAAUACAAGAUGCGAUCUGGUCCGACUAGAGUUCGCCGCAUUAAUCAUAGACAGAACCGUCGUUGCCUUGGGCACUUUA,.......(((((.((((..........)))).)))))((((((((....))))).)))...((((((((((...........(((.......))).(((((.((.....))))))).............(..((((((((((...))))))..))))..)..........(((......))))))))).)))).......,..((((..((.(..(((((..(((...((....((.(((((((((....))))))........((((((..(((((......(((.......))).)))))))))))..))).))..............((((((.((((((...))))))......)))))).......)).)))..)))))..)))..))))......,2,77,0.2068,20.700000000000003,0.3292,20.700000000000003,0.4155,20.700000000000003,0.322,20.700000000000003,0.2245,20.700000000000003,0.181,20.700000000000003
14,14,AAUCCAAUGCAGUCGAGUGAAGUACCGUCGUAGUAGCUAUAACCACCUUAUUCUUGCCCCCUGCAAGCGCUAGAUACUGAUCCAUGCUAAUAAAGUAGUCAUACGUCAAGCGAGACAUUGUUACGUGAUGGAUAAUGGUAUGCAUACACCUGGGCUGCACUCUAGCAGCAUACUCUUUGUUAUACAGCGCGUUUAUACUA,.....(((((.((.(((((.(((.(((..((.(((..((((.(((...(((((((((.....))))).....))))...((((((........(((.(((...(((...))).))))))........))))))..)))))))..))))).)))))).)))))((((((........))))))....))))))).......,...((((((((..(..((....((((((((..(((((...............(((((.....)))))((((.(((..((((...((((.....))))))))...))).)))).......))))).)))))).)))).)..))))).....)))(((((......)))))........((((....))))...........,2,103,0.3847,17.3,0.5808,17.3,0.7148,17.3,0.5787,17.3,0.4274,17.3,0.3872,17.3
15,15,GUUGGGGUAGGGGCCCGACUAAUAGCAGUUCUUUGACAAUUCUUCUGCGUUAUUCAUUUUGAUAACAAUUAUUAUAUAAGUGCUGGAAAGCCAACCAUAUCGGCCUUAAUCCCCAACAGAAAACCUUCACGAGUGGGGUCGGUUUCGCAAUUCCUUGCGUGAGAGCCGAGGUUGGUUACAUGAGAAUAACCACGCCGAAC,((((((((((.((((.........((((................))))((((((......)))))).............(((.(((....)))..)))...)))))))..)))))))......(((........))).((((((((((((....)))))...)))))))(((((((((........)))))).)))....,(((((((..((((((.((.((((.((((................)))))))).))((((..((((......))))..))))..(((....)))........))))))...))))))).......((.((((...((((..............)))).))))))...((..((.(((((........)))))))..))...,2,61,0.0823,14.200000000000003,0.1355,14.200000000000003,0.2558,14.200000000000003,0.1231,14.200000000000003,0.0607,14.200000000000003,0.0613,14.200000000000003
16,16,UAAGGAAACUGAUGAGGGCAAAGUCUCUUCAUUGGCGCAAAACGGGGUAGAUGUCGGCCUGCAGGUGAUGAUGUAUCCGUCCGGCGAUCAACGCCUAAUUCGCAUCUCUUUAGGGUAUGAAAUGUUAUAUGCUACGGGAACAAUGCCGACCUUCGGAGACCUAAGGAAUACGUCUUUCGAGCGGAAGGAUUCCUCGUUCA,.........(((((((((....((((((...(((((((((...((.((.((((((((.(((((........))))...).)))))).)).)).))...)).)).((((..(((.((((((....)))))).))).)))).....))))).....))))))...........(((((((.....)))))))))))))).)),..(((((.((((((((((.......))))))))))........((.((.(((((((((.((((........))))...).))))).))).)).))......((((.(((((((.((((((....)))))).))).))))...))))(..(((((((((((...........))).)))))).))..)..)))))......,2,74,0.1521,14.0,0.281,14.0,0.3911,14.0,0.2913,14.0,0.1637,12.800000000000004,0.1665,12.800000000000004
17,17,AUGCCAACUUAUUCUUGUUGGUUAAGGCAACGAAUCCCCUACGUCUCAACACGAAGUGGAUGACCAGGGAUGAAACCACGCUGGGCCAGCUUCCUCCCUCCGAUGUGUGCUCAUUCCAUAAGAUCCAGGCGGUGCGCCUCAAUCACUCACCUGUUUAGAUCCUUUUAUCCAUGGGGGACAUUGCCGGAGCUGAUCUGUAA,..((((((........))))))...(((((.(..((((((((((......)))...(((((((...(((((((...((((((.((..((........)))).).))))).)))))))....((((((((.((((.........))).).))))....))))...))))))))))))))).)))))(((.....)))....,..((((((........))))))....((((.(..(((((((.((((.((((.....(((....)))(((((((...(((((((((..((....))...))))..))))).)))))))....(((..(((((...)))))..))).......)))).))))...........)))))))).))))((((.....))))...,2,54,0.0421,11.700000000000003,0.0789,11.700000000000003,0.1995,11.700000000000003,0.0615,11.700000000000003,0.0528,10.5,0.0524,10.5
18,18,UUUAUUCAGCGAUCCCCUGAGAUCCUGGCUCUUCCGUUCGGCUCUAGUCGCUAUAUAAUCCCAGCGUAUUAGUUAUGGCCUGGAGGUAGAAGCGUUAGAGCAAUACUUCUACAGAGACCACGUGAGGUAGCUGUCUUAAGUCGUUGCUUACUGCGUGAGAUUGCAGCCAAUUAGCGGCUGUCUCAUCCGUACAUAAGGUA,......(((.((((......)))))))(((((.((.((.(((((((((((((..........)))).)))))....)))).)).)).))).))....(((((((((((..((((..(((......)))..))))...)))).)))))))..((.((((((...(((((.......))))))))))).))...........,(((((((((.((((......))))))))..((((((...(((((((((((((..........)))).)))))....)))))))))).....((((..(((((((((((..((((..(((......)))..))))...)))).)))))))...))))(((...((((((.......)))))))))........)))))...,2,31,0.011,9.299999999999997,0.021,9.299999999999997,0.1369,9.299999999999997,0.0195,9.299999999999997,0.0131,9.299999999999997,0.0137,9.299999999999997
19,19,UAUGUCUGAGAUUAAUUCUCCGUCGAAUGAUAUACGCACUCUGCCAGCGUCCCCAUAUUAUUUGUGCCUGGUUCUUGCGGUUAGGCACAGGGCUACGUUUGUAAAGCGACGGUCCGAAAUAAUCUUAACUCUAUGCCCGAAUUAGGGCCCCACCGAGCCAGCGAGGGUCAACGCUUCACACCAUCGGGCUUGAAAGUCUU,......((((((((.(((.((((((....(((...(((...))).(((((.(((........(((((((((.........))))))))))))..))))))))....))))))...))).)))))))).......((((......)))).....((((((..(((((..............)).)))))))))........,...((.((((((((.(((.((((((..........(((...)))((((((.(((........((((((((..((....)).)))))))))))..)))).)).....))))))...))).)))))))))).....((((......)))).....((((((..(((.(((...........))).)))))))))........,2,16,0.0018,3.5,0.0028,3.5,0.10439999999999999,3.5,0.003,3.5,0.007,3.5,0.0066,3.5
20,20,GGACCUCAGGGUAUCCGGGCCUGUAAUCACGGCUAGUGCAAUGCGGGUGUUUCGAGGGCCAGGGCUUGUUCGUUGGUCUGGUCGCCAGAGUUUGUAGAAGUAAGGUCCCACACCCCCACGGGAUUUAUGCCUCAUGCGAGACUCGAUUAUCUGACGCUUAGGAGCCUAAGUGGCGGAGUCUCGCGCUGAACCGAGCACAG,..(((....))).....((((((....)).)))).((((.....((((((...(.(((((...((((.(.((..(.(((((...))))).).)).).))))..))))))))))))...(((..((((.(.....((((((((((..........(((((((....)))))))...)))))))))))))))))).))))..,(((((....)))..)).((((((....)).)))).((((..((.((((((...(.(((((...((((.(.((..(.(((((...))))).).)).).))))..)))))))))))).)).((........))(((((((((((((..........(((((((....)))))))...)))))))))).))).....))))..,2,17,0.0015,1.6999999999999957,0.0017,1.6999999999999957,0.1028,1.6999999999999957,0.0026,1.6999999999999957,0.0037,1.6999999999999957,0.0038,1.6999999999999957
21,21,UCGCCGGGUACCCUCAAGUCUGGCCCUGACUAUAGCUAUCCCACGCUCGGUCCGACAUUAAGACACACCAGGGUCUCGUAUCCCUAGGGUAAGGUACGCGCGGACCGGCCAAUCGGGUAUUGCUGCAAACUAUGGCAAUAGUGCAUAGGUUCAGACGAAGUACGGGUGGAUAUUUGUAGCCAGUAUGCUGGGUCUCCGGG,...(((((.((((...(..(((((......(((((.((((.(((((.(((((((..........((.((((((........)))).))))..........))))))))).((((..((((((.(((........))).))))))...))))....((.....)).))))))).))))))))))..)...)))).))))).,...(((((.((((...(..(((((......(((((.(((.((((((.(((((((.............((((((........)))).))............)))))))))...(((....((((((.(..(((((.((....)))))))..)))).)))....)))))))))).))))))))))..)...)))).))))).,2,36,0.0143,11.899999999999999,0.023,11.899999999999999,0.1248,11.899999999999999,0.0257,11.899999999999999,0.0291,11.899999999999999,0.0293,11.899999999999999
22,22,GAACCAGACCUUCCUCGUAGGUCACCAGCUCGAAUCUAGGGCGAGGACGAUCACUUACCAGGAAGGCUGUAUAAAAUGCGUCUGAAUGCACUUCCGUACACUCCAUAUUGCUAUCAGAGAGAAACCCUUGUAUUUACAGUAAAAUAAUUCAUAAGGCAGGUAUCUACCAGGCUCCGAGCCAUUCCAAACUGAACAGAUAU,....(((.(((((((.((((((..((.((((.......))))..))......)))))).)))))))))).......(((.(((((..(((..................)))..)))))(((.....)))..........................)))(((....))).((((...))))....................,........(((((((.((((((..((.((((.......))))..))......)))))).))))))).(((((....(((((....))))).....)))))....(((((....((((...(((..(((((((((...........)))..))))))..(((....))).((((...)))).)))....))))...))))),2,48,0.0451,6.5,0.0697,6.5,0.1726,6.5,0.0709,6.5,0.0447,6.5,0.0442,6.5
23,23,CGAAUUGAGGAUGUACAGAGAAAUCCUGGGUGUGAAACGAGGCGGCGGUAGCUAUGAGGCAGGCAAAAUGGAUCACAGGGCUAAACCAGCCAUCAGUAGCUUGGGAAUCCAUCUUCGAGACAGUGUACAUAGAUACCAAUGAUCUAGAAACAAUUAUCAGCACUCCCGCUUCGUCGGGGAACCGGACGUAGUCUUAGAGA,...(((.(((((..........))))).))).....(((((((((.(((.((..(((...........(((((((..(((((.....))).........(((((((.....)).)))))................))..)))))))..........)))))))).)))))))))(((....)))................,((.(((.(((((..........))))).))).))..(((((((((.(((.(((..((((........((((((..(.((((((.............)))))).)..))))))))))..((.(((((...(((((.......)))))...))).)).)))))))).)))))))))(((....)))(((...))).......,2,57,0.0724,15.66,0.1374,15.66,0.2299,15.66,0.1049,15.66,0.1037,15.66,0.0945,15.66
24,24,ACAAUUCUUUCUACAAUUCGAAAAGCUACUACCGUGGUGGAAUCUAGAGAAACAUUUAUAGGCGUAUGACGGGGUUUCACAGCUAGAUCCAUGAUGUAAUUGUGAUAGUCUACGUAUCAACCGUACCCCCGGGGAAAUCCUGAAAUGUAGCGCGUCACGACUAAAGUAAUUCAGUAUCGUCGGUGGUAGGCGUCUCAAAU,...................((....((((((((((((((((.(((((.(((((..(((((....)))))....)))))....))))))))))........((((((.(.((((((.(((......(((...)))......))).)))))))..))))))((....))..........)).)))))))))...))......,...................((...(((((((((((.(((((.(((((.(((((..(((((....)))))....)))))....)))))))))).))......(((((.((((((((.(((......(((...)))......))).)))))).)))))))(((.................))))))))))).)...))....,2,19,0.0027,3.0999999999999943,0.0032,3.0999999999999943,0.1069,3.0999999999999943,0.0044,3.0999999999999943,0.0075,3.0999999999999943,0.0068,3.0999999999999943
25,25,AGCGGAGGGGUCUAGUGGUCACAUCCUACGAGUUCGGGGCACCGAACAAAUCGAAGUCUACCGAGAUAGGGCGUUCGUUAGGCGGACGCUAGCCCAUCAUUUCUCAUGGUUCAUUGAUACUGGACACCUAAUCUGCUAGUUAAUCCCCAGACUACGUAGACCGGGAGUCGUGAGUUCGUCGUAUGGCCAAAAAUUCUGAU,((((((((((((((((.((((...(((.(((((((((....))))))...)))..((((....)))))))((((((((...))))))))....((((........)))).....))))))))))).)))..))))))........(((.(.((....)).).))).((((.(((((.(((....)))....))))))))),((((((((((((((((((......)).....((((((....))))))..(((((.(...(((((((...(((((((((...)))))))))...........))))..))).).)))))))))))).)))..))))))..........((((.......(.(((...(.((......)).)...)))).......))))..,2,63,0.1004,10.299999999999997,0.1662,10.299999999999997,0.2736,10.299999999999997,0.1367,10.299999999999997,0.061,8.799999999999997,0.0612,8.799999999999997
26,26,AAGACUGUUUGAGUCCAGACAAUAUAAGUUGUGUCAGACCCUAGCACGGCCACCGAGUAUAGGGGAAACUUGGAUCGAAGAGCGUCAGGGGCGUAGCUCGAAGAUGGCGACGAUGUGCAGAGGAGUCGGAGCUACGCGAAUCGAUGUUCGGCGUCUUACAGGGUUGUCUCUCGGCCGGCCCUCAACAACCUGUUGGCUGC,..((((.....)))).(.(((((....))))).).......((((..((((.(((((....(((.(..((((...((..(((((((....(((((((((........((((.............))))))))))))).....)))))))..)).....))))..).))))))))..))))..(((((...))))))))).,..((((.....))))(((............((((.((...)).))))((((.(((((...(((.((..((((...((..(((((((....(((((((((((.....(((......))).......))).)))))))).....)))))))..)).....)))).)).))))))))..)))).((((((...))))))))).,2,40,0.0185,7.200000000000003,0.0302,7.200000000000003,0.1395,7.200000000000003,0.0365,7.200000000000003,0.0276,7.200000000000003,0.0311,7.200000000000003
27,27,GUCUCUCUCGUGCUGGCUAUCUUCUAUGCUCAUACUAAUACUCUAUGCCAAUCUGCCAAUGCUACGUCAGUCUCAUCUAUGCCAUGACGUGGACUUAUUGAGGUUGGCGGUGCAGGACGCGGGGGGCAGAAGUAAGUACCUGCACAUGUGGGCACGUAGAUGAUCUGCAGUAUUAGGCGAGGGGCUAGGGCUCAGAAAAU,(((((((((((((((...(((.((((((((((((...........(((((((((......((((((((((.(........).).)))))))).)......)))))))))(((((((((.................)).))))))).)))))))..))))).)))...))))))..)).)))))))...............,(((((((((((((((...(((.((((((....((((..((((...((((..(((((...(((..(((((((((((((((((......)))))).....)))))))))))..)))....))))).))))..))))))))(((((....)))))..)))))).)))...))))))..)).)))))))...............,2,79,0.18,24.0,0.3037,24.0,0.4203,24.0,0.3229,24.0,0.1862,24.0,0.177,24.0
28,28,ACAACAUGGUACGGUGCGUAUUCUAUCCAGCUGUAGCCGGUAUGAGCGCAUGGAAGAAACGGAGCACAUGCGUGCCACGGAAGUACUAGCAGAGUCUAGCACUCCCUUCGCGGAUCGCUAGCGUGUUUCUAUUAUCAGUACUACGAUUGUUGUGCUUGCCUAACACCUGACGCUGAGGACGAUCCUUACCGCAGGUCUGU,.......(((((.((((((..((...((.((....)).))...)))))))).).(((((((..((....(((..((.(((((((.((((......)))).)))...)))).))..)))..)).)))))))......(((((.((....)).)))))))))....(((((.((.((((((...)))))).)))))))....,((((((((((((...((((..((...((.((....)).))...))))))((((.(((((((..((....(((..((.(((((((.((((......)))).)))...)))).))..)))..)).))))))).))))..))))))....))))))...........(((((.((.((((((...)))))).)))))))....,2,30,0.0074,11.300000000000004,0.0124,11.300000000000004,0.1264,11.300000000000004,0.0101,11.300000000000004,0.0085,11.300000000000004,0.0085,11.300000000000004
29,29,UUUAAACUCAAAUCCGGGGAAGUACGGAUCUUGUAGGCGCUCGAACCUGCGAGUGACUGCUUUGCGCGGGGUCACGUAUAUCACUGCUCCGUUUUAACUCAAGUCUCCACACGAGACUAAACUACGAACGAACGAGUCCAGGGCUGUCGAACACACCUUAAAAGUCUCACGGGACCCAGGUCGGAGUCUCACAGUUUUGU,.......(((((..(((((.(((((((((((((((((((((((......))))....)))))...)))))))).))).....))).))))).)))......((((((.....))))))...........)).......(((((((((.((((.(((((.....((((....))))..)))).)..)).))))))))))).,.....((((..(((((........)))))...((((.((((((......)))))).)))).(((.((((((.((.((.....))))))))))..)))....((((((.....))))))...............)))).(((((((((.((...(((((.....((((....))))..)))).)...))..))))))))).,2,63,0.0974,11.299999999999997,0.1572,11.299999999999997,0.27149999999999996,11.299999999999997,0.1271,11.299999999999997,0.1073,10.600000000000001,0.1121,10.600000000000001
30,30,AAUCAUAAAACAGGCAACCGUCGGGCCACAAUGCGCCACUUUUAGGAAUAUACCAAUUUGACGACCGGCUUUGAGCUUGCGGCUGGUGACGUCCAUACCAUCCGGCGGGGUCGAACCGUAAUUUUACGCAAGAAGUACGACGGCGUCUGACAAGUUCAUUCACCGUGCGCGACAUGUCUCGGUAUGCUGCCUAUAAAGUA,...........(((((....(((((.....(((((((((......((((..((...((.((((.(((..(((((.(((((((.(((((.......))))).)).))))).))))).((((.((((.....)))).)))).))))))).))...))..))))...))).))).)))..))))).....)))))........,...........(((((((((..((((.....((((.(((......((((..((......((((.(((..(((((.(((((((.(((((.......))))).)).))))).))))).(((.(((((......)))))))).)))))))......))..))))...)))))))....))))))))....)))))........,2,35,0.0113,6.5,0.0198,6.5,0.126,6.5,0.0267,6.5,0.0155,6.299999999999997,0.0155,6.299999999999997
31,31,AGUGCACUGAUCUACAAGCAUAAGCGGGACGCUUCGUGAGUACAUUCAGACUGCGCGACGACACUCGGCGUUCAUACCCGACGCAGCCAAAGGUGCCCUCUGUAACGUGGUGAACCCGCUGAGCAGAGGAUUAAUGGCGUAGAAUGAUAACGCAGGAAACUCUAAUUAUAUCGACGUCUCAUGGCUCAGCCGUAGGUAUA,.(((((((((........((((((((...))))).))).......))))..)))))((((....((((.((....)))))).(((.(....).)))(((((((...((((.....))))...))))))).......((((.........))))((....)).............))))..(((((...))))).......,.(((((((((..(((..((..(((((...))))).))..)))...))))..)))))........((((.((....)))))).(((.(....).)))(((((((...((((.....))))...)))))))......(((((.(((((((...(.((....)))..))))).)).)))))..(((((...))))).......,2,29,0.0062,8.299999999999997,0.0095,8.299999999999997,0.1177,8.299999999999997,0.0106,8.299999999999997,0.0133,8.299999999999997,0.0134,8.299999999999997
32,32,UGGCCUGUUGGGGAUGUAUUAGAAUAAAAGAUGGAAUCUUUCCUUUUAGCACACCUAGAACCAUUCCCUGUCGGGCUCUAGCCCGCGCUCCACGAGUUCGCCCGGAGGGGCCUUACGUCACCUCAACAUGGUAAUAAUGAUGUGCGACCACGCUGAUGAACUCACUCUUCAGACUCGAUUGGCAGGAUCCUUCAUUCUGU,..((((((((((((((((((((((..((((((...))))))..))))))........((((..........(((((....)))))..........))))((((....))))..)))))).)).))))).)))........((((....))))((((.((......)).)))).........(((((((.....))))))),.((..(((((((..(((..(((((..((((((...))))))..))))))))..)))))...))..)).((.(((((....)))))))..(((((((((.((((....))))...((((((((.......)))......)))))(((....)))(((.((......)).)))))))))..)))((((((.....)))))).,2,61,0.0576,14.700000000000003,0.0966,14.700000000000003,0.2067,14.700000000000003,0.0911,14.700000000000003,0.0535,14.700000000000003,0.0573,14.700000000000003
33,33,AUCCUUGUCGCCCUGAAAUUUCGACUAAAGAACUGUAAAACCAAGCGAGGGAGCGCAGUGUACGCGUAUCAACCAAAGGCGGCCCAGUGGUUGCGCCGAGUACGCCAACGACAGACAGUCCCCGUUCGUCCGAUUAUCCAAGAACUAAUAUUAGAUAUGAGGUCGUAACAACCUCGCGUGAUAUCUCUAUUCAUGGUCAG,................................(((....((((....(((((((((.((((((.((...((((((..((....))..))))))...)).))))))........(((...........)))....((((.((.........)).)))).(((((.......)))))))))....))))).....))))))),......((((...........)))).......(((....((((....((((((((..(((((((((...((((((..((....))..)))))))))...))))))....(((.(((.......))).)))......((...)).(((....)))...((((((.......)))))))))....))))).....))))))),2,31,0.0091,3.8000000000000043,0.0153,3.8000000000000043,0.12090000000000001,3.8000000000000043,0.0096,3.8000000000000043,0.0152,3.8000000000000043,0.0156,3.8000000000000043
34,34,AACAUUGUUCUGCCCAAGUAAUGGAGGCAAUUUUCAGUCUCGAAAUCUUCCAGACGGUCCCCGGGUAAAAAUUUCAUACCCCUAAUUGCGUUGAAUACCUGGCGUCAACGUGUACCCGUCUUCUUAACUAAAUUGGUGGAUGCAUCCGGAAUGAUUGUUUCGGUAAUACAAGCACGAUCUCGUAUAUAAGAAAUAGUGAG,..((((((..(((.((.(((.(.((.((((((....((((.(((...))).))))((...))(((((.........)))))..)))))).)).).))).)))))...(((......))).((((((..((...(.(((..((...(((((((....))))))).....))..))).).....))..))))))))))))..,..((((((..(((((........).)))).......((((.(((...))).))))......((((((...................((((((((..........))))))))))))))..((((((.......(.(((..((...(((((((....))))))).....))..))).).........))))))))))))..,2,48,0.0352,11.600000000000001,0.0627,11.600000000000001,0.18,11.600000000000001,0.0615,11.600000000000001,0.0494,11.600000000000001,0.0521,11.600000000000001
35,35,AACCGCAAAAGAUGUCGGGUGCUAUGAGGAGCACGAACAAGGUUGUCGGUGGUCUCGUCUUUUCUUUUUCGACUGGGCAACAGCCUAUUUUUAUUAUUUGAUAACUUGCGCAAUCCGGAUUGCUGCGCGUCACCGCCUCUAAUGUAACGAGGAACUGAGCGCUAUCGUAAAGCGUUCCCCAGUGGAUCCCUUGAUGAAUG,.(((((....(((((...(((((......)))))..)))...))....))))).(((((.........((.((((((.(((.((......(((((....))))).....(((((....))))).((((.(((...((((.........))))...))))))).........))))).)))))).))......)))))...,.(((((((....(((...(((((......)))))..)))...))).))))....(((((.........((.((((((........((....)).....((((.....(((((...........)))))))))...((((.........))))....(((((((.......))))))))))))).))......)))))...,2,54,0.0348,8.600000000000001,0.0559,8.600000000000001,0.1865,8.600000000000001,0.063,8.600000000000001,0.045,8.600000000000001,0.0429,8.600000000000001
36,36,UCGGGCCAAGAUCUCAUGCGGCAAGUUGUCUAUCGAUUAGAGAAGAUAAAACUUUGGGCCACUCGAACAUAAGUGUACAGGCCAGGCUUAGCCGAGGUGUCGACGUUCUCCAUUAAUUUUCUAGCAUUCGUAUGGAGGACGAUAUAACACUAUAUCCAGCACACAGUCUGUUCGAAGUAAAAAAAAUCGUACCCGGAUCA,(((((....(((.......((((((((((((.((.....))..))))))..)))...)))(((((((((.........(.(((.(((...)))..))).)...((((((((((..........((....))))))))))))(((......)))...............)))))).))).......)))...)))))....,(((((....(((.....(.(((..(((((((.((.....))..)))))).....)..))).)(((((((...((((.(.((...(((...)))..(((((...((((((((((..................)))))))))).....)))))....)).).))))....)))))))..........)))...)))))....,2,30,0.0117,2.6000000000000014,0.0205,2.6000000000000014,0.1246,2.6000000000000014,0.009,2.6000000000000014,0.0244,2.6000000000000014,0.0238,2.6000000000000014
37,37,CUAGACGGAUGCCACGUCCUUGCGAUUUAGCUCGGCAUCAUGUCUCAACGUUUUUGGUUACGGAUCCUCUGGCGACGAUACAGGAGUAAUGACACUUUGGCUUCCGGCCCGCGAGGACCUGGACGUCCAUCGCCUGAUUUUGUUGUUCCACGACUUAUCCAUAAGUGCCGUCAAUAGGCUGUUUGAUCUAUGAGCGGUGG,...((.((((((((.(((((((((....((((.((..((((..(((..((((....((..((((...))))))))))......)))..))))..))..)))).......))))))))).))).))))).))....(((......)))((((..(((((........(((.......)))..........)))))..)))),...((.((((((((.(((((((((.........((..((((..(((.......(((....((((...))))....))).....)))..))))..))..((((...))))))))))))).))).))))).))((.((..(..(((((...)))))..)..))...))(((((..((((((.....).)))))..)))))..,2,53,0.0422,7.699999999999996,0.0792,7.699999999999996,0.1895,7.699999999999996,0.071,7.699999999999996,0.051,7.0,0.0508,7.0
38,38,GCAAACAACGUACAGCCUCACCGACUUGCCCAUCGUUCAAACAUUCGGCCACCCCCUGCCUAAACACCCGGCUGGCUUUGGACUUUGGAAAGCUUUCAUUAACUGACGGGUGUUAAGCAUUAAGCGAUUAUUUGCGGGCGCCUGGCCUCAGCGCAAAAAUCAUGGGCAAAUAUACCUAUCACCCGACUUCUUACAUUUGC,(((((....(((...(......)...)))(((..(((((((...((((((...................)))))).)))))))..))).......(((.....)))((((((....((.....))((((.(((((((((.....)))....))))))))))(((((........)))))))))))..........))))),(((((....((......((...)).((((((((.(((.........(((((..((((((...((((((((((((((....).))......))).............))))))))..)).....((((....))))))).)..)))))..........))).))))))))...........)).............))))),2,93,0.3324,30.700000000000003,0.5488,30.700000000000003,0.6437999999999999,30.700000000000003,0.5136,31.900000000000002,0.3743,30.700000000000003,0.3555,30.700000000000003
39,39,AAUAUAACAUUUGAGAGAUCAACGACACGGUACAUAGGUCAGUAAUGCUGUUGCUCUCCGACGAGCCGGCUUAUGGUCCCGGCAGGGUGGUGCCUUAAAAAAGGCACGAGGAUAUACUCACCACGCUCGCAGCCCAUACAACGGAACCGGGACGGUGGGACCGGAUCAAUUACGCAUAACCGACGCGAGUUUACAGGUCU,............(.((((.(((((.((...(((........))).)).))))).)))))(((((.(((((((((.(((((((.((.((((((((((....)))))..(((......)))))))).))......((.......))..))))))).))))).)))).))((((.(((.........))))))).....))).,............(((((.....(((((((.(((........))).)).)))))))))).(((((.(((((((((.((((((((((.((((((((((....)))))))(((......)))..))).)).))..((........))...)))))).))))).)))).))((((.(((.........))))))).....))).,2,35,0.0136,7.700000000000003,0.0195,7.700000000000003,0.1254,7.700000000000003,0.0267,7.700000000000003,0.0184,7.600000000000001,0.0189,7.600000000000001
40,40,CCGACAUACUAGCCAGGAGGAAGCCAAACCUCCAGCACGCAACCGAGCUGAUAGUCCAUAUACUCUAAUGGUGCCAGACCCCUCUUUGCUUGAGAGGACGGACCCGCCCGGUGCUUGGCCGCCUGACAUAGAGGUAGUCCUGUUCUUUGCGGAGAAAAUUGGGUGGGGUGUGAUAUAACCUGCCACUUGUAGAUCUAUUC,...((((........(((((........))))).((((.((...(((...(((.....))).)))...))))))......((((((.....)))))).....((((((((((..((..((((..((...(.(((....))).)))...))))..)).))))))))))))))........((((.....))))........,..((..(((.((...(((((........)))))..(((((....(..(((.....((((........))))...)))..)((((((.....)))))).....((((((((((....(((.((((.......)))).)))((((.....)))).....))))))))))))))).............)).)))..)).....,2,63,0.0718,10.299999999999997,0.1256,10.299999999999997,0.24080000000000001,10.299999999999997,0.1145,10.299999999999997,0.0556,10.100000000000001,0.0553,10.100000000000001
41,41,UAAGUUGAUCGGCGGCUUUACCUGUUGAGGCAAAAGCGAGACAGCGGAAGUCGCAUGUGUACCUCAGUACGUUGAACAACAUCCUGUUCCCCAUACGGGUCCAACUCGAACAUGAACUACGUCUGACCUAUGCGCGGUGCCUUCGUCCUGAGAACAUCCGUGAAGGGUGACCGCCGGUUGCUCGCUUUAAAGAGGGCACC,...........((((((((.((((((...((....))..))))).))))))))).((((((..((((.((((.(((((......)))))(((....)))......((......))...))))))))..)))))).(((((((((.....(.((.((.(((.(...((...)).)))).)).)).)......))))))))),...........((((((((.((((((...((....))..))))).))))))))).((((((..((((.((((.(((((......)))))..(((.(((((...)))))...)))....))))))))..)))))).(((((((((.....(.((.((.(((.(..(.....)..)))).)).)).)......))))))))),2,16,0.0015,6.299999999999997,0.0017,6.299999999999997,0.1091,6.299999999999997,0.0022,6.299999999999997,0.0046,6.299999999999997,0.0044,6.299999999999997
42,42,UCCAAGAAUUAUGUAUCUGUGUGCAGCCAUACUUGAAGGUCCAUGGCUGAUCUACAAUUCCUGUUAACUAUAGUCUCGAGAACUGCGGAUUCAUCGACCUGUUUGCCCCGCUAUAAAGCCAUCUGAUACAUCCGCAACUAUGGCUUGUCAAAUACACCGCCCUUUCUGCAUCACAUCAGCAUGGAGGAACUCGGCCGCGU,...........(((((.((.....(((((((.(((.(((((.......))))).)))..........................(((((((..(((((...((((...........))))..)).)))..)))))))..)))))))...)).)))))..(((.(((((.((((......).))).)))))...))).....,.................((((..((((((((((....)))..)))))))..).)))....((((.....))))..(((((...(((((((..((((....((((((...))....))))....))))..))))))).....(((.(((.....)))..)))((((((((.........))).)))))..)))))......,2,76,0.1538,16.3,0.2484,16.3,0.3611,16.3,0.2853,16.3,0.1651,15.600000000000001,0.1594,15.600000000000001
43,43,UGCGUCCUGCGCUCAGGAUGGGGCCUUGCACUGUCUAGGAUUCCCCAGCCCUUGAGCUGAUAAGCUCGGUGGAUGCGCAGCAGUGAAUUGAUCCCGGAGGGAGUACCAUACGCUCAAUCUUCGCUAUCUGGUCAAUGACCUGGAAUUCAGCUAUGAACUCGCCGAUCGGAUACCCUAUGGUAUGUCCUGGCCAUUGGCCU,..(((((((....)))))))(((((...(((((.((..(..(((...(((...(((((....)))))))))))..)..)))))))....(((..((((((((((.......))))..))))))..))).((((...))))..((.((((....)))).))((((...(((((((....))))).)).))))....))))),..(((((((....)))))))(((((...(((((.((..(.....(((.((...(((((....))))))))))...)..)))))))....(((..((((((((((.......))))..))))))..))).((((...))))..((.((((....)))).))((((...(((((((....)))..))))))))....))))),2,15,0.0012,5.699999999999996,0.0011,5.699999999999996,0.1082,5.699999999999996,0.0015,5.699999999999996,0.0041,5.699999999999996,0.0039,5.699999999999996
44,44,CCCAGAUUUUGAAUCCUUUAAGGAGGGGUAGUUGCUUGUCCACGUCUCCGGCGUCUCCAGCAAUGAGCAACGGCCCCUCUACCCGAUGUGAAGGUCGGCUCUGUACGAUCACCGAGUUAGGAAAUAGACAAUCAGUCUUGAAAACGGGUAGACUCAGUGGAAUUCGUUCUUCUGAGACCCCUCGACCAUCUGAAACUGAU,..(((((......((((...))))(((((.(((((((((..(((.(....))))........))))))))).)))))((((((((.......(((((........))))).((......))....((((.....))))......))))))))(((((.((((....)))).)))))...........)))))........,..(((((.((((.((((...))))(((((.(((((((....(((((...)))))..........))))))).)))))((((((((..(.(..(((((........))))).))...((((((....((...))..))))))...))))))))(((((.((((....)))).))))).....))))..)))))........,2,25,0.0048,5.600000000000001,0.0085,5.600000000000001,0.11410000000000001,5.600000000000001,0.0076,5.600000000000001,0.0109,5.600000000000001,0.0108,5.600000000000001
45,45,AACCGACUCAAUAAUCACCCAGGAUCAAGGACACCUUCUCCGGUAGAGACCAAAAACCAGGGGCGUCGAACCUACCGCUUGCGUUUGCCAAUGACCUGACGUUCAUUUGGGUUUUGGCUACAUUAUGGACGGGGGGAAUACCGUCAGUUGCCCAACCUGCGGUACCCAUAGGGGUCUACAGUGGAUCCCUUUGGACCGCA,..(((..((.(((((.(((..(((..((((...)))).))))))..((.(((((..((((((((((((........((........))........))))))))..))))..)))))))..))))).)))))(((.(((.......))).)))....((((((..(((.(((((((((...))))))))).))))))))),...(((((......((..((.(((..((((...)))).)))))..))..(((((..((((((((((((........((........))........)))))))..)))))..)))))..........(((((........)))))))))).......((((((.((...(((((((((...)))))))))..)))))))),2,42,0.0253,12.0,0.0466,12.0,0.15560000000000002,12.0,0.0532,12.0,0.0418,12.0,0.0386,12.0
46,46,AUCAUAAUUACUAUAACGCUCUGCCGGGGGGAUGGCCGUCUUAACCACUGGCGAUAAACCCCCCAUCAAUUUGCUAAGGCUAGGGUUUUUUGUGUAAGCCGUCAUGAAGUAAAACCGUUUAACCCGGGUUUGGAGGUAUCCGGUGCGGAGCGACCCGAAAUCACUGAGGGUCCAGACGAUCGUGCUCACUGACUUACUUC,.................((((((((((((((((.((((..........)))).))...)))))).......((((..(((...(((((.......))))))))....))))(((((..........)))))(((....))).).)))))))(((((...........)))))(((..((......)).))).........,.................(((((((.((((((((.((((..........)))).))...))))))........((....))..((...(((((((........))))))).....)).......((((((........)))))).)))))))(((((...........))))).........((........)).......,2,45,0.0292,10.599999999999994,0.0534,10.599999999999994,0.159,10.599999999999994,0.0572,10.599999999999994,0.0379,9.899999999999999,0.0399,9.899999999999999
47,47,ACGAAUUCAAUGUACGACAGAGAGCCAAACCUGCGGAUGGGAGGUUUCAGACUUGGGGAUACUUUUUCGAUCCUCAGGCAUCGGGAUCUGCACUGCGAGUCAGUAAUCAUCCCCAUGGCACGACCGUCUAGUCAUCAGAAGGCGUACGGGUUAACUAACAUACAGCAGAGUUGAUAGCCGCAGCACUCCCUCGUACCGAA,...........((((((..(((.((.((((((.(.....).))))))......(((((((.(......))))))))((((((((..(((((..((...((.(((......(((...(..(((.((.(((.(....)))).))))).))))...))).)).))..))))).))))).)))...)).)))..))))))....,.....(((...((((((..(((.((.((((((.(.....).))))))......(((((((.(......))))))))(.(((.((((((((.(((...)))))).....))))).))).).((..(((((..........)))))..))(((((.(.................).)))))...)).)))..)))))).))),2,64,0.0851,14.100000000000001,0.1275,14.100000000000001,0.2452,14.100000000000001,0.1061,15.100000000000001,0.0946,14.100000000000001,0.0956,14.100000000000001
48,48,GGUCGUAACGCCCUUUUAACGGCGGACGUUAAUACUCAACGAUCCGAAUGAUUGGGACAGCUUAAACCGCUAGCAUAGUGUGUAGGCACACUGCCUUGCAUUCCACUAGCUUAACUCGAUCCAAUACUCACUUGGGCUCACUGAUAAUAGAGAAGGCGAGGGAGUGCGGCUGGGAGUGGAGGAAUCACAACCGGCCCAUC,((((((..((((........))))((.((....)))).)))))).....(((((((.....((((...(((((...((((((.(((((...)))))))))))...))))))))))))))))...(((((.(((.(.((..((........)).)).).)))))))).((((((..((((.....))))..))))))....,(((((.....(((..(((....((((((((.......)))).))))..)))..)))............(((((...((((((.(((((...)))))))))))...)))))......)))))...(((((.(((.(.(((............).)).).)))))))).((((((..((((.....))))..))))))....,2,47,0.0361,10.400000000000006,0.0601,10.400000000000006,0.159,10.400000000000006,0.0479,10.400000000000006,0.0398,9.5,0.0398,9.5
49,49,GACGACACGGGUCCGUACCCUUAAGACUAAAACGGUCCCCCGAAGAGUCAUCAUCCAAAGAACUCGUCAUGGGCGUCAACUUCAGUCGGUAAAGCUCACAGGUGACUUUGAUUUAAGCAAUGAGAUCUUGGACCUCUGCUAGAAGCUAUGACCUUGUCUGCCAAGCUUUUACUCAAAAAGACUCGUAUUCUCAAUCGUGA,((.((.(((((((...........((((.....))))(((.((.(((((..........).)))).))..))).((((.(((..((.(((...))).)))))))))(((((....((((..(((.((...)).)))))))(((((((.((........))...)))))))..)))))..)))))))..))))........,((.((.(((((((...........((((.....))))(((....(((((..........)).))).....))).(((.((((..((.(((...))).))))))))).........((((..(((.((...)).)))))))(((((((..(((...))).....))))))).........))))))).)).))........,2,20,0.0032,0.6000000000000014,0.0053,0.6000000000000014,0.1124,0.6000000000000014,0.0038,0.6000000000000014,0.0097,0.6000000000000014,0.0095,0.6000000000000014
50,50,UGCUAUCGAAGCCUCGGUGAACGACCUAUCGAAAAUCAGGUUGAUAUGUUCUAUCAGAUGGAGUGGAAGAUUGCAUUUGCUCCAGGAUAACAAUCCAGCUCGUAAAGGACGUAUUCAUCGGGCCGAGCUCGCCUUCAGUGGUUCCGACUUUAGUCUUCGAUAACCUCAGGCCAAUAACCUGUUAUGAUCCCUCUUCGACA,.....((((((((.((((((.((((((...((...))))))))(((((((((....(((((((((((........)))))))))((((....))))...))....)))))))))))))))))).((((.(((.....))))))).(((....))).((.((((...((((.......))))))))))......)))))..,.....((((((...(((((((((((((((.....)).)))))).((((((((..(((.(((((((((........)))))))))((((....))))..)).)...)))))))))))))))((((((((.(((.....))))))).(((....))).............))))....................))))))..,2,29,0.0106,8.900000000000006,0.0146,8.900000000000006,0.12460000000000002,8.900000000000006,0.0175,8.900000000000006,0.0135,8.900000000000006,0.0148,8.900000000000006
51,51,GGGGCUACACGCGGAGAGCUUAAGCAAUACCCAAGCCGGACGCGCAACGCGCCCCCUUUAGCACGCACGGUAGAGGGAGAGCAUUACAACUUCGAAUUGUAAGGGCGAUGACCUCAUGGAGAAAUUUUGGUUAUACUCAAUCUGGAACGUACUCAGGUUUUCUGGCAGCGGAAGUAAUGUGGUUUUUAAGAAUCGAAGAG,((.((....((((..(.((((...........)))))...))))....)).))(((((((.(......).)))))))............((((((....(((((((.((((((..((......))...))))......(((((((.......)))))))(((((....))))).....)).)))))))....))))))..,((.((....((((..(.((((...........)))))...))))....)).))(((((((.(......).)))))))............((((((.((.(((((((.((.((((....((((..((((((...........))))))..).)))))))((((((....))))))....)).))))))).)).))))))..,2,30,0.0064,9.700000000000003,0.0104,9.700000000000003,0.12079999999999999,9.700000000000003,0.0098,9.700000000000003,0.0096,9.700000000000003,0.01,9.700000000000003
52,52,UAUCCCUCUUUGCAUCACCUAGGCUAGCAGUGUCUAUCUGAAUCAGCGCGCUUGGCGUAGAUAGGAGGGUCCAGCUCCGUCUUCCUCCUACUUCUCACAGGAUAUCAGCCAUUUUGCAUUGGGCAAGAGAUGGCCCUGGCACGCAGGUCCACGAAUCGAUAGCAUUGUAAGACAGACCGACUUACUCCCCUCCAGGGGUU,..........((((((..(((.((((((.((((............))))))).))).))).((((((((...((......))))))))))..(((....))).....(((...........)))......(((.((((.....)))).)))......))).)))..(((((.(.....).))))).((((....))))..,....(((((.........(((.((((((.((((..((....))..)))))).)))).)))...((((((...((.((.((((..........(((.((((..((((.((((((((((.....))))..))))))((((.....))))..........))))...)))).))).)))).)))).....)))))))))))..,2,79,0.1652,12.399999999999999,0.2767,12.399999999999999,0.4051,12.399999999999999,0.3164,12.399999999999999,0.1603,12.100000000000001,0.1615,12.100000000000001
53,53,CGAUGUGGUGGCCUUAAUAAAAUUACCUUAUAUUGACGCCUGGAUGUGUCGUACUCACAAGUAAGCCUUCGAACUGAGCUGGAAGAAGAGACCCCCUCGGUUUUGUGAAAUCCAGCUAAUUAAUUGUGUAUUAAUGAGCUUUAGGAGGGUUUUAUCACGUAUUUGUCUCUGAGCAAGAAGAUUACAAAUCCCAUUGUUAA,..(((((((((((((..((((............((((((......))))))..((((..((((.((..........(((((((....((((((.....))))))......)))))))........)).))))..)))).))))..))))))..)))))))....((((((.....)).)))).((((......))))...,(((((.((.(((.((((((.((.....)).)))))).)))..((((((.......))))...((((((((......(((((((....((((((.....))))))......)))))))........((..........)).....))))))))..))....((((((.(((........)))..)))))))))))))....,2,86,0.3043,15.099999999999998,0.4617,15.099999999999998,0.5716,15.099999999999998,0.4679,15.099999999999998,0.2938,15.099999999999998,0.3195,15.099999999999998
54,54,CGUGAGCGCUUUAGAAGGUGUAGUGUGCCACUUUUAACGCGCUGCAUUGGGCUAUAUCCGUAUGACAUAAGAACUUUCGAUUGUCAAUAAUGACUGAAUUAGCCAGCGUACAUCAUGAGAUGAUUAGCGGUCUACAGAAUCUCGCUUUAAACGCCUCAGCUCAUUUGGUGUUGCGGCGAGGUGCCCGGGUAAUGCUAUGA,.((.(((((.(((((((..(((...)))..))))))).)))))))....(((..((((((..(((((...((....))...))))).............(((((.((...((((....))))....)))).)))....((((((((...((((((...........))))))..))))))))...))))))..)))....,.((((((((.(((((((..(((...)))..))))))).))))).)))..(((..((((((..(((((...((....))...)))))...(((.(((.......))))))........((((........)))).....((((((((...((((((...........))))))..))))))))...))))))..)))....,2,26,0.004,8.0,0.0061,8.0,0.12279999999999999,8.0,0.0061,8.0,0.0082,8.0,0.0081,8.0
55,55,UCAGUGGGAUAGUUAUACAUCCACACGUGGCACCUAUACCUAUCAUAUAACAUCUCGAGGCAAGAUAAAAUACCCAACUGGGUGGGCGCCCCUUGACAAUAGAUCGAUGAUUAAAUGGCUACGCCGCACACGAUGUUCACAGAUCGGAUAGGGGGACGUUUUGUGCGUAAGCUUGCAGUCGUUAAAUAUUGGAUCUUGGA,((((((((((.((...)))))).))).))).....................((.((((((...(......(((((....)))))..)...))))))..))(((((.(..(((.(((((((..((((((((.(((((((.(..((...))..).))))))).))))))...))....))))))).)))..).)))))....,...(((.(((((.((((...(((....)))....)))).))))).)))......((((((...(........((((......)))))...))))))....(((((.(..(((.(((((((..((((((((.(((((((.....((......))))))))).))))))...))....))))))).)))..).)))))....,2,43,0.0209,8.099999999999994,0.0308,8.099999999999994,0.1478,8.099999999999994,0.0357,8.099999999999994,0.0366,8.0,0.0361,8.0
56,56,UUCAUUCUUAAAUCAUAGAGCACGUCCAGAGUUUUCUGCAUGACCUUAUCGUCGAACCUGUAAACCACGGAACGACAUGCGCCCGUGUACAAACGCCUGUCCGUGGCUGGGCACCUGCGACGUCCCAUUUGAAACUGAAUUCGAUCAGGCUCCACGAAGUGCUGCCUAUCCUCAGAGCGAUGCGGGUGCACAGGCGACAC,.................(((..(((.((((....)))).)))..)))...((((..(((((...(((((....((((.(((............))).)))))))))....(((((((((.(((...........((((....(((.((((..(((...)))..))))))).)))).))).))))))))))))))))))..,............((((((((.((.......)).))))..)))).......((((..(((((...(((((....((((.(((............))).)))))))))....(((((((((...((.(.(((((..........(((.((((..(((...)))..))))))).)))))).))))))))))))))))))))..,2,35,0.0108,9.199999999999996,0.0155,9.199999999999996,0.1331,9.199999999999996,0.0172,9.199999999999996,0.0156,9.199999999999996,0.0162,9.199999999999996
57,57,UAUAAUGAAAACCAACAUAAUGCACUGAAAUGGUCUCCAAGACCUGGCAACCUUGUCCAAACCUUAGCCCGUUGCAGGGUACGGCGGUACUCAUGGACAUGUGCAGUGGCCCUUCUAACCCGCUCCGGGGACACUAGCGAUAUAGGACUGCUCAGUGCGUACGUCGAGUUGCUGGGGGGCGCACGUUAAGACGGACAAGU,(((.............))).(((((((....(((((...)))))(((((....)).)))..((...((((......))))..............)).)).)))))((((((((.....((((...))))....((((((((..(.(((.((.....)))).).)...))))))))))))).)))(((......)))....,.........................((....(((((...)))))...))..(((((((....((((..((((....((((((....))))))))))..((((((....(((((.....((((...))))....((((((((....((((((.......))).)))..)))))))))))))))))))))))..))))))).,2,68,0.1048,2.0,0.195,2.0,0.3206,2.0,0.1716,2.0,0.1047,2.0,0.1068,2.0
58,58,CUAAUCCGUGGAACUGUUGAGAUAGUCCAUGCGAGCGACCGAGUUCGGUGCUUCUAACCCCAACGGCAAAUAGGAAUGGACACAAAGUCCCAUCGAUCUAGCGCAGAUAUAAUCCCUGUCAUUAAUUAGCACGGUGGAAUAUGUAGCACCCUAAGUACUGGGACGGCCGUCAUAGACCAAUUUCGACGGUUCCAAAUCUA,........(((((((((((((((.(((.((((((((.((((....))))))))......((...........))..((....))..((((((........(.((..(((((.((((((((........).)))).))).))))).)).).........))))))....).))).)))..)))))))))))))))......,........(((((((((((((((.((((((..(((((.(((....))))))))....((.....)).........)))))).....((((((........(.((..(((((.((((((((........).)))).))).))))).)).).........))))))((.(......).)).)))))))))))))))......,2,24,0.0034,6.700000000000003,0.0059,6.700000000000003,0.12630000000000002,6.700000000000003,0.0069,6.700000000000003,0.0066,6.700000000000003,0.0061,6.700000000000003
59,59,UUGUGUGAUGUGCAUCGGUAGCUCGGUAAAUACGUUCGCCGGGCUUGAAGCUGUAUCCGUUGGAAUCCAAGUUGGGAGUUAUAACGUAAAACGGCAUUCCCGAUAGUCUCUCAGGGGACGAUCGAUGUUCAGGCGGCUGCGAUUUUGAACGCCGUGAAGCGUGAUUAAACCGGUCGACUUUUGCUCCUUGAAGUUUUCAU,....((((.((..((((((((((((((..........)))))))).((((((((...(((((...(((......)))....)))))....))))).))).((((.(((((....))))).))))....(((.((..(.(((........)))...)..)).)))....))))))..))..))))....((((...)))).,....((((...(.((((((((((((((..........)))))))).((((((((...(((((...(((......)))....)))))....))))).))).((((.(((((....))))).))))....(((.((.((.(((........))).))...)).)))....)))))))((((((........)))))).)))),2,24,0.0034,5.5,0.0055,5.5,0.1232,5.5,0.0059,5.5,0.0074,5.5,0.0073,5.5
60,60,CUAUCACCUGUACUUGCGGCCACCACCUCAUUUGCCCGUUGGCCGACUCAUCGCGUGGUAGGGGUUGUCGACUGUGGGAGUUUUCAGAUUACGUCCUAACCAACCGUAAAAGAACCUCCGGUAAGAGUAAAAGGAGGGUACAGGGUACAGUAAAGACGAUAGGACAGCCGUGUGUUAGGGCCGGAAGCCGCGGGCAAAUU,.......((((....))))..........(((((((((.((((((.(((..((..((((((((((.(((((((.....))))....))).)).)))).))))..))........(((((.............))))).((((.(((...((....)).........))).))))...))).))...))))))))))))).,.......((((....))))..........(((((((((((((((.......((((((((..(..((((((((((((((.((.........)).)))......(((.(.......(((((.............)))))....).)))))))).....))))))..).))))))))....)))))......)))))))))).,2,72,0.1203,18.700000000000003,0.1809,18.700000000000003,0.3034,18.700000000000003,0.2416,15.130000000000003,0.1391,18.700000000000003,0.1225,18.700000000000003
61,61,GACGGGACAGCACCUAGACAUACUCAAAUUAGGCCUAGCCACUAUUUGGCCGCACGCUUGUAUCAGAUUGGUCAAAGUACACUCCAUUUCUAAAGAUUUACCCCUCUAGCCCCUCCAGUGAGUGGCGCUGUCCGUUCAUAAAACUCCGUACACUCAUAUAGUCGAUGGCGAACGCGAUGUGGUGUAACCGAUUUACGUUA,((..(((((((.....((..(((........((((............))))........)))))(((.(((............)))..)))..(((........))).(((.(((....))).))))))))))..)).......((.((((((.(((((..(((....))).....))))))))).)).)).........,((..(((((((.(((((...........)))))....((((((.((((((((....((......))..))))))))...((((......(((.((........)).))).......)))))))))))))))))..)).......((.((((((.(((((.(.((........))).))))))))).)).)).........,2,60,0.0924,13.3,0.1309,13.3,0.254,13.3,0.1152,13.3,0.0938,13.3,0.0955,13.3
62,62,UUGUACUAUAAUGGUGAGGGUUCGGCACUAUGGCGUGUGUUCAGUUAAUAAAGGGUACUGUAAUUCCGCGUGGACGGCGCCUCUCGCAUGCUAUUUAAAGACGAUAGCUGAGUUCUCUUCCCUCAACGACCACGACAGUGAUUGAGAAUUCCGAUUUGCAGAUAGUGCACCUAAAAAUUUGAGCCUUGCUAAAGCUCAGC,.((((((((..((((((((((...((....(.(((((....((((...........))))......))))).)...))))).)))))..((((((.......)))))).((((((((.........((....)).........)))))))).......)).)))))))).........((((((.((....)))))))).,.((((((((....(((((((((((...((((.(((.(.(((((((...........)))).))).)))))))).))).))).)))))..((((((.......)))))).((((((((.((.((...((....))..)).))..))))))))..........)))))))).........((((((.((....)))))))).,2,28,0.007,5.399999999999999,0.0121,5.399999999999999,0.1328,5.399999999999999,0.0128,5.399999999999999,0.0133,5.399999999999999,0.013,5.399999999999999
63,63,GGCCGGUUCAGUAACGAGAUGCAUUCUUGUUCCAGAAUUUACGUGCUCAGAAACCAGGCCUUAUCUCCCCUAUCCUAGCGCGAUGCAUACCUGCAUCCAUCCCUGGGCACCGACACGCCCACAUGUGAAUGGGGCAACCGUCUGCCUACGGUUGACGGGUGAAGGUAUUUCUAGGGUCCGAAAGAAUGUCGGUCUACGGA,(((((((((.(.(((((((.....))))))).).))))....(((((.((.....(((..........)))...)))))))((((((....))))))...(((((((.(((..(((((((.(((....)))))))..(((((.(((...))).))))))))..)))...))))))).............)))))......,..(((((((.(.(((((((.....))))))).).))))....(((((.((......((.........)).....)))))))((((((....))))))...(((((((.(((..(((((((.(((....)))))))..(((((.(((...))).))))))))..)))...))))))).((((.......))))....))).,2,17,0.0018,8.099999999999994,0.0025,8.099999999999994,0.1188,8.099999999999994,0.0029,8.099999999999994,0.0042,8.099999999999994,0.0042,8.099999999999994
64,64,CUGGUAUAAACUCCACACGAAUGACCCUGUGAUCGGGUGUUAUCUACCCCGUUAUAUCAGGAAAUUUCCUCUGUUGUGUCUAGCUCCGGAAGCGUGGUGUGCUAUUAAUCGAUCCAUAACCAUGUCCUCCCCGCUGAACGCGCUCGUUUCCCCGUAGGGAUUUUGCGAGUGGCUAUGUCGGUCGCUCUAAGGUACUCGAG,(((((((((..............((((.......)))).............)))))))))((.....(((.....((((.((((...(((.((((((((((.............))).)))))).).)))..)))).))))((.....((((....))))....))((((((((.....))))))))..)))...))...,.(((........)))..(((...(((.((((((.(((((.....))))).))))))..((((....))))..((.((((.((((...(((.((((((((((.............)))).))))))..)))..)))).)))))).....((((....))))......((((((((.....))))))))...)))..)))..,2,50,0.0334,9.700000000000003,0.063,9.700000000000003,0.19019999999999998,9.700000000000003,0.0645,9.700000000000003,0.0437,9.700000000000003,0.0434,9.700000000000003
65,65,AACAUGUUGAUGGGGGUCAUUUCAGUGCUUCGCCUUUGCGCUUGUGGUCCAGGGCAGGAUAUCAAACGCUCAUACCCUCGAGAAUUGGAACACUCUUCCCGAAGUCACUCCCGACAAUGUAACUACACUGACUUCUGUACAGCCUGUGCGGGGAUUCUCGUUUGUCCUCCGCUGUCGCUACUUGUCUUUCUGCAUGAUUC,..(((((.((.((((........(((((.........))))).(((((.(((((.((((...((((((......(((.........((((.....)))).(((((((......((...))........))))))).(((((...))))))))......)))))))))))).)))..)))))...)))))).)))))....,..(((((.((.((((((.((((((((((.........))))).........(((.((((.....((..(((........)))..)).......)))))))))))).))))))((((((((....)))...((....))..(((....((((((((........)))).))))....)))..)))))..)).)))))....,2,89,0.3066,26.200000000000003,0.4168,26.200000000000003,0.5358,26.200000000000003,0.3853,26.200000000000003,0.2873,26.200000000000003,0.3151,26.200000000000003
66,66,GCGUUCCACUUAGUGGUUUGAUCAGGACUUCUCGCCUAACGGGGUCUGAUUAAGCCCCAACUCCCAUCUGGAUCUUGGUCAAAUAGAGGGCGGGUAUAGUGCCAGUGCGAGGCGAAACUAAUUAAACGGAUGGCGUUAACCCGCUCCCCGGUCCUUUUGCGAGCUCGUUCGGAUCAAAGAGGGGAACCGUAUGUGGGAUG,.((((((((.((..(((((((((((.(((((.........))))))))))))))))((((.(((.....)))..)))).......(.((((((((.((((((((.....((......))...........)))))))))))))).)).)(((((((((..((..((.....))))...))))))).)).)).)))))))),.((((((((.....((((((((((.((((((.........))))))))))))))))((((...((....))...))))..........(((((((.((((((((.(.((.................)).))))))))))))))))(((((((((....(((....)))..))))).....))))........)))))))),2,43,0.0316,11.200000000000003,0.0579,11.200000000000003,0.1763,11.200000000000003,0.0682,11.200000000000003,0.0595,10.600000000000001,0.0607,10.600000000000001
67,67,GGUCCAUGGAACCUGGGUAUGUUGGUAAGUUCGAGUUCAGGGCCAUCCGCAGAGGGUAGUGUCGAAUGGGGGCAUUAUUUGCACUACUCGCAGUAACGCGUUAUCCGAGAUUUGUGUUCUGGGAACGCGAGAAUCUUGACAAUGUGUGUAGCCCGGAAAUCCUGGGACCCAGCUAGUUGCUUAACAGACUGUCACAAAGC,(((((..(((..((((((.(((.((...((((.......))))...)))))(.((((((((.(((((((.....))))))))))))))).)....(((((((.(.((((((((((((((...))))))..))))))))).)))))))...))))))...)))..)))))(((((.(((....))))).))).........,(((((..(((..((((((.((.(((...((((.......))))...)))))(.((((((((.(((((((.....))))))))))))))).)....(((((((.(.((((((((((((((...))))))))..))))))).)))))))...))))))...)))..)))))..(((((((........)))).......))),2,21,0.0027,7.100000000000001,0.0041,7.100000000000001,0.12240000000000001,7.100000000000001,0.0044,7.100000000000001,0.0072,7.100000000000001,0.0074,7.100000000000001
68,68,AAUCCCUGGGUGGAGUUGUGGGGGCGAUUGACAUUGUUGAAUUAAGUUAGCGGGCUGAUUUUUUCGGCUGGGGUUGACCGAUACCAGGUUGUCUCGCCAAGAUAUUAUGGUACCAUACUUUUGGGGUCUGCGAGUACCCGCCUUAGCCAUCCUUAUUUUCGGGGGUGUCUCCGGGCGAUUGAGAUUCCUUAAUACCUCUC,.(((((((((..(((..(((((((((.(((((.(((......))))))))((.(((((.....)))))))(((..((((.......))))..)))((((........)))).(((......)))(((((...)).))))))))...)))).)))...)))))))))......(((..((((((....))))))....))),.(((((((((.(((((((.(((((((...(((.(((((((......)))))))(((((.....)))))(.((.....)).)(((((...(((((.....)))))...)))))(((......))).)))..))....))).)).))))..))))).....)))))))......(((..((((((....))))))..)))..,2,85,0.2382,12.5,0.4008,12.5,0.5168,12.5,0.4605,12.100000000000001,0.2401,9.799999999999997,0.2414,9.799999999999997
69,69,UGGACUAUUAUGCUCAUGAUCGGCAUUAAGAUCUAGUGUCUCCACCCUCUGGUUUUUCAUUGUAACCUCCCUCCUAAUCGGAAUGGGUAAUGCAGGGCCUUUACUUGCUCCUCCGGGUAGGACGACGGCCGUCGUAUUUUCGUAGCGCGGAAUACUGGCAGGAAUAACGUGGCGACCCGAAUAAUCUCUGUCAGUAUUCA,..........((((.((((..(((((((.....)))))))...(((((((((((.....................)))))))..))))((((((.((((((..(((((((....)))))))..)).)))).).))))).))))))))..(((((((((((((.((....(((....)))....)).))))))))))))).,((((((...(((((.......)))))..)).)))).((((((((((((((((((.....................)))))))..(((....(((((.......)))))...))))))).))).))))..((.(((.........)))))(((((((((((((..((.((.((...))))..))...))))))))))))).,2,84,0.2156,19.5,0.4475,19.5,0.4863,19.5,0.3684,19.5,0.1877,17.9,0.2138,17.9
70,70,UGACCUCCGAUUUAGGCGUCAUAGAUUGAUCAUAAGAUUUCUCUGUUCUAGCUCCACUAGGGGUUACGAUGAGGGAGCCCUUGCUUCCCUCCUUUGGCCGAUUCCUAAAGCCUUGCUAGCGGUUCGCUUAAAUGAAACAUUCGAGAUCUAUGUGCACAUGUGUCGUAAAUCGGGUGCCCUAGAAUACGAAUUACUCACUU,.....(((((((((.(...((((...((..(((.(((((((.....(((((((((....))))))).)).((((((((....)).)))))).((((((.((.((((..(((...))))).)).))))).))).(((...)))))))))))))..))..)))).).)))))))))..........................,......((((((((..((.((((...((..((((.((((((.....(((((((((....))))))).))((((.(((((...(((......((((((.......)))))).......)))))))).))))...(((...)))))))))))))..))..)))).))))))))))(((...................)))..,2,50,0.0485,16.599999999999998,0.0733,16.599999999999998,0.1954,16.599999999999998,0.0681,16.599999999999998,0.0618,15.999999999999996,0.0633,15.999999999999996
71,71,CCAAGUAGCUGUUGCAUGGAGAGUUUCCCGUAUCAACACAUGGGUACGAUGACUGGCGGGUUACGACAAGUACGAGUAAGCUUCCGGACAGACUGAUCUCUUGCUCCCCGUUUGAAAGGCAUAGAUUACUGGUUUGCUAAGAAAUCUCUAUGUGGCCUUGGUCGGCCCGUCGUGGGUACUGGUCUUCUAAGCAGGCCUAG,(((((.....((((((((((((....(((((........)))))........((((.((.((((...........)))).)).)))).(((((((((((..((((............)))).))))...)))))))........)))))))))))))))))...((((.....))))...(((((.......)))))...,(((((.....((((((((((((.((((.((((((........))))))....((((.((.((((...........)))).)).)))).(((((((((((..((((............)))).)))))...))))))....)))))))))))))))))))))...((((.....))))...(((((.......)))))...,2,17,0.0016,4.799999999999997,0.0018,4.799999999999997,0.1221,4.799999999999997,0.0028,4.799999999999997,0.0044,4.799999999999997,0.0042,4.799999999999997
72,72,CUGAUAGCCCCAAAUACACGUGGACGUACUGUGCUCCAUUAUAAACCGGACUUCACAUGAGAUCCCCUUGAGAGUAACGAUAUGUUGCUCAUGGUCCCUUUCGAUAUGGCAGUCGUAAUGAGUACCGGCCUCACUUAGUUUGGUGUGGGGGCGACUGUCCAGACUCCCGGAACUCGUCAGGCAUGUAUCGACGAAGCAUG,.........(((........))).......(((((.(.......((((((.(((....))).)))......(((((((.....)))))))..))).....((((((((...(((...((((((.((((((.((((......)))).))((((....))))......)))).))))))..))).)))))))).).))))).,(((((....(((........)))(((.((((....((((........((((((((.............)))(((((((.....)))))))..)))))........)))))))))))...((((.((((((.((((......)))).))((((....))))......)))).))))))))).(((((.((...)).))))),2,59,0.0591,12.100000000000001,0.0831,12.100000000000001,0.2096,12.100000000000001,0.0767,12.100000000000001,0.0614,12.100000000000001,0.0654,12.100000000000001
73,73,ACAGGUGUAAACGAUAAAGCCCGAAUCGCGGCUUUGCACCCGCCCCUCGAACCACAGAGACUAUCACAUCUCCAACUAACAAGUAUAUCUAUGGUUAGGAAGGACGCUAUCCGGUGUGCUUGGGUUAACAAGCAUCUCUGUCCUUAAUGAUCUGCGUCUAUCACGCGCGCUCGAUGACGAUGCCGCGAACAUGAACAGUA,...((((((.......(((((((...)).)))))))))))....(((..(((((.(((...(((..................)))..))).))))))))..((((((.((((((.(((((((......)))))).).)))........)))..)))))).(((((((.(((((....))).))))))....)))......,((.((((((.......(((((((...)).))))))))))).....(((........)))...........((((((((...((.....)).))))).))).((((((.((((((.(((((((......)))))))..)))........)))..))))))....((((.(((((....))).))))))..........)).,2,34,0.0146,10.979999999999997,0.0261,10.979999999999997,0.1466,10.979999999999997,0.0296,10.979999999999997,0.0231,10.979999999999997,0.0228,10.979999999999997
74,74,UUACUAACACCAAAAACUGCUUUUAGCAAGCGGGCAAGCUUAACAUCAACAAGUAUUGUCAGACAGGGUUAAGUUCUCAACCUUACUGUCCGGUUUGUGAGUUCUAGUGUGACGGGCGCCUCCAUUGGCGGGGAGUUGUCUCUGGAGUAUAUGCGCGGACGACUCACCCAGUCAAUAAAAGAGUCAUGAGUUCAGUCCAU,.(((((..((((.((((((.............(((((((((.........)))).))))).(((((((((........))))...))))))))))).)).))..)))))....((((..(((.((((((((((((((((((.((.(.....).)).))))))))).))).))))))...........)))....))))..,..................((((.....))))((((.((((((..........((..(((((.((..((.......(((((((.........))))...)))..)).)).))))).))(.(((.((((((((((((((((((.((.(.....).)).))))))))).))).))))))....))).).))))))..))))..,2,76,0.1479,16.799999999999997,0.2175,16.799999999999997,0.3549,16.799999999999997,0.2455,16.799999999999997,0.1547,16.799999999999997,0.1569,16.799999999999997
75,75,UUUAUCAAGGUCAGCCGCAUCGCUUCUUACUGUCCGGCCACCGAUGUACGUAUCAUCUGUCAUCAUGUUAUUAGCGAUAAGCAAGUAGCAGUGACUGCAUCCACAGAAAAUGACAUCGUGGAAUGAAGAUGCGAGCCCGCAUGCAUAAAAUCAACUUUUGGUGUUUCCAUACAUAGUCUAAGCAUUUAUGAUUGAAUAUA,................((.((((.((((.(.......(((.((((((.(((....(((((((((((((((((.((.....)).))))))).))).)).....)))))..))))))))))))...))))).))))))...((..((((((........((.((((......))))))........))))))..))......,(((((((.((...((((((((..........((....((((.(((((...(((..(((((((((((((((((.((.....)).)))))).)))).)).....)))))..)))))))))))).))...)))))).))))...)).)))))...........(((((..((..(((((.........)))))..))))))).,2,66,0.0911,10.0,0.1503,10.0,0.2878,10.0,0.1918,10.0,0.0831,10.0,0.0854,10.0
76,76,GGCCUUGAUUUGUCACCGGUGAUUCUUCCUUUCGGCGGCGAAGGAGCUACGGCAAGCCAGAUUUAUAGAGUUACUUGUGGAUAAAAUUUCAGGAUGCCGGACAAAACUAUGCGAGCACAAAAUACUUCGACCUAGGUCUAUUAGGGAAGAUGGCCACGAGACAAAUUCCUCAAGUAGCUUUAGUAGUUGCACGUACAGGA,.((((...((((((.((((.((....))...)))).)))))))).))((((((.(((.....(..((((((((((((.(((.....((((.(...(((((.((......)))............((((..(((((.....))))))))).))))..))))).....))).))))))))))))..)))))).)))).....,(((((...((((((.((((............)))).)))))))).)))(((((((......((..((((((((((((.(((.....((((.((.(((((.(........).)).))).......((((..(((((.....)))))))))....))..)))).....))).))))))))))))..)))))).)))......,2,26,0.0062,4.0,0.0107,4.0,0.13219999999999998,4.0,0.0108,4.0,0.014,4.0,0.0155,4.0
77,77,UGGUACAAGGCUGCUGGGGGUAUGCUAGUCAAUAAAGCCCUACUAUAGGGUGUACUCUCUACGUAGACUCCUCAGGCAGUCACUUCUAGUAGUGCUUAGUCGAGGACCCAGGCACGGUAUGCGAGUGCGGGAAUGUCAGGGCCCUAGAGCGGUCAUUAGGGCCAUACCUUUUCAUGCUGGGAUUGACCUAGUGCGUUGUC,....((((.((.((((((...((.(((((.......((((((...))))))((((((.((((((.(..(((((.(((((.((((......))))))..))))))))..)..))...))).).))))))(((((.((...((((((((.(....).))))))))..)).)))))..))))).))...)))))))).)))).,........(((((((((((((.((((((........((((((...)))))).......))).))).))))).)).)))))).....(((..(((((..(((((...(((((((((.........)))).((((.((...((((((((.(....).))))))))..))..))))...))))).)))))..))))).)))..,2,96,0.3528,13.200000000000003,0.4613,13.200000000000003,0.6088,13.200000000000003,0.4031,13.200000000000003,0.3439,13.200000000000003,0.3709,13.200000000000003
78,78,CGUGUGCUCUCCUGGCAGGGAUACAAUCACUGGCGGACCCAAAAACUUGCGUGUCCGUGCUCUUUGAUGGUUGAUGCUGAGGGUGUUCGCGAGACAUGGUCCCGCUCCCCGGCGAACCUGAAUGCACAUGGUGAUUAUGCUUUAAAGAUCAUGAUUAGGUGAACCCACUAUAGUCGACAGGGUAGGUACUGGUUUUUUGC,((.(((((.(((((.(((.(((...))).)))..((((((((....))).).))))((((..(((...((((..((((..(((.(...(((.(((...))).))).)))))))))))).))).))))...((((((.(......).))))))(((((((((....)))).)))))..)))))..))))))).........,(((((((..((.(.((.(((...........(((((..(((....((((((...((...(((....((.....))...)))))....))))))...)))..))))))))..)).)....))..)))))))((((((.(......).))))))(((((((((....)))).)))))..(((........))).........,2,90,0.2634,24.699999999999996,0.4479,24.699999999999996,0.5522,24.699999999999996,0.4573,24.699999999999996,0.2842,24.699999999999996,0.2729,24.699999999999996
79,79,CAUAAUAGUCUCUGAUCUCCAGCUAUUUGUGGACGUCCGGGUGGAAGGUGCGGUCCAGUCAGCCAAAGCUGCAAGCUGUUAGUAUUCCCUGCUGAGAUCUACUCUGACACGUUUCACACGUGACUCAUAUCGAUUGACGAUGAGAAUAGUUUGUGCUGCCAGCACUGCUCGGCAUCAUCUUCUUGAUCGUGUUUUAAACG,(((((......(((.....)))....)))))...(((((.((((((.(((((((((((.(((.....((((((...))).))).....)))))).))......))).))).)))))).)).)))..(((.(((((((.(((((....(((..(((((...))))).))).....)))))...))))))))))........,((((((((...(((.....)))))))).))).(((..((((.(((.(((((.(..((((..((...(((.((((((((((........((....))...........(((((.....)))))...(.(((((.....))))).))))))))))))))....))))))..).))))).))).))))..)))(((...))).,2,112,0.7871,24.799999999999997,0.9627,24.799999999999997,1.0687,24.799999999999997,0.9488,24.799999999999997,0.7233,24.799999999999997,0.7206,24.799999999999997
80,80,AUAUUUCCCAACCGAUACCGGCCUCUUUGGCGAAUCGGAGCAUCUUUCUUAAGGGAGAGUCUGUUAAGACCCCGCUCCCUGGUGACCUGGCGAUCUGUUUACUCACCCCAACGUGAAUAAGACCUCUGUUACGCUCUAAAGCAACCCCAAAGACCCGCACUGCAGUGUACUAUCGAGUCGGCCUUCUGUGCGCCUUAUCU,...........(((....)))..(((((((.(....(((((.....((((((.(((...))).))))))....)))))...(((((..((.(.(((((((((..........)))))).))).).)))))))(((....)))...))))))))..(((((....((..(((....)))..)).....)))))........,.............((((..(((.(((((((......(((((..........((((((.((((....))))....))))))(((((...(((.....)))...))))).........................))))).........)))))))...((((.(.((((.(((....)))))..)).).))))))).)))).,2,76,0.1771,18.1,0.3458,18.1,0.43220000000000003,18.1,0.3464,18.1,0.1695,18.300000000000004,0.1716,18.300000000000004
81,81,CUGUUGGUCGAGAAUGAUGCGAGAUCAAAGUGCCUAUAACUAGGCAAACGAUAUGGGACUGUUCCUUACUGGUUCCCUGAACCGAACAGGCGGAACUGCUAGUAGACUGGGGAUUUACGCAACAUUUUAAGGUGUCUUGUCUUCCCUUAUAUGGGAUCAGCACCCGUCUGUGAUCAUCCGCCUGAUUCUAGUAGAACUGU,((((((((..((..((((.....))))...((((((....))))))........((((((((.....)).))))))))..))))).)))((((..(((((((......((((((...((((((.......((((.((.(...((((......)))).))))))).)).))))...)))).)).....)))))))..)))),..........(((((.(.(((.((((....((((((....))))))........((((...))))....((((((...)))))).((((((((...((((.((((((.(((.((((.............)))).))).)))).(((......))))).)))).))))))))))))...))).).)))))...........,2,101,0.3624,26.81,0.5361,26.81,0.6574,26.81,0.4313,29.96,0.3588,26.81,0.3652,26.81
82,82,GCCCAUUUCCGUGGAGGCGGGCAUGUCCGUCCUCGAUCAAGCUGAGACCCACGUGUCGUUUAACCCCCGAAGUGACACUUUUGGGUUUGCUACGGGGUCGAACCGUCUCACCAGGCCACUUGGAAAUGGGCGAUCAGCGGGCCUAUGUCGUCCUGCGGCGGGUCUUCCAAAUUUCAGAGUAGGAUUGAGCCAUGCAGGCC,((((((((((((((.((.(((.(((..((.(((((....(((..(((((((.((((((..............))))))...)))))))))).))))).))...)))))).))...))))..))))))))))((.((.........))))(.((((((..((.((.(((.............)))..)).)).))))))).,((((((((((((((.((.(((...((.((.(((((....(((..(((((((.(((((((((........)))))))))...)))))))))).))))).)).))...))).))...))))..))))))))))(((............)))(.((((((..((.((.(((...((...))...)))..)).)).))))))).,2,13,0.001,1.0,0.0009,1.0,0.1145,1.0,0.0014,1.0,0.0048,1.0,0.0046,1.0
83,83,UCGGUGCAAUACGAAGCCUUUUUAGUGGUCCUAUAGAGUAUAUGCAAAUUACACAGAGUUACACAUCAUGGGGUGCUUUCGAUUUUGCCUUGGCAAGUUUUCGCACCCAGCAGGACCUAAGGCUCCAGUACUCACGACCACAUUUAAAGUUCGGGAAUAGCUAUCAAUUGGUUUCUGAUACCGGUGGACGAGUACCAGUA,..(((((..(((..((((((......((((((.....(((.((....))))).((((........)).))((((((.......(((((....))))).....))))))...)))))).))))))...)))....((.((((.........(((((...(((((.....)))))))))).....)))).)).)))))....,(((........)))((((((......((((((.....(((.........)))...((........))...((((((.......(((((....))))).....))))))...)))))).))))))...((((((....((((...((....((((((((............))))))))))...))))..)))))).....,2,33,0.0127,7.399999999999999,0.0231,7.399999999999999,0.1356,7.399999999999999,0.0297,7.399999999999999,0.0184,6.600000000000001,0.019,6.600000000000001
84,84,UAUAUCCCCACCACGUACAUGUCGACAGGCUACUCGGAGAAAACCCGGAGUAGGAUCGAUUGAGGCUCAGACAAUGUGGCCAUUCCGGAUAGACAUGAAUUCAGACCGGCAUUAAUGAUAGAUCUGCACGUUGCUAGCUGCCACGCGACCUUAAUUCGACCUACGGGGGUUGAGUCCGUCAUAAGUUAUUUCACUCAACC,.....((((...........(((....)))...((((.......)))).(((((.((((((((((.((.(....((((((......((((..((((.(((.(......).))).))).)..))))(((...))).....))))))))))))))).)))))))))))))(((((((.................))))))).,.....((((.....(((...(((....))))))((((.......)))).(((((.((((((((((.((.(....((((((....((((...((.......))...)))).(((...)))......(((...))).....)))))))))))))))).))))))))))))(((((((.................))))))).,2,26,0.0054,6.200000000000003,0.0087,6.200000000000003,0.1216,6.200000000000003,0.0078,6.200000000000003,0.013,6.200000000000003,0.013,6.200000000000003
85,85,CCUAGGGGUCGGUUCCCGUAGAGCAGUGAUCACCGUCCCUGGCAUAUGCGCGGAACUUAUAUCAGAGGGCUCUGAUGUCGGACAACCUCAUCGGCGCACGCGACUUUCCUGAAUCCUGGCAGCUAACAUGGUGGCCGAGAGGGGCUCGCCCCCUCAACGAGUACCGAGAUUGCCUGCCUGCCGUGGCAAAUACGCGGGUC,.(((.(((......))).)))..(((.(((....))).)))...((..(.(((.((((......((((..((((....))))...)))).(((((.(((((..((............))..)).......))))))))((((((.....))))))...)))).))).)..))...((((((.(((.....))))))))).,..((((((((((((((((((...(((.(((....))).))).....)))).)))))............((.((((((..((....)).)))))).))...)))))..))))......((((((...(.(((((..((.((((((.....))))))..))..))))).)...).)))))..(((((.......)))))...,2,92,0.2612,17.4,0.4047,17.4,0.5609,17.4,0.3864,19.5,0.2388,17.4,0.2675,17.4
86,86,GCUCCGAGUACCCAACCUAGUAGUUAAUCGAUGCUCAAGCGAAAUUGUCGAUGGCGCCUCCGAAUGUUAGUUGCUAUUACAAAGUGUAGAUUUACCUCGACUAACCGCGUACAUAGGAAGAGAAAUUGUCUGCGCUUCAUAGGGCAUCGGAAAGGACCGCUACGAUGUUACCAGGAAUGUAUCACUCCGUUCUGUAAAGA,(((..(((((.(.................).))))).)))......((((.((((((((((((((....))((((..((..((((((((((....(((..((.((...)).....))..))).....))))))))))..)).)))))))))..))..))))))))).((((.(((.(((........))))))))))...,(((..((((((..(((......)))....).))))).)))......((((.((((((((((((........((((......((((((((((....(((..((.............))..))).....)))))))))).....))))))))..))).).)))))))).((((..((((((........))))))))))...,2,21,0.0063,1.5,0.0082,1.5,0.1269,1.5,0.005,1.5,0.0136,1.5,0.0133,1.5
87,87,GAUUCUUAAAUACACUAAGGACAAACUGGACACUUUACGUUUAGAUCUGACGGCCCAGCGCCAGCAUCUUCUUCAUUGUUUAGGGAUCCGGGCAGUGAGUUGCGACCUAGAACUAGAUGGGAAAGGACGUCGAUGUACCUUAGGGCCCUAUGGCCCGUAAGGUGAGACAAUAUUUACGUAACCCCCUGUGUUGUGUAACC,((((((((((((.....((((....((((.(.((...((((.......))))....)).))))).....))))...)))))))))))).(.((((.(.((((((...........((((........))))....((((((((((((....))))).)))))))............)))))).).)))).).........,((((((((((((....(((((....((((.(.((...((((.......))))....)).)))))....)))))...))))))))))))...((((.(.((((((...........((((........))))....((((((((((((....))))).)))))))............)))))).).))))(((....))).,2,13,0.001,4.299999999999997,0.001,4.299999999999997,0.1194,4.299999999999997,0.0013,4.299999999999997,0.0039,4.299999999999997,0.0035,4.299999999999997
88,88,GGCUUUCACAGCCCGCAAACGCGCACCAUUAACAUUUGUAUUGGUAUCAAAUGGAUGGCCUACAAGUAUGGUCUCAUUACUCAAAUGAGUUCGCUUGGCGUGUGGUUUUGGAGAUAGGUUCCGCCCCUGAGAAGGAUCGCAUACGUAAGGCACGCCUAGCUCACCAAACACCCCCGGUAGAUCACUCGUAUCCCAAUCUA,((((.....)))).....((((((.(((((..((((((.........)))))))))))....(((((..((.((((((.....)))))).)))))))))))))((((((((.(((((((...((((((....)))..((....))...)))..)))))..)).))))).)))..((((.....)).))............,((((.....))))(((....)))..(((((..((((((((....)).)))))))))))....(((((..((.((((((.....)))))).)))))))(((.(((((((..(((.(((((...((((((....)))..((....))...)))..))))).)))................))))))).)))...........,2,38,0.0149,9.899999999999999,0.0267,9.899999999999999,0.1462,9.899999999999999,0.0349,9.899999999999999,0.0191,9.899999999999999,0.0221,9.899999999999999
89,89,CACUGACGACGACCGUUAGUGCUUUUCAGAUAAUUAUGCGAAUGAACGAUAGCCCGUUACUUAAUCAACUACCAUUCUGGUUUCCCCACUGUUAUGACUAAUCAAUCCAUGGGAGUACGAGGGGAUCUUUAGGGGAAGAGGGCGUGCCCUAGCUGACCCCUACUCAGUCCCAGGCGCAUAGGCCUGCGAUGUCGGGGUUU,((((((((.....)))))))).............(((.((......)))))(((((((........))).((((...)))).((((((((.(((((...........))))).)))....)))))....((((((.((((((....))))..))..))))))....(((.(((((......))))).)))....))))..,.(((((((.....)))))))((...............))...........(((((...........(((((......)))))((((((((.(((((...........))))).)))....)))))....((((((.((((((....))))..))..))))))....(((.(((((......))))).)))....))))).,2,21,0.0033,5.899999999999999,0.0056,5.899999999999999,0.1247,5.899999999999999,0.0045,5.899999999999999,0.0075,5.899999999999999,0.0074,5.899999999999999
90,90,AGCCCAGACGAGGUAACGGUUUCCUACGAUCGGUUCCUGAUAACCCUCCCGGUCAUGGUGGACGAGAAACGUUUAACUCACGUAAUAUCGGGAUUUUAGUCGACCAACCUAGAUAGACGGGAGAAGUCAAACACCACCUGCUUUGCGUCUGUUGAUUCAGCUCAACGGGAACGCCUCGAGCUUAGCUGGAGUGGCCUCCA,....(((((((((((..(((...........(((...((((....(((((((((..(((((..(((((....))..)))........((((........)))))).)))..)))...))))))..))))...)))))))))))..)))))).......(((((...(((....))).)))))....(((((....))))),.........(((((...((...)).......((((......))))(((((((((..(((((.(((............((.((......)).))......))).)).)))..)))...))))))(((.((.........))))).(((((((((((......))))))))..)))(((.(((...))).)))..)))))..,2,83,0.2921,9.93,0.4364,9.93,0.5728,9.93,0.4422,9.93,0.2249,9.200000000000003,0.2127,9.200000000000003
91,91,CAGUUCCCUAGGGAUCCAGGUCUCUAAGGUUUAAACCCUCCGAUAGGCGCCAUCAGUUGACCGUGUGGGUACAUAAUUAUAUGUGUGUAUUCGGUGUUUAUCAUUCCGAUCCAUCAUGGGAGUUGUAGGCAAGAAUAUCAGCCACUGUGCGAUUGAUGUGAUCGACGAUACGACAAAAUUAGGGAUGGAAAGUAACAGUU,....(((....)))((((..(((((((((.......)))((....))(((.((((((((..((.((((.((((((....)))))).((((((..(((((((.(((((.((.....)).))))).))))))).))))))...))))))..))))))))))).(((......)))......))))))))))...........,....(((....)))((((..((((((((((....)))....((((((((((..((........)).((((((((.((.....))))))))))))))))))))....((((((((((((.((((.(...((..........)))))).).))..))))).)))))..............)))))))))))...........,2,96,0.3865,23.200000000000003,0.553,23.200000000000003,0.6840999999999999,23.200000000000003,0.5792,23.200000000000003,0.3978,23.200000000000003,0.3794,23.200000000000003
92,92,GGACCCAGUAACAUCCAACGCAAUAGGGGAGGGCUCCGUGGACGUGGCCCAUGUAGUUUAGACGAGCCUCGCAUCGUGCCUAUGAUCUAUCUCAUUUGAUAAUGCAACACAUCUGAGGCGCCUCAUGGCAGCGACAAGCUACGGGUUAUACUGGAGUUCCAAGAUUUCCCGUUAACUGCCACCGCUUACUUAACAGGUGA,((((((((((..((((..(.(....).)..(((((.((....)).)))))...........((((((...)).))))((((..(((......((((....))))......)))..))))(((....)))(((.....)))..))))..)))))).).)))....((.((.(((((..............))))).)).)),.............(((..(......).)))((((.(((....)).)))))..(((((.((.((((((...)).))))((((..(((......((((....))))......)))..))))(((....)))(((.....)))(((((..((..(((....)))..))..))))))))))))((((............)))).,2,52,0.0419,13.200000000000003,0.0796,13.200000000000003,0.2027,13.200000000000003,0.0641,13.200000000000003,0.0495,13.200000000000003,0.0499,13.200000000000003
93,93,AUAGGUUGUGUGGAAGUCGACGGCUCUAGCGGAGGUUGCAAUCCGAGGAUGCUACGGAAUUAACGGGUUAAAGUGAAGCCGCGUCUAUCAAAGUUUUACCUUUUAGUUAGCCACGUCGCCGGUCGCGUAUAAGCCGGGUACCCGAGUACUAUAAAUCGCUUUAAUAUUUCGUUGCGAUCCUGCCGGCACCCGGGACAGGG,.....(((((((((.(.(((((...(((((((((((.....((((((....)).))))((..(((((((.......)))).)))..)).........))))))..)))))...))))).)..)).))))))).((((((..(((.(((......(((((..............)))))..)))))).)))))).......,...((((((.((.....))))))))((.((((.((((((((((((((....)).))))........((((((((((.((.(((((((.(.(((........))).).)))..)))).))((((.........))))(((((....))))).....))))))))))......)))))))))))).))..(((......))),2,109,0.5994,25.5,0.9492,25.5,1.0449,25.5,0.6668,25.5,0.5887,25.5,0.6208,25.5
94,94,CAUCGUGGGCAGAAAACGGACUUGGUAAUCUUACCUCAUUGACUUUCGGGACCAGCGCCAACUAGUCCAUUCUUUUUGAAGUGUAUGGACGCGCAUUUAGUAAAGUCGGGUCGCGCGCGAGGGAACCAGACGAAUGGGUAUGAAAAGAGCGCUGAAUCGACGAGAGGACGUCAUGGUCGUCACUAACCGGACACCUUCAC,....(((((.......(((....((((....)))).......((((((.((.(((((((.....((((((((..((((..((...(.(.(((((((((.........)))).)))))).)....)))))).))))))..)).....).))))))..))..))))))((((.......)))).....)))......))))),....(((((..............((((....)))).......((((((.((.(((((((.....((((((.(..........).))))))((.(((((......(((.((((.(......).)).)).)))))))).)).......).))))))..))..))))))(((......)))(((........))).))..))),2,64,0.09,13.729999999999997,0.1413,13.729999999999997,0.26249999999999996,13.729999999999997,0.1304,13.729999999999997,0.0793,13.729999999999997,0.0807,13.729999999999997
95,95,GGAGGAGGCUACGGUAAUGCAUCCCGAUGAUAUAACACUUCCGCUCUUAAAUUAAGAGCGUGUUUCGCGGAACAUCUAGCUCUUCUCGUGACCUAGUCAUCUGGGCGGCAUUUCCGAGGCGUUUCAGAUGAAGCUUACAAAGAAUGCUCGCAAUGGGUCUCCUUCCUGUGUGAGAACUAAGUGAGGCAAUCGUGGCAGUG,.......((((((((..(((...(((.(((...(((((....(((((((...)))))))))))))))))).....((((.((.......)).))))(((((((((((.(........).)).)))))))))..(((((..((....((((((..(((......)))..))))))..))..))))))))))))))))....,.......((((((((..(((.((((((......(((((....(((((((...))))))))))))))).)))....((((.((.......)).))))(((((((((((.(........).)))).)))))))..(((((..((....((((((..(((......)))..))))))..))..))))))))))))))))....,2,16,0.0015,6.900000000000006,0.0017,6.900000000000006,0.12290000000000001,6.900000000000006,0.0021,6.900000000000006,0.0038,6.900000000000006,0.0036,6.900000000000006
96,96,AACUCGUAGAUGGUUGAACGCCGGACCAAGUUUCUCCGGUAUAUGUUCUAUCGGAUCAAAAAUAGCCGCGAUCAGCGAUAUCAUUGCAGUUCUGUGUGACGUAGGCUAGUACUCUAAUUGCGAGGCACUCAUGUGGGUGUAAGAAUAUCAAAAUGACAGGGUCGCAGUUGAUCCCAAUCUGGAUAAAGCAAAGCGAGGUU,..(((((..((.(((((.(((.((......(((.(((((((.......)))))))..))).....))))).))))).))....(((((((.(((.((.......))))).))).(((((((((....(((((...(((((....)))))...)))..))..)))))))))((((......))))...)))).)))))...,..(((((...(((((........)))))......(((((((.......))))))).......((((((((.(((((((............)).)).)))))).)))))......(((((((((.((((((....)))))).......(((...))).....)))))))))((((......))))........)))))...,2,66,0.0924,16.8,0.1451,16.8,0.2595,16.8,0.1806,16.8,0.0904,15.0,0.0916,15.0
97,97,CACAUGGGGUGCUAGGGUUGUUUCCCCCUCCCUAACGCAGCUCGUAGUCGCGAUAGACAUCGUUACGCAUUCAGAUGACGCCGAUUGAACGGUUUUUCGAGGGGUGAUCGUCCGCUGGCGAUCUUAACGGUAUACGAGAUUUUCGGGUACGCGUCCUGACUUGCUCUUGCGGGUGUAGACGUCCGAUCCCGUUCACCUUU,...(((((.((((((((..(......)..)))))..))).)))))....(((((....)))))..(((...(.(((((((((..(((((......)))))..)))).))))).)...)))........(((..(((.((...((((....(((((...((((((....))))))...))))))))))).)))..)))...,.....((((((...((((((....((((((.(((.(((.(((...))).))).))).((((............))))..((((......)))).....)))))).(((((((....)))))))......((((.(((.....))).))))(((((...((((((....))))))...))))).))).)))...)))))).,2,98,0.4016,22.0,0.6362,22.0,0.7507,22.0,0.6289,22.0,0.4292,22.0,0.4219,22.0
98,98,AAGAAGACCUCAAUCGAAUCACGGGCAAGUCCGACGAGGAACGCCUAGGCGAGGUGAUCGGCCCGAUCUUAAUGUAGGAUCCCCGGAGUCGCAUGACGACAGCUUAAUGUUCGUCCAGGGGGCAUACCCUUGGUGACUGUAAGCCGUGCCUGGUCCUUUUCUCGAAUGAGUCCACAGAUUAGCAAAUUUAAAAAGUGCGG,.....((.((((.((((....(((......)))..(((((....(((((((.(((.(((((((((((((((...)))))))...)).)))).)).))....(((((..((.((.(((((((.....)))))))))))..)))))).))))))))))))...)))).)))))).........(((...........)))..,.....((.((((.((((....(((......)))..((((...(((.(((((.(((...(((...(((((((...))))))).))).((((((..(((((((......))).))))((((((.....))))))))))))....))).))))))))))))...)))).)))))).........(((..((....)).)))..,2,46,0.0299,10.299999999999997,0.0503,10.299999999999997,0.1781,10.299999999999997,0.0409,10.299999999999997,0.0417,10.299999999999997,0.0393,10.299999999999997
99,99,CUAAUUCAAACUACAGCAGUUCUCAGCCCUGAUCAUCACGAGAACUGAUGAAUAGCUGGGACUGCGGAAAGGGCGCAGUAGUGUUAAAAGGCUUAAUACAAGAGUAACUAACUGAACGUAGAAGGUUAGCUCUAUGAUUGUAGUCGGGGUUCCGCAUGAUUGAACUAGUAGCCCGCCGGGAAAGUAUUGAUGUAGCGCCG,...............(((((((.((((.....((((((.......))))))...)))))))))))......(((((....(((((((.....))))))).(((((...(((((..........))))))))))..((((((.(.(((....))))))))))....((.(..(((...)))..).))........))))).,.........(((((((((...((((((..((.((((((.......)))))).))))))))((((((.......)))))).(((((((.....))))))).(((((...(((((..........)))))))))).)).)))))))(((.(((..((((.(....(((.....(((...)))..)))..).))))))).))),2,58,0.0629,15.900000000000006,0.1182,15.900000000000006,0.2419,15.900000000000006,0.1007,15.900000000000006,0.0773,15.900000000000006,0.0789,15.900000000000006
