sequence,s1,s2,sE_500
UAUCCCUCUUUGCAUCACCUAGGCUAGCAGUGUCUAUCUGAAUCAGCGCGCUUGGCGUAGAUAGGAGGGUCCAGCUCCGUCUUCCUCCUACUUCUCACAGGAUAUCAGCCAUUUUGCAUUGGGCAAGAGAUGGCCCUGGCACGCAGGUCCACGAAUCGAUAGCAUUGUAAGACAGACCGACUUACUCCCCUCCAGGGGUU,...(((((((...(((((((((((..((....((.....))....))..)))))).)).))))))))))......((.((((..........(((.((((..((((.((((((((((.....))))..))))))((((.....))))..........))))...)))).))).)))).))......((((....))))..,..........((((((..(((.((((((.(((.((.........))))))).)))).))).((((((((.............))))))))..((......)).....((((((((((.....))))..))))))((((.....))))..........))).)))..(((((.(.....).))))).((((....))))..,-36.3
CUGAUAGCCCCAAAUACACGUGGACGUACUGUGCUCCAUUAUAAACCGGACUUCACAUGAGAUCCCCUUGAGAGUAACGAUAUGUUGCUCAUGGUCCCUUUCGAUAUGGCAGUCGUAAUGAGUACCGGCCUCACUUAGUUUGGUGUGGGGGCGACUGUCCAGACUCCCGGAACUCGUCAGGCAUGUAUCGACGAAGCAUG,......((((((........)))(((.((((....((((...(((..((((....((.(......)..)).(((((((.....)))))))...)))).)))....))))))))))).((((((.((((((.((((......)))).))((((....))))......)))).))))))..)))((((.((...)).)))).,(((((((..((.........((((((.....((((((..((((..(((((((.....((((..........(((((((.....))))))).(((((.(.((((((......)))).)).).).))))..))))...)))))))))))))))))..)))))).......))..)).))))).(((((.((...)).))))),-27.8
UAAACGGCAGUUCUAAACUACUCGUAUUUCAUCACGCCAUUGAAGACCCAUUGAGUAACGACACCGCACGGCGCAUGGCGUCAGAGUAGCACUGCCUCGUUCAAACGCGCCUACUGGAAAACGCGGCAUGACCCGAUUGGAGUGCGUACAAACGUAAGGGAGUUCUUUCCGGAUAACAUGCUGAUGUUGGAAGCGUUCAU,..(((((((((.(((..(((((((....((.(((......))).)).....))))))..(((.((((.....))..)).))).)..))).)))))..))))..(((((.((.((.........(((((((.((.((..(((.(.(.(((....)))..).).)))..)).))....)))))))..)).))..)))))...,...((((((((......((((((....((((.........))))(((((((.(.((..(......)....)).))))).))).)))))).))))))..))...(((((..(........(((((((((((..((....))..(((((....)))))..((((....))))......))))))).)))).)..)))))...,-31.5
ACACGAUUCAGGGCGAAUCUAGAGCGGUUGUUCAGUGCGUGCUUUUACACAUCUCAGAUAGUGAAGACCGAAAUAACGGCCGGUGAGCGCUGAUACAGAGGCCCAUUGGCACGAUUGUGACAAUUUCGAGGGAAUAGAACCUAUCACACAAGUGCUCUACAAAUCGCUGCGUAACUUCGCGGAUUCACAGGCCGCGCGAC,....(((((.....)))))..((((((((((..((((((((..(((.(((..........))).))).(((((((((((((((((.((.(((...)))..)).))))))).)).))))......))))(((........)))....)))..)))))..)).))))))).).......(((((..((...)))))))....,...........(((((...(((((((.((((((((((((((......)))...(((.....)))..((((..........))))..)))))))(((((.((((....))).)..))))).........(((........))).....)))).)))))))....))))).((......(((((.........)))))))..,-25.0
GACAUCCUUGUCGGCUAAGGGAGUGGCACCCAAAGCCCGGUUCGUUGGUGCCUCCCGGUUUCACCUCAAGGUAACGACUAUGUGCUAUCUGCGAACAGGUUGAGUUGCGGACUAGGCACCAAUACCGUAUGUGACUUUUCUAACCGUAAAAUUGGUGGUGAGAAAUCUUAGCCGACUUGGACCCGUAAUUUACAAUAUGG,....(((..((((((((((((...(((((.(((.((...))...))))))))..)).....(((.....((((..(.....(((((.(((((((.(.......))))))))...))))))..))))....)))...(((((.(((((.......))))).))))).))))))))))..))).(((((........))))),....(((..((((((((((.....(((.......)))((((...(((((((((.(((...(((((((.(((((.(........).)))))..))...)).)))....)))...))))))))).))))...........(((.((((......))))....)))...))))))))))..))).(((((........))))),-39.2
CGCCUAUAUGCGAUUCAAGCAGGCUCCUACCCAAUCAUUGUGAUAGAUGGCUGUCUUGAUGGGUACGGCUUCAGACACCUAUAUCACAGGCGAUUGUUGGUCGCCUUAAAUUGGUACAGUGCGCUCAGCGCGCACGGUCGUUUGUCCAUAUUUCAUGGUCCAGAAGUCAACUGCCGGCCCCCGCCAAAGUACUGCAGUUG,.(((....(((.......))))))...(((((.((((....(((((....))))).)))))))))...((((.((((((.((.....(((((((.....)))))))...)).)))...((((((.....))))))((........))..........)))..)))).(((((((.(((....)))........))))))),.........((...((((((((.(..(((.((((...))).).)))..).))).)))))...))..((((((....(((........((((((((...)))))))).(((.(((.(((((((((...)))))).........))))))..)))...)))...))))))((((((.(((....)))........)))))).,-36.6
UGUGGUUCCUCCACGCAAAAUGAUGCUCAUCAAAGGAUUUUGACGUCGCACCCAGGACGGUAAACGGUAACGAGUACUUCUUAUUUAGGGUAGCAGUGCGAACUUACUUUAAAUAUGGUUUUUCCGGACACAUACCGCAGUGACUCACACGCCGCGUGUUGCAAAUCCGAACGGAAUCAGACUGGCCUGUGCUUCCUCUG,.((((.....)))).......(((.((......)).)))..((((((.(.....))))).((((.(.......(((((................))))).......)))))..((((((((....)))).))))...........((((.((((.((.(((..(.(((....))).)))))))))).)))).....))..,.((((.....)))).......((((....(((((....)))))))))((((((((...((((..((....))..))))...(((((((((((..(((....))))))))))))))((((((...((((((.(((.(((.(((.......))).))))))))....))))....))))))..))))...))))........,-19.5
AUGUGGUCGACCUUUUAAAACAAGGUUCGGCGACUUUCUGAGUUUGCUGCAGCGUGCGACGUAGCUGACCCGAUACACGUAGAAAGUGGCUUCAUUGAACACCAUAGUCUUGGUUUUAGAUGGUCUUCGGUAUACGCAGGCUCUGGCAUCUUCUCUGGUGUGGAGGUUCACACCCGGGGGCCGCGAAGUUGGAUUUUACG,..((.(((((((((.......)))).))))).)).....(.(((.(((((..........))))).))).)......(((((((..(((((((((((((.(((...((((.......))))))).))))))....((.((((((.(..........((((((......))))))).)))))))))))))))..))))))),..((.(((((((((.......)))).))))).))...((((.(((((.(((((.((((..(((.((((...(...(((.......)))...(((((.((.((((......)))).)).))))).).))))))).)))).)))..........((((((((((......)))))).)))))).))))).))))........,-42.8
CGCGGCAUAGGGUACAAGAAAAUACUACCCAACCGCCACAUACGUUAUAGCAGUGACCAUCUAUGCAUGGGGGCAAAAAGAUAGCAGCCUACAGAUCCGAUUAUCGUCCCCAAGACCGCACGAGUUAAAGGAUGUGUAAUCAAUUUCUAGCUAGAUCUGCUGAUCGCCUUGAAAAAUGGCCAUGGCAUCUUGCGCUUUUU,.((((....(((((..(.....)..)))))..)))).............((((((.(((.((((.....(((((.....((((((((.(((.(((...(((((((((((....(((.......)))...))))).))))))....)))...)))..)))))).))))))).....))))...))))))..))).......,.((((....(((((...........)))))..)))).((....))....(((..((...))..)))..(((.((((...(((.((.(..((((.((((.....(((((.........).))))......)))).))))..)......((((.......))))...(((.(.....).)))....))))))))).)))...,-22.2
GCAGGUGCUCGCAGGCUUGGUUGCGACGACCGGGCACCUGGAAAAUGGAGAUAAGUUGCCCCCAUGGCCUAGAACGACAACGUAUCCCCUGAAUUGCCAAGCAACCGAAUUACUUAUCUUCCCAUCGCUUAUGGUGAUAUUCAAGCGACAGAUGGCGGCAGAUCUUCGGGACCCUUAGUCGCAUGGCGUCAGUAGCGGGG,.((((((((((...((......))......))))))))))......((((((((((.(((.....)))...(...............).....((((...)))).......))))))))))((..((((.....((((..(((.(((((....((.(..............)))...))))).))).))))..)))).)),.(((((((((((((......)))))).......)))))))...(((........))).((((..((((((....((((...(..((((..((.(((((.........(......)......(((((..((.(((......)))...))..))))).))))).))...))))..)...))))...)).)))).....)))),-25.0
