sequence,s1,s2,sE_250,sE_500,sE_5000
AGUGUUCGGUGUGGUCGCUAACGAAACUAUUAGGACUCUUAUCGCAGCUCGCACUUGCAU,(((((((((((.((((.((((........))))))).).))))).)....))))).....,.(.(((((....((((.((((........)))))))).....)).))).)((....))..,-5.7,-5.7,-5.7
AUAUAGCUUCGCAUAGACCACGCAGUGUCCGUGAGAAUCGAAAGUCCCGGACGUCAUUGA,........((.....)).....(((((((((...((........)).))))...))))).,.....((..............)).(((((((.((..........)).)))))).).....,-3.9,-3.9,-3.9
CUCUGGAACUGACAAACUAAGGGUGGCAAGGUGGAGCUGAAGAUGGUGCAUUCGACGGUU,(((((...((..(..(((...))).)..)).)))))(((..(((.....)).)..)))..,............((..((..........)).)).(((((..((........))..))))),0.3,0.3,0.3
CUAAUGGAUCAACAGAUGUUGGAUGACGCUCUGUAACUUCCUCUUUGAUGUCAGAGCCUG,.........((((....))))....(.((((((((...(.(.....)))).)))))).).,(((((..(((....)))))))).....((((((..((.........).)..))))))...,-4.7,-4.7,-4.7
UGAUGACCACGGUGAGUAUGGCUCCAUAGUCAAAACAUAGUGGGGAGUUUAGGCAAUACC,.(((..((((..(((.((((....)))).))).......))))...)))..((.....)),......((((.(((....(((((....)))))...))).))))((.(((.....))).)),-1.6,-1.6,-1.6
CAAUCGGGAAAGUUACCCACUUGUGGGGGGUGGAGCGCUGAUCGCUCCCACUUAUCUAAU,...(.(((.......)))).....((.((((((((((.....))))).))))).))....,(((..(((.......)))..)))((((.(((((((((.....)))))).)))..))))..,-11.9,-11.9,-11.9
UUUGACAGUGGCGAGCCUAGAUGGGACACGUUCAAGUACUGAAACUGGGGGACUUCAAAA,(((((.(((......(((((.(((..............)))...)))))..)))))))).,(((((..........(((((.((.....)).(((.....)))..))))).....))))).,-1.0,-1.0,-1.0
UUGACCAUUGACUACGGGAAAUUUUCUGUUUCGUUCUCCAGGGAGGCCAAGGAGCUGUCC,((((...))))..((((((....))))))..((..((((..(.....)..)))).))...,...........(....)(((((.....)))))...((((.((....))..))))......,-1.3,-1.3,-1.3
UGGACCGAUACAUGGGUUGCUGGUCCUCAGACUAGAAAUAUCACGAUGUCAGUAAGGUGG,...((.(((((.(((((..((((((....))))))..)).))).).)))).)).......,...(((((((....(((..((((((....))))))....)))....)))).....)))..,-6.4,-6.4,-6.4
GCCAAAUGUGCGCGGAACGCAUUCUACAUAAACCCAUGGGACCAUCGACGGGUCGAAGGG,(((....).))..(((......))).......(((.(.((.((......)).)).).))),.......(((((.....)))))..........(((....((((.......))))...))),-4.0,-4.0,-4.0
CCCGUACAGCCGUUAGUCGCCUUGUUAUUACGAGUUAUAAUGUGACGCAUGCAUGCCACA,..(((..........((((((((((....))))).......)))))......))).....,...(((..((.((..(((((.((((...........)))).)))))..)))).)))....,-1.8,-1.8,-1.8
CUAUACGGGAAGCACCCCUUCGCCAUACGGGUAAACUGACUCGAGUGUCGAAUGGCGAAC,......(((.....)))..(((((((..(......)((((......)))).)))))))..,......(((......)))((((((((.(((....(((......))).))).)))))))).,-10.3,-10.3,-10.3
UUAUGCUCCUCUAUUACUGGCCGUUACGCACUUCAUGUAGCAUAGAUGGCGUAAACUAUG,...(((.(((((.(((((((..((...))...))).))))...))).)).))).......,((((((.(.(((((........((((((.......))))))))))).)))))))......,-2.3,-2.3,-2.3
UCCGUGAACGCUAAGCGAUAAUGUCUCGUAAAGAAACUGUUUCAGUGGGACCGGUUAUUG,..((....)).....((((((((((((.(...((((...)))).).)))))..))))))),........(((...)))(((((((((((........(((...)))))))))..)))))..,-3.1,-3.1,-3.1
GGCCGUACUUGCAAUGCUCCGUCCCGGAUAGCAUAUAAGGUCCUUAAGAAUUUAGGUUUC,((((..(..(((..((.((((...)))))))))..)..))))(((((....)))))....,.(((((....)).((((((((...)))..)))))....)))(((.((....)))))....,-3.3,-3.3,-3.3
CAGUAAUUAAGGGGCCUGUUAACUGAUUUUCCCAGACAGUGCCGUUAGCCAUGAAAAGAA,..((..((((.((..((((...(((.......)))))))..)).))))..))........,..((...(((..(((((((...(((.......))))))).))).)))))...........,-3.9,-3.9,-3.9
AUUCACCUUAGGCUAAACGAAACCGCCCUGCUAGAACCAGUGAAUGCAUUUGUGACACAU,((((((.((.(((....((....))....)))..))...)))))).(......)......,(((((.((.((((...........).))).........)))))))((....)).......,2.8,2.8,2.8
CCGGCGAUGAAGCAUUCAUAGGAUUUUGCCGGCGUGCAGAGGAUGUGUCCACUAAGGUGU,.((((((((((...))))).......)))))....(((.......))).(((....))).,.((((((..................))))))((.(..((.(((....))).)).).))..,-4.7,-4.7,-4.7
UCAUAGUAUCGGUACUGCAGGAGCCCUAUGGGCAUUACGGCCCUCGAUGUUACCGGUUGC,.....(((.(((((....(((.(((.((.......)).))))))......)))))..))),.......(((((((((.(((((((((...)))).)......))).)).)).))))))...,-5.1,-5.1,-5.1
UUUUGUACUCGAGCAACCUUUAAUUUUAAAAUUUGUGGAACCCCAGGCGGUAAGCGGUCG,....(..(.(..((..(((.................((....)))))..))..).)..).,......((((..((..(((..((((....))))...........)))..))..).)))..,1.4,1.4,1.4
GGGGGUGAGCUGGUGAACGCAAUUUGAGACACUCUGGGGCAGUAUAAGGUAGCACAGAAG,...((((...(...((......))...).))))((((.((........))..).)))...,.((((((......((....))........))))))..((((........).)).).....,0.5,0.5,0.5
AGAUAAGACACAUCAGACAGCCCGUAGAUCAAAUAUGGCGGCUCGUACUUGUGACGGUGU,........(((...((((((.((((...........).))))).)).)).))).......,.......((((.(((.((((((((((.......)))))..))).)....).)))..)))),-0.6,-0.6,-0.6
ACCAACCCAUAAUGCCAGCCCAAGGUUAUAUUCACGUGGUGUUUAUUCGUGAUACCGUGG,...((((.....((......)).)))).......(((((((.(((....)))))))))).,................((((...)))).....(((..((((((.......))))))))).,-1.3,-1.3,-1.3
UGAUGGGGUAUCCAGAAUGCGUAGUAUUGAAGAGUACGUGGACUCGGGCCUUGGUUCAUA,....(((((..((.((.((((((.(.......).))))))...)))))))))........,(((((((((..((.((.(.((..(((((....))))).)).).))))))))))..)))..,-3.5,-3.5,-3.5
AGGAGUAUAAGCCUACGGUAGCCACAGACGGAGGAGUAGUAUAUCAUUUGAGAUUGCGUU,...........(((.(.((........)).))))....(((..((......)).)))...,.......((..(((.((...........)).)))..))....(((......)))......,-1.8,-1.8,-1.8
CAUAAGAAAGUCUGCUCGGUUUAAAGGUGAUUCAAGGGCAAAGGGCCAUAGUAGCAUUUG,.......(((((((((.((.((....((.........))...)).))..))))).)))).,......(((..(((((.((((....(.(........).)....))))..)))))..))).,-4.0,-4.0,-4.0
UUCGGAUAUCACUUACUACGGGCAGACCAUCGGCAUCCAUUAGUUUGGGGGCUUCCAGAA,...(((..((.((.((((.((((.((...)).))..))..))))..))))...)))....,((.(((..((.(..((((.(((....((...))..)))..))))..)))....))).)).,-4.0,-4.0,-4.0
GCGACCUCCCUAAUUGCCAUUCUAUAGUUUAAUUAUACAAGGGAUCCUCACGGCCACUUC,......((((((((....))).(((((.....)))))..))))).((....)).......,(....)(((((............................)))))................,1.7,1.7,1.7
CACUACUGCUAAAUUACCCUAGAAGGGAUUCGCUUGAGGUAAUCGCUAUGGAUAGUUUUC,.((((((((...(((((((..(((....)))....).)))))).))...)).))))....,..(((..((...(((((.((..(((.(...).))).))))))).))..))).........,-3.2,-3.2,-3.2
GAGGUGUAGUCCAGCCCUUAUUUGUUACCCGGCCGAUCCGAGAUAUGCACGUACGUCCAA,((.(((((....(((........)))..(((.......)).)...))))).).)......,((((.((......))))))..........(((.....)))....................,3.2,3.2,3.2
UCUUCAGGUAUUACGUCCAGGACUAUAUGAUUAGCGAAUAUUGUUCUUAUGGUUUAAAGC,......(......).....((((((((.((...((((...)))))).)))))))).....,.((...((........))))(((((((.((.(((......))).)).)))))))......,-3.0,-3.0,-3.0
ACUCUGCCUCCGGGGCCCCUGUCGCUAAUGGUCUACUAGCGCGAUGGUGAUGCAUGGGCC,......((....))((((.((((((((.((((......)).)).))))))))...)))).,...(((....)))(((((.(((.(((.((.((((...)).)).)))))...))).))))),-12.9,-12.9,-12.9
GACACGUCUCAGUGACGACUCACCUCGAUACAUGAGAUCGAUAUCGGAGCAUCUCUUUCU,((..(((((((....(((......))).....))))).))...))((((...))))....,..(..((((((((((....)))).........)))))).)......(((.......))).,-2.7,-2.7,-2.7
AUCCGAUAUUUAGGUACAUCUUUUUACUCGGUCGGGAUACCUAAAUUCCAAUUCUUGGAC,.((((((((((((((..(((((...((...)).)))))))))))))...)....))))).,.......(((((((((..(((............))).)))))))))(((((...))))).,-3.4,-3.4,-3.4
CUUGGCGGUGGUGAAUGUGCUUUCGGCUCCGAACACUCUUUGCUUCACUACGUCUACUUU,...((((.(((((((((((..((((....))))))).....).)))))))))))......,..(((((.(((((((.(((((...)))...((....))...))))))))))).)))....,-6.7,-6.7,-6.7
UGCAUGGCGGGGUUCUUGGCUGCUGGGUUUAUUCCCUAGAACAAAAACCAGCACAAAAGC,..........(((..(((.(((..(((......))))))..)))..))).((......)),.....(((..((((.(((....(((((.......)))))..))).)))).)).)......,-6.8,-6.8,-6.8
GUUCGUCGGAUGCCACUUCUUCCCCUAGUCUCCAGUCUGGCGUUUCUACAUGGACAAACA,(((.(((.(((((((((.((......)).....))..)))))).......).))).))).,((((((.(((((((............((........))))))))....))))))).....,-1.4,-1.4,-1.4
GCGGCGCCGAUGGGGCCGAAAAAAUUCCAACCACCAGGCAUUAGGAGAAUUAACUCAGCG,.((((.((....)))))).......(((.(((....))...).)))((......))....,.((((.((...)).))))....(((.((........)).)))..(((......)))....,-7.3,-7.3,-7.3
GUAUCCUUGGUGACAUGAAGGGACGCUGAAUACAUAUCACCCCACCCAGAUGGUACACGC,(((((.((((((...(((((.....)).........)))...))).)))..)))))....,(((((((.((((.......(((.....(....)......))))))).))..)))))....,-3.4,-3.4,-3.4
GGGCCAGAUGAUCUUUCGGAGUUGCUCCCUCGGCUUGGCUACCCCUAGGUAACUGCGGAC,..(((((.(((......((((...)))).))).).))))....(((((....))).))..,.((((((..(..((...((((...))))...)))))))))..((.(((....))).))..,-9.4,-9.4,-9.4
AACUCCCUAUGUACCUGCUGUAUUCUAAAGAAUGAGACAGCGCUAGAGCUCUCCGGAUUU,...(((....(...(((((((.(((........))))))))...))....)...)))...,.....((...((.(.((((((((((....))))...))))))...).)).....))....,-3.3,-3.3,-3.3
UACAACUGUUACUAUCUUUUGUGUCGUUUUGGAUUCUCCUUAAGGUCCGUGUAAAUGCGC,....................(((.(((((((((((........))))))...)))))))),.((((..((....))...))))........(((.(((.....))))))((((....)))),-0.7,-0.7,-0.7
CUGUGGACCAGGUACGCAUAGCCUCGUUUGUGUAAGACUUGCUUUGCGCCCACGCAGCCC,(((((.....(((..(((.(((....(((....)))....))).))))))..)))))...,((((((....(...((((.(((...((((.....))))..))).)))).)).)))))...,-9.9,-9.9,-9.9
UAUGUCAUCUGGCCGCGUACCCUGUCGGCACAAGUCAGACAAUAUAACAGUCAAGUUAUC,..((((..(((((((((.....)).)))).).))...))))...((((......))))..,......((.(((((((.......)).))).)).))........(((((......))))).,-4.1,-4.1,-4.1
UAUAGUGAGGGAAACUAUCUUCGGAGAGAACUAGCCCAUGUAUAAGUAAAGGAGUCUCAU,.....(((((((...).))))))..(((.(((..(...............).))))))..,..((((......).))).(....).((((.((...((.(.........).))))))))..,1.8,1.8,1.8
GAAGCCCGCUUGAACGUGGCAGAUUCCGUGCGUUAGUUGUACUGAUUGAAUCGCUAUCGC,...(((((......)).))).(((((.((..(.((....)))..)).)))))((....)),(((((((((......))))..(((((.((((.......)))).....)))))))).))..,-4.5,-4.5,-4.5
UAUGCUUAGGACGGGCUUGGCACGAAUUGACCUGAUAACUCCCCCGUCGCACUGCUAAGG,(((((....((((((.(((................)))....))))))))).))......,((.((....((((((...((((.(.......)))....))..)))))).....))))...,-4.3,-4.3,-4.3
AUGAGAGUCAGAAUCCUUCCCCGGGCGUAGUUCUGGAUGUGUCGAGCUACUUCAGUCCGU,..(((.(.......).)))..((((((((((..(.((....)).))))))....))))).,..(.(((........))).).(((((..(((..(.(......).)...)))...))))).,-2.1,-2.1,-2.1
AACGACAACACAAGGUGCUCGGGAUAACCGGAUCGGGUGUCUCUCUUAAUCCGCGAAAAA,...(....)....((...))(((((.(((......)))))))).................,..............(((....(((((.((.....)).))))).........)))......,-2.3,-2.3,-2.3
GAAGGCGGUUGGGGUGCAUACCUGCCAUACCAAUUCGUAUAUUUCGUCGUCUCCUCCUGC,((((((((((((..((((....))).)..))))).)))...))))...............,(.((((((((((...((......))....))))).((.......)).)))))...)....,-2.1,-2.1,-2.1
AUCCCCGGGCAGAAAACUAAGUACAAAAGGGACGAGGAGGCGGCGAGACCAUGCUUAAAC,..(((...((..........))......)))..(((.((((.....).)).).)))....,.((((..(...............)....))))(.....)..((((......)))).....,0.2,0.2,0.2
GUGAUUCUACCUAGCCCAUCUAAGACAGUGCUCCAAUUACCCAGGCUCAUACUACGAUUA,.(((((.(....((((....(((((......))...)))....))))......).))))),((......))...(((.....(.((......))...)......)))..............,1.2,1.2,1.2
CGAUGUCCGGCUAGCGACAUAAACUGUAUGCAUGGUCGUUGUGAGAUACUCGGCGUCAGC,((((((((((((((((((.......)).))).))))))......)))).)))((....)),.((((((((((((((.(((.....)))..)).))))))....(((...)))))))))...,-6.2,-6.2,-6.2
AAGUGCUGUUCCUGUUUAACUAUCCCCUACUAGACCAUACCAGGGUUCAUUCAAUGCCUU,(((.((.(((((((((((............))))......)))))........))))))),.......(.(((((.(...(((........))).....).))))).).............,2.7,2.7,2.7
UGCCCCCUUAACCGUGCGGUACGCUCCGGGCUAUUAUUUCGUCGAAAUGCUAAGGAGCAC,....(((........).))...(((((.(((.(((..........))))))..)))))..,..........(((....)))..(((((.(((....(((((...))))))))..)))))..,-8.2,-8.2,-8.2
CGUUGAGGUCGUCGAAGGCCGACGGUACUAGAAGAUCGUAUGUAAGAUGCUGUCGCCUAG,..((((.....))))((((.(((((((.((.((.....).).))...)))))))))))..,..((((.....))))(((.(((((((((....(.((...)).)..).)))))))))))..,-9.5,-9.5,-9.5
GGGAUCGAUACACCCUAGCCUUUAUCCAUAUAUGGAACUGUCACUGGAGAAAGUACAUUU,(((.........)))....(((..((((.(((......)))...))))..))).......,(((.........)))..((.(((.((((.....(((....)).))))).)))))......,-2.9,-2.9,-2.9
UACGUGAUUAGUAAGAAUGCACCAGUUCAUGUUUGCGACGAGGUAGAGGACCUGUCGGCU,.((((((((....))...........))))))...((((.((((.....))))))))...,.(((((.(..(((....)))...)...)))))..(((((.((((.....))))))).)).,-7.4,-7.4,-7.4
UACAUUGCCGCUCAGGCUUUGCCUGCGGGGCGUUCUACAUUGUACGUACGCCAGAGCCUC,..((..(((.....)))..))....(..(((((.(..........).))))).)......,.......((((..((((...))))))))((((((.(((...))).).)))))........,-4.4,-4.4,-4.4
GCCGGCCAGACGUGUGAUUGCAAGAAAGCAGCUGGAUGCCGCGCGACUCCGCUACACUUC,(.(((.((..((.....((((......)))).))..))))))(((....)))........,(((((((((.(.(((............)))))))...)))).))................,-5.8,-5.8,-5.8
