sequence,s1,s2,sE_500,sE_5000,sE_10000
GGGCAGUAGUGUCCUACUGCCCAACCCGGUAGAGGGAUCGAGUGGUCUAGGCGAAUGAUACGAGAGGCUCACUGGGGACGAUGGGAGUGAUCUACUCGAUGUUGCGUCCGAUCACAUCCA,(((((((((....)))))))))..((((((.(((...((..(((.((.........)))))..))..))))))))).....((((.((((((....((......))...)))))).)))),(((((((((....)))))))))..(((......)))...((((((((..((((....((.(((((((.(((((.....(...)..)))))))).))))))....)))).)))))).))..,-23.1,-23.1,-23.1
UGAUGACGGGGGAGCCGUGACAUGGCGGCCACCGCUAGUCGGCCUACGCUUUAAAACAUAUGCUGUUAUCAGACGCCAGUCCAUCUUCGGUCACGAGCGCCUGGUACCUUCUUAAGAAGU,((((.....((..(((((......)))))..))....))))......((.(........).))...((((((.((((.((((......))..))).))).)))))).((((....)))).,((((((((((.((((((..((.((((((...)))))))))))).).).))).............)))))))...(((((.(....((((....)))).).)))))..((((....)))).,-12.4,-12.4,-12.4
CCGCGCCAGCGACGGAUUGCUCACUAAAUCUACAGGAGUUAUAGAUCAGCAUCCGGACUAAUGAGACGUGGCAUUUCCACUGGUUAUAUCACUGGCGAGUGCCAAUAACUACCUUCGUAG,.(((....)))..((........))....(((((((((((((..((.((........)).))......(((((((((((.(((.....))).))).)))))))))))))).)))..)))),.(((....))).(((((.(((.((((.(.((.....)).).))).).))))))))..((....))....((((((((((.((((...)))).))).))))))).....((((....)))),-13.3,-13.3,-13.3
GAAACCCUUGUAUUUACAGUAAAAUAAUUCAUAAGGCAGGUAUCUACCAGGCUCCGAGCCAUUCCAAACUGAACAGAUAUCGAAUUGAGGAUGUACAGAGAAAUCCUGGGUGUGAAACGA,.....((((((...................))))))...((.((((((((((((.(...((((((((...((.......))...))).)))))..).)))....))).)))).)).))..,.....(((((((.(((........))).).))))))..(((....))).((((...)))).(((......)))......(((.(((.(((((..........))))).))).))).....,-5.8,-6.4,-6.4
AGCGGAGGGGUCUAGUGGUCACAUCCUACGAGUUCGGGGCACCGAACAAAUCGAAGUCUACCGAGAUAGGGCGUUCGUUAGGCGGACGCUAGCCCAUCAUUUCUCAUGGUUCAUUGAUAC,....((.((((...((((.......))))..((((((....))))))....(...((((....)))).).((((((((...))))))))..)))).)).....(((........)))...,....(..(((.(((((.(((.(..(((.(((((((((....))))))........((...((......))))..)))..))).))))))))))))..)...((..(((...))).))...,-22.7,-22.7,-22.7
GUACCGAGAUUGCCUGCCUGCCGUGGCAAAUACGCGGGUCGCUCCGAGUACCCAACCUAGUAGUUAAUCGAUGCUCAAGCGAAAUUGUCGAUGGCGCCUCCGAAUGUUAGUUGCUAUUAC,((((((.((..((..((((((.(((.....))))))))).)))))).))))......(((((((.....(........(((..(((...)))..))).........).....))))))).,((((((.((..(.(.(((((.((((.....))))))))).)))))).))))...(..(((((.((((((((.(((((..(((.....))).))).)).).)))...)))).))))).)..,-15.6,-15.6,-15.6
CCUGCGCUCAAAAAUUUUUGGUUAGCACUGGGGUGACUUAUGGCUAAGGUCUAAGCAACCAUCGUCCAUCCGACACACUAUGCUACCGACUCCAUCUAACGGACAAGACCCAUCCUUCCU,...................((.(((((.(((.(((.(..(((((.(.(((.......))).).).))))..).))).)))))))))).............(((...(.......).))).,.................((((.((((...(((((..((((.(((....)))))))..))).))(((.....))).......))))))))...........(((.........))).....,-8.8,-8.8,-8.8
CGUCACUCUAGUGCUGGUCGACGGAUAAUGAUCUGUGAGCGUUCUUUCAUGGUUGGCUGCGAUAUAUCACAGGCGAUUCAUCCUAGUCGCGAAAAGGGUUCAAACGCAACAUUCGUGACC,.(((((.(.......))).)))(((((((...((((((........(.((.((.....)).)))..))))))...))).))))..((((((((....((......))....)))))))).,.(.(((....))))((.((.((((((....)))))))).)).......(((((((.(((.((....)).))).)))).)))....((((((((....((((....).))).)))))))).,-9.9,-10.3,-10.3
CGGCCAAGAGAAGCACCGCUACUCCGAGCGGUACCCAAGUCCUUGUGCAACGUGAUAGUUCCGGGAGUACAGCUGGGGAAUGAUCGAAUUGAACGGUAAACUCACGACUUGAAUGAUCUG,..............((((((......))))))...((((((..(((.(((..((((.(((((...((.....))..))))).))))..))).)))..........)))))).........,..((........))((((((......)))))).(((.(((...(((((..((.((....))))...)))))))))))....(((((..(....((.........))....)..)))))..,-9.4,-9.4,-9.4
GCCAAGAGGUGUUGUACGAGAUCGGGCAGGAUUUGGGUCUUCCAAAAGACUUUUCAGCAAACAACGGAUGCGAGAGAUCCAACUCACGAGGUAAGUCUCAAGCGGAACGCCAGGCCCGGG,(((....)))...........((((((....(((((.....)))))((((((.((..........((((.......)))).........)).)))))).....((....))..)))))).,(((....)))...........((((((.((..((((((((......)))))...))).......((..(((..(((((...(((.....)))..)))))..)))...))))..)))))).,-13.0,-13.0,-13.0
AUGUUACCGUGCUUCAUGUGGUGGGGUCCUGGAGGCACUGGUUCUAAGUUAGAGGCGUACAGCGGGGAAAUAAUGUAACCCAGCGCAGGGCUCCAGUGUCACGAGCCUAUGCUCGACUCC,((.((((((.........)))))).))......(((((((((((((...)))))((.....))(((............)))(((.....))))))))))).(((((....))))).....,.....(((.((((......)))).))).((((((.(.(((.(((((...))))).).....(((((............)))...))))).)))))).(((..((((....)))))))...,-20.2,-20.2,-20.2
UUCGCAGAGGCAGUCUCGCAUAUACUAUUUUAAAGCGUGGACUCUGCGGAAGGGAUGAUGUAAAUCGCGUCGGGUGAAUUCUUCGCAGUGCUCGUCGUAGAAGAACUAGAUGCCAGUUCG,(((((((((....((((((...((......))..))).))))))))))))...(((.......)))(((((..((...((((.(((.......).)).))))..))..))))).......,(((((((....((((((((...............))).))))))))))))...(((((.(((..(.(((..((......))..)))).))))))))......(((((.......))))).,-14.8,-14.8,-14.8
GGGGAGUUCUACAACGGAAAGGAACAGGACGCUCAUGCACGGAGUGUGUGCCGGAUUGCAACCGUUCACGCAGUAAGUAGGGACCUGACAUGCCAGCCUUGAGUUCUGAUAUAAGGUCAG,.(((.(((((....(.....)....))))).))).....(((((((((((.(((.......)))..)))))......(((((..(((......)))))))).))))))............,(((..(((((....(.....)....))))).)))..(((((.....))))).((..((((...((((..((.....))..)))).)).))..)).((((((.((....)).))))))...,-10.0,-10.0,-10.0
CUAUUGACGAUUCCAGAAGUUGUCUCAUAAGUCAUUGGCCGACCACGGGGCGACAGCUGCUCGCCGAAACACCAACUAUAUCGGAGUAUCAGAUAUUGCUCUAUGAGAGUAGUUCACUCU,.....(.(((...(((..((((((((....(((.......)))...))))))))..))).))).)................(((((((........))))))..)(((((.....))))),.....(((((((.....)))))))..........(((((.((....(.(((....))).))))))))......((((((.((((((((........))))))..))..))))))......,-11.0,-11.0,-11.0
CCUGGAUGCAGAACCCCGUUACUGACCGCCUGCUAGUCAGGUUGUCAGUCUGUUUUUCGACCCGGACCCCGUAAAGACCCUGGCAAACAUUUCCCCGAAACACGUCGCGGGACGUAAGUC,.(((....))).........((((((.(((((.....))))).))))))...........((.((.....((....)))).))........(((((((......))).))))........,((((..(((((.....(......).....)))).)..)))).((((((...((((((((..........)).)))))).)))))).((.(((((((((......))).))))...)))).,-14.2,-14.2,-14.2
UUCGACUGGUAGGGUCCGAAUUGCGGAUAAGCUUUCUUUGCCAGCCGAAGUGACACCCCCCGAUCGCGAUGCGCCAAUCUAUGAUCUCCGCUGUGUGUGAAGGGGAGACAACUGCGGUUG,((((.(((((((((((((.....)))))...)).....)))))).)))).............((((((((......)))..((.(((((.((........)).)))))))...)))))..,((((.(((((((((((((.....)))))........)))))))).)))).......(((((..((((.((((((...............)).)))))))).)))).).((((....)))),-16.3,-16.3,-16.3
AGCCGCGCAAACUGGGAAGCGCGAUCUGUGGGUGUCUUCGACUUCCGCUCGAGCCACCUUACAAGAAAAUGAGAGAAGCCUGGCGAGUCGUUCGAUACCGUGGUAAGUGUCUGUAAUUCG,...(((((..........))))).......((((((..(((((..((((.(.((...(((.((......)).)))..))).)))))))))...))))))......((...))........,...(((((..........))))).((((((((((.(.((((.......))))).))))).)).)))...(((.((..((.(.(((.............))).)...))..)).....))),-7.1,-7.1,-7.1
CCCUCAAAGCUGUACAAAUACGAAGCGAUCUACUUUUGUAACGGAGUCAUUGAGAAAGAUUAAAAAUCCGCGUUAACGGUUGGUCGGCGGGGGAACCGUAAAUUGGACCACUUGGGCCAU,..(((((..((((((((..................)))).)))).....))))).............((.((((.((.....)).)))).))...........(((.((.....))))).,(((((...((((..(((..((((((........))))))..((((....((((......))))...))))((....)).)))..)))))))))..........(((.((.....))))).,-9.4,-9.4,-9.4
GUCCGUCUGGUUAUCAGCUCGCAACAACUGUCGUCAGGGUAAGGCCGGGAGUGCAUCUCUAGGACUCACCGGGAAGCUCCUUCUGAAUCACAACUUUUUGUAUUUUCGUAAAUUUGGUGA,(((...((((......((((.(.......(((..........))).).))))......)))))))(((((((((...))))...((...(((......)))....))........))))),((((..((((((....((((((.((....)).))..))))..))))))(((.....)))..))))(((((.(((((...)))))(((..((((....))))...)))........))))),-7.87,-7.87,-7.87
AAUGUCAUGUACAAGUACUCGUUUUCCUCCUGGAUGUCAGCUAGCCGAUGUAUAACGGACUGACCUAAUAAGAUGUAGCCUUGCGACUUACGUGCAAUUUAGAAGGGGUCAUAUUAGAUA,...((((.((.(..(((((((.((.....(((.....)))..)).))).))))....)))))))((((....(((...((((.(.................)))))...))).))))...,..(((.....)))...........(((....))).(((((....(((........))).)))))((((((.....(.((((((((.......))))).........))).)))))))...,-7.7,-7.7,-7.7
UUUGUCCCACAAAUAGUCGCGCCUGGCCUCAUGGUCCGGUUACAUGGGGGUCUCGAUUAUUGCAGAGUGCCGGUGCCUUUGAAGUGAUCUGCCUACGAGCCAUACGCCCAACUCCGGUUA,.((((...))))..(((.(((..((((.....(((..((((((.(.(((((.(((......((.....))))).)))).).).)))))).))).....))))..)))...))).......,.((((...))))......(((..((((((((((.........))))))(((...(((((((.(((((.((....))))))).))))))).))).....))))..))).............,-11.24,-11.24,-11.24
CGGGUUCAUCCGCAAUAUAUGAUACCCGCAGGGCCUCGGACCGCGACCACCUAGAAUGCUCCAUCCAGUGAGAAAACGUGGGGUCAUUUGAAGCUUCCCCACGAAGAUACGUGUGAUUUC,(((((((((.........)))).)))))..((((.(((((....((((.((.......(((........))).......)))))).))))).))))..(((((......)))).).....,(((((((((.........)))).)))))..((...(((.....)))...))...........(((((.........(((((((.............)))))))........)).)))...,-12.1,-12.1,-12.1
GGAAUACUACGUAUAUGAUAUGCCAACCAAUAUCCUUCGUGCAUCAUCUCGCGUCUUAGAUUUAUUACUGACGGACUCGGUCACAUGUGGCAGUAUGAAGCUGGGGUUAUGAAAAGUGGC,....(((...)))........((((....(((.((((...((.((((((.(((....(......)..)((((.(...).))))......)))).)))).)).)))).)))......)))),...((((...)))).......((((....((((((((((((......((((.(((((((........))))..))).))(((......)))))))))))....)))).))......)))),-5.0,-5.0,-5.0
ACUCGAGGCCUCGUAACCCGACCCAAUGGGAUCCGAAUAUAUUUUCGCCUCCCCACAUUUCCCGCGUGGCUAGGUACCUGAUGAAGCGAUUUUGUAGUAUCAGCGCACGUAGUGAGCGAU,....(((((...((..((((......))))))..............))))).......((((.((((((((.((((.(((..((.....))...)))))))))).))))).).)))....,..(((.((........))))).....(((((..((((......))))..))).)).......(((.(.((((.((.(((((((..(((....)))..)))))).).)).)))).))))..,-13.1,-13.1,-13.1
UUGCAUCCGUUUACGGACAUGGAGAUUGUGCAGUAUACCUGACCAAUCUUAAUAGAUUGUUGCGUUAGAAGCAGAUGCAAGGUGGGCGCUUGAAUCUCCAGCAGGUCUUGCUUCCACUGG,(((((((.((.((((.(((.......))).).)))...(((((((((((....))))))....)))))..)).)))))))((((((.((..((....((....))))..)).))))))..,(((((((.(((((((((((..(((((((.((((.....))).)))))))).......)))).)))...)))).)))))))((((((.((..((............))..)).))))))..,-23.6,-23.6,-23.6
GCGUGUUAUAUGUGUGAGUGCCGCGACCGGACAUGAACCGCGAUUCUAGGGAUCGGAUCUGGUUGAAGUCCGAUAGGCCCGGCGAUUGUAUGAAGGCAAUUUCAACUUCCACUUUCGGAU,((.((...)).))......(((((...(((((.(.(((((.(((((........)))))))))).).)))))....))..)))((((((......))))))......(((......))).,..((.((((((.(((..(.(((.....(((((.(.(((((((((((...))))))...).)))).).)))))...))))..)))...))))).).))..........(((......))).,-20.6,-20.6,-20.6
CCGGAUUGCCUUUAAUACUACGUACGAAUGGUAGUAUAGUGGUACCGUUAUACAGCUUUCCAUCACAAAUGAAUCACCCACUAAAUAACCCUAGGUUGCGAGGUGCUUUUGACGCUCCAU,..(((..((............(((..(((((((.((...)).))))))).))).))..)))............(((..((((...(((((...)))))...))))....)))........,.(((..((((....(((((((.........)))))))...)))))))..................((((.(...((((.....(((........)))....))))).)))).........,-4.2,-4.2,-4.2
GUGGUGAACGACCCAUUGGUGUACGGCGUUAGCCGCGCGGGCCACAGCUUCGUGUGUGCGACGGUAUCAUGAUAGAACUUGUUCUCGGUUGACAGCUUUUGGCGCGUACAGGAUGAGAUC,..(((.....)))((((..(((((.((((((((((((((.(.(((......)))).)))).)))).........(((.(((((.......))))).)))))))))))))).)))).....,..(((.....)))((((..((((((((((((((((...((((.....(((((((...((....))..))))).)).....)))).))))))))........)).)))))).)))).....,-19.57,-19.57,-19.57
AUAACUGCGGACCGGCGAGUGGGACACUUUUGGACCCAAUGUUUGAGCUACCCCUAAUGAUUACGGAGGCCUGUCGCGGAUUCCUGUCGUAAGGCUAAAAUUUAGGGUCAGAAGCCAUCC,...(((((......))).))..((..(((((.(((((...((((.((.....(((.(((((...((((.((......)).)))).))))).))))).))))...))))))))))...)).,....((((......)).))..((...(((((((.(((...(((..((...((........(((((((((.(((...)))...))).))))))))))..)))...))))))))))))....,-16.8,-16.8,-16.8
GCCAUCAAGCGAAACUCAAUGGAGGGAAGGUUAGAACAGACUUUGGGGGGUUACUGGAGCGUCCGACUAUCGUAGCGUCAAUGUAGUGCGUGUCCCUGCUAGCGAACGACCUCUAUCGGG,((......))....(((.(((((((....(((((....(((....(.(.(.((((((.((.(.(((...))).))).)))..))).).).))))....)))))......))))))).))),((......))....(((.(((((((.((((((......))))))(((.(.((....)).).))).....(((((((....((((...))))......)))).)))....))))))).))),-14.7,-14.7,-14.7
ACUUGUUCUUGGAAAAAGUUUCACAGGAACUACGAGAAAUGAAACGAUAAGGCAUUCAGACGAUUACUGGACAUCACCUAAGUCGCCACUCGACGUACUGUUACCUAGGUCCGUCUAACU,....((((((((((.....))).)))))))...(((...((...((((.(((..(((((.......))))).....)))..)))).)))))((((.(((........))).)))).....,....((((((((((.....))).)))))))...............((........))(((((....((((....((.....((((.....))))....))....))))...)))))....,-8.7,-8.7,-8.7
UGGCUAUGCCUAGGCAAGGGACUUAGCCUGACAUGAGCACAUCCCUCAUAUCUCCGCCCAGGAGGAGAGUGCCGCACAGUGUCUCAGUACCGUGUCUCCAACGGGUAAUACGCAGUGGCA,((((.(((.(.(((((((...))).))))).)))..)).))...(((...(((((.....))))).))).(((((...((((.....((((((.......)))).))))))...))))).,.(((((..(((......)))...)))))....(((((.......))))).(((((........)))))..(((((...((((.......((((.......)))).....)))).))))).,-21.5,-21.6,-21.6
CCCAUUAUCCUGAGCAAUGCUCCGCGGUUCUCGUUAAGGUAUUUAAGGCGUCUGGACGAGCAUCCGGAAUCUCUUCAUCCUGUCAUGCGUUUUACAGCUAACAACCCGCUAAACCGUUCC,...........((((...)))).((((((...((((.(.(...((((((((...((((.......(((.........)))))))..)))))))).).))))))))).))...........,...........(((.....))).((((((.......(((.....((((..((((((......))))))..).)))...))).....((........))....)).))))...........,-8.8,-8.8,-8.8
ACUAUGAGCUCCUAGACGGCCCGGUUCCCGUCUCACGCUAGUGGUCUCACGGCAGCUUAGAUCAAUGUGUGCGAUGGCUAGUUUGCCAUGCUUACCAGUCGGAUGUCCAAUGCAUACAUA,....((((((((.....(((((......(((...)))...).))))....)).)))))).....(((((((((.(((...(((((.(.((.....))).)))))..))).))))))))).,....((((((((.((((((........))))))(((....)))((...)))).)))))).....((((((((.(((((......)))))((...((....))..)).....)))))))).,-20.5,-20.5,-20.5
CUCCAACAGUGGGACCACUUCUGCAAUAGGUUUAGUGGUUAGGCAGCCGGUCUGGUGGCCCGGCGUUUAGUAGGAUUCAGUGCAGUUAAUAGUACUACUAAUCCCCGUGAGAACAGGUGA,.((((....))))..(((((((.((...((.(((((((((((((.(((((((....)).))))))))))(((........)))..........)))))))).))...)))))...)))).,((((....).))).(((((.((......))...))))).(((((.(((((((....)))).))))))))...(((((.(((((........)))))...)))))((((....)).))...,-19.4,-19.4,-19.4
AUGAAUCGUUUACGCACAUCCUGUGAUGCAUUUGCUCGGUCCUUGAUCGGUGAAGCAGUUCGGCUGCACAUGAGUAUGGCCCGGGGUGAAGUUUCGGCUUACACUGUCGAUGGCAAUCUU,................(((((((...(((.(((((.((((.....))))))))))))....(((((.((....)).))))))))))))..((((((((.......))))).)))......,................(((((((.((.((....))))((((..((.(((.((..(((((...))))).))))).)).)))))))))))..((.(((((.......)))))..))......,-15.8,-15.8,-15.8
GCUCUAUUCCUAUAAUUGCAUCGUGGCUCCGGCGGGUAGAGAGUUGUCUCUCCGAGCGCCGCACUCUAAGCCAAUUGAGAUCAUAAGGGACCGGAGAGUCGGGCUCUUCGUCGCCACUCA,((...............))...(((((..(((((((.(((((....)))))))...))))).........((...((....))...))((.((((((((...)))))))))))))))...,((...............))...((((...((((((...(((((....))))).((((.(((.(((((...((..(((....)).)..)).....)))))))))))).))))))))))...,-21.3,-21.3,-21.3
GGCCAAACCUCAAACACGUCCCGGCUCGGCGUCUAAAACAUUAACCUCAGUUAUAGUAUGCGGACCUCGUCUGACGGGAUCCGUUCUGAAAAACCCGGGGAGUAAAACUUCCCCAGAUGG,((.....))..........((((...(((.((((...((..((((....))))..))....))))).)).....))))..((((.(((........((((((.....))))))))))))),((.....)).......((((..((..............(..((((....))))..)...(((((.(((((...))))).)))))..........))(((((((...))).)))).)))).,-13.0,-13.0,-13.0
CUGUCCUGGGGGAGUAACCGUCUCUGGUGCAGGCUGCUGCUACUCCACUUUGAGUGACGAUGUAAGUCACCUCGCGUGACCUGACGACUCCUGACGCUGUAGUUGGCAUAUUGUCCAAGG,.((((..((((((((((((......)))((((....))))))))))....((((((((.......)))).))))(((......)))..))).)))).......(((((...)).)))...,.((((....((((((...((((...((((((((..(((..(((((((((...))))..)).))))))..))).))...))).))))))))))))))......((((((...)).))))..,-17.0,-17.0,-17.0
AAUUCUUUUAGCACGAGAGGAUACGUUCGCUGAUAAAACCAAUAGCUGCUCAUGUCAUUAACGGUUAACCAAACCUGCGGUUUAUUGGUGUGUCUGCCUAGCCACACACCUGCAACCAAC,.((((((((.....)))))))).((((...(((((....((.....))....)))))..))))............((((.......(((((((.(.....)..)))))))))))......,..(((((((.....))))))).......((.((((..((((((((((((...........................)))))).)))))).)))).)).......................,-8.8,-8.8,-8.8
